term,definition,ipa,part_of_speech,example_en,example_vi,cefr,notes,card_type,topic,subtopic,toeic_part,difficulty,pattern,collocations,word_family,explanation,tags,audio_text,source
agenda,chương trình nghị sự,,noun,The manager reviewed the agenda before the meeting.,Người quản lý đã xem lại chương trình nghị sự trước cuộc họp.,B1,,VOCABULARY,Office Administration,TOEIC Workplace,5,2,,,,"Từ vựng trọng tâm theo ngữ cảnh TOEIC; học cùng ví dụ, word family và collocation.","toeic,v4,office-administration,workplace",The manager reviewed the agenda before the meeting.,YangLingo TOEIC Expansion v4
appointment,cuộc hẹn,,noun,The manager reviewed the appointment before the meeting.,Người quản lý đã xem lại cuộc hẹn trước cuộc họp.,B1,,VOCABULARY,Office Administration,TOEIC Workplace,5,2,,confirm an appointment; make an appointment,,"Từ vựng trọng tâm theo ngữ cảnh TOEIC; học cùng ví dụ, word family và collocation.","toeic,v4,office-administration,workplace",The manager reviewed the appointment before the meeting.,YangLingo TOEIC Expansion v4
attachment,tệp đính kèm,,noun,The manager reviewed the attachment before the meeting.,Người quản lý đã xem lại tệp đính kèm trước cuộc họp.,B1,,VOCABULARY,Office Administration,TOEIC Workplace,5,2,,download an attachment,,"Từ vựng trọng tâm theo ngữ cảnh TOEIC; học cùng ví dụ, word family và collocation.","toeic,v4,office-administration,workplace",The manager reviewed the attachment before the meeting.,YangLingo TOEIC Expansion v4
authorization,"sự cho phép, ủy quyền",,noun,The manager reviewed the authorization before the meeting.,"Người quản lý đã xem lại sự cho phép, ủy quyền trước cuộc họp.",B1,,VOCABULARY,Office Administration,TOEIC Workplace,5,2,,obtain authorization,authorize (v) → authorization (n),"Từ vựng trọng tâm theo ngữ cảnh TOEIC; học cùng ví dụ, word family và collocation.","toeic,v4,office-administration,workplace",The manager reviewed the authorization before the meeting.,YangLingo TOEIC Expansion v4
briefing,buổi phổ biến thông tin ngắn,,noun,The manager reviewed the briefing before the meeting.,Người quản lý đã xem lại buổi phổ biến thông tin ngắn trước cuộc họp.,B1,,VOCABULARY,Office Administration,TOEIC Workplace,5,2,,,,"Từ vựng trọng tâm theo ngữ cảnh TOEIC; học cùng ví dụ, word family và collocation.","toeic,v4,office-administration,workplace",The manager reviewed the briefing before the meeting.,YangLingo TOEIC Expansion v4
clerical,thuộc công việc văn phòng hành chính,,adjective,She has several years of clerical experience.,Cô ấy có vài năm kinh nghiệm làm công việc hành chính văn phòng.,B1,,VOCABULARY,Office Administration,TOEIC Workplace,5,2,,,,"Từ vựng trọng tâm theo ngữ cảnh TOEIC; học cùng ví dụ, word family và collocation.","toeic,v4,office-administration,workplace",She has several years of clerical experience.,YangLingo TOEIC Expansion v4
correspondence,"thư từ, trao đổi bằng văn bản",,noun,The manager reviewed the correspondence before the meeting.,"Người quản lý đã xem lại thư từ, trao đổi bằng văn bản trước cuộc họp.",B1,,VOCABULARY,Office Administration,TOEIC Workplace,5,2,,,,"Từ vựng trọng tâm theo ngữ cảnh TOEIC; học cùng ví dụ, word family và collocation.","toeic,v4,office-administration,workplace",The manager reviewed the correspondence before the meeting.,YangLingo TOEIC Expansion v4
deadline,hạn chót,,noun,The manager reviewed the deadline before the meeting.,Người quản lý đã xem lại hạn chót trước cuộc họp.,B1,,VOCABULARY,Office Administration,TOEIC Workplace,5,2,,meet a deadline; miss a deadline; set a deadline,,"Từ vựng trọng tâm theo ngữ cảnh TOEIC; học cùng ví dụ, word family và collocation.","toeic,v4,office-administration,workplace",The manager reviewed the deadline before the meeting.,YangLingo TOEIC Expansion v4
filing cabinet,tủ hồ sơ,,noun,The manager reviewed the filing cabinet before the meeting.,Người quản lý đã xem lại tủ hồ sơ trước cuộc họp.,B1,,VOCABULARY,Office Administration,TOEIC Workplace,5,2,,,,"Từ vựng trọng tâm theo ngữ cảnh TOEIC; học cùng ví dụ, word family và collocation.","toeic,v4,office-administration,workplace",The manager reviewed the filing cabinet before the meeting.,YangLingo TOEIC Expansion v4
memorandum,bản ghi nhớ,,noun,The manager reviewed the memorandum before the meeting.,Người quản lý đã xem lại bản ghi nhớ trước cuộc họp.,B1,,VOCABULARY,Office Administration,TOEIC Workplace,5,2,,,,"Từ vựng trọng tâm theo ngữ cảnh TOEIC; học cùng ví dụ, word family và collocation.","toeic,v4,office-administration,workplace",The manager reviewed the memorandum before the meeting.,YangLingo TOEIC Expansion v4
minutes,biên bản cuộc họp,,noun,The manager reviewed the minutes before the meeting.,Người quản lý đã xem lại biên bản cuộc họp trước cuộc họp.,B1,,VOCABULARY,Office Administration,TOEIC Workplace,5,2,,review the minutes,,"Từ vựng trọng tâm theo ngữ cảnh TOEIC; học cùng ví dụ, word family và collocation.","toeic,v4,office-administration,workplace",The manager reviewed the minutes before the meeting.,YangLingo TOEIC Expansion v4
notification,thông báo,,noun,The manager reviewed the notification before the meeting.,Người quản lý đã xem lại thông báo trước cuộc họp.,B1,,VOCABULARY,Office Administration,TOEIC Workplace,5,2,,,notify (v) → notification (n),"Từ vựng trọng tâm theo ngữ cảnh TOEIC; học cùng ví dụ, word family và collocation.","toeic,v4,office-administration,workplace",The manager reviewed the notification before the meeting.,YangLingo TOEIC Expansion v4
photocopier,máy photocopy,,noun,The manager reviewed the photocopier before the meeting.,Người quản lý đã xem lại máy photocopy trước cuộc họp.,B1,,VOCABULARY,Office Administration,TOEIC Workplace,5,2,,,,"Từ vựng trọng tâm theo ngữ cảnh TOEIC; học cùng ví dụ, word family và collocation.","toeic,v4,office-administration,workplace",The manager reviewed the photocopier before the meeting.,YangLingo TOEIC Expansion v4
printout,bản in,,noun,The manager reviewed the printout before the meeting.,Người quản lý đã xem lại bản in trước cuộc họp.,B1,,VOCABULARY,Office Administration,TOEIC Workplace,5,2,,,,"Từ vựng trọng tâm theo ngữ cảnh TOEIC; học cùng ví dụ, word family và collocation.","toeic,v4,office-administration,workplace",The manager reviewed the printout before the meeting.,YangLingo TOEIC Expansion v4
receptionist,nhân viên lễ tân,,noun,The manager reviewed the receptionist before the meeting.,Người quản lý đã xem lại nhân viên lễ tân trước cuộc họp.,B1,,VOCABULARY,Office Administration,TOEIC Workplace,5,2,,,,"Từ vựng trọng tâm theo ngữ cảnh TOEIC; học cùng ví dụ, word family và collocation.","toeic,v4,office-administration,workplace",The manager reviewed the receptionist before the meeting.,YangLingo TOEIC Expansion v4
stationery,văn phòng phẩm,,noun,The manager reviewed the stationery before the meeting.,Người quản lý đã xem lại văn phòng phẩm trước cuộc họp.,B1,,VOCABULARY,Office Administration,TOEIC Workplace,5,2,,,,"Từ vựng trọng tâm theo ngữ cảnh TOEIC; học cùng ví dụ, word family và collocation.","toeic,v4,office-administration,workplace",The manager reviewed the stationery before the meeting.,YangLingo TOEIC Expansion v4
venue,địa điểm tổ chức,,noun,The manager reviewed the venue before the meeting.,Người quản lý đã xem lại địa điểm tổ chức trước cuộc họp.,B1,,VOCABULARY,Office Administration,TOEIC Workplace,5,2,,,,"Từ vựng trọng tâm theo ngữ cảnh TOEIC; học cùng ví dụ, word family và collocation.","toeic,v4,office-administration,workplace",The manager reviewed the venue before the meeting.,YangLingo TOEIC Expansion v4
workstation,"vị trí, máy trạm làm việc",,noun,The manager reviewed the workstation before the meeting.,"Người quản lý đã xem lại vị trí, máy trạm làm việc trước cuộc họp.",B1,,VOCABULARY,Office Administration,TOEIC Workplace,5,2,,,,"Từ vựng trọng tâm theo ngữ cảnh TOEIC; học cùng ví dụ, word family và collocation.","toeic,v4,office-administration,workplace",The manager reviewed the workstation before the meeting.,YangLingo TOEIC Expansion v4
reschedule,sắp xếp lại lịch,,verb,We need to reschedule the meeting for Thursday.,Chúng ta cần đổi lịch cuộc họp sang thứ Năm.,B1,,VOCABULARY,Office Administration,TOEIC Workplace,5,2,,reschedule a meeting,,"Từ vựng trọng tâm theo ngữ cảnh TOEIC; học cùng ví dụ, word family và collocation.","toeic,v4,office-administration,workplace",We need to reschedule the meeting for Thursday.,YangLingo TOEIC Expansion v4
archive,lưu trữ,,verb,Please archive the completed project files.,Vui lòng lưu trữ các tệp dự án đã hoàn thành.,B1,,VOCABULARY,Office Administration,TOEIC Workplace,5,2,,,,"Từ vựng trọng tâm theo ngữ cảnh TOEIC; học cùng ví dụ, word family và collocation.","toeic,v4,office-administration,workplace",Please archive the completed project files.,YangLingo TOEIC Expansion v4
inquiry,yêu cầu hỏi thông tin,,noun,The manager reviewed the inquiry before the meeting.,Người quản lý đã xem lại yêu cầu hỏi thông tin trước cuộc họp.,B1,,VOCABULARY,Office Administration,TOEIC Workplace,5,2,,reply to an inquiry,,"Từ vựng trọng tâm theo ngữ cảnh TOEIC; học cùng ví dụ, word family và collocation.","toeic,v4,office-administration,workplace",The manager reviewed the inquiry before the meeting.,YangLingo TOEIC Expansion v4
availability,"tình trạng sẵn có, thời gian rảnh",,noun,The manager reviewed the availability before the meeting.,"Người quản lý đã xem lại tình trạng sẵn có, thời gian rảnh trước cuộc họp.",B1,,VOCABULARY,Office Administration,TOEIC Workplace,5,2,,check availability,,"Từ vựng trọng tâm theo ngữ cảnh TOEIC; học cùng ví dụ, word family và collocation.","toeic,v4,office-administration,workplace",The manager reviewed the availability before the meeting.,YangLingo TOEIC Expansion v4
attendance,sự tham dự,,noun,The manager reviewed the attendance before the meeting.,Người quản lý đã xem lại sự tham dự trước cuộc họp.,B1,,VOCABULARY,Office Administration,TOEIC Workplace,5,2,,,,"Từ vựng trọng tâm theo ngữ cảnh TOEIC; học cùng ví dụ, word family và collocation.","toeic,v4,office-administration,workplace",The manager reviewed the attendance before the meeting.,YangLingo TOEIC Expansion v4
attendee,người tham dự,,noun,The manager reviewed the attendee before the meeting.,Người quản lý đã xem lại người tham dự trước cuộc họp.,B1,,VOCABULARY,Office Administration,TOEIC Workplace,5,2,,,,"Từ vựng trọng tâm theo ngữ cảnh TOEIC; học cùng ví dụ, word family và collocation.","toeic,v4,office-administration,workplace",The manager reviewed the attendee before the meeting.,YangLingo TOEIC Expansion v4
coordinator,điều phối viên,,noun,The manager reviewed the coordinator before the meeting.,Người quản lý đã xem lại điều phối viên trước cuộc họp.,B1,,VOCABULARY,Office Administration,TOEIC Workplace,5,2,,,,"Từ vựng trọng tâm theo ngữ cảnh TOEIC; học cùng ví dụ, word family và collocation.","toeic,v4,office-administration,workplace",The manager reviewed the coordinator before the meeting.,YangLingo TOEIC Expansion v4
subsidiary,công ty con,,noun,The manager reviewed the subsidiary before the meeting.,Người quản lý đã xem lại công ty con trước cuộc họp.,B1,,VOCABULARY,Office Administration,TOEIC Workplace,5,2,,,,"Từ vựng trọng tâm theo ngữ cảnh TOEIC; học cùng ví dụ, word family và collocation.","toeic,v4,office-administration,workplace",The manager reviewed the subsidiary before the meeting.,YangLingo TOEIC Expansion v4
procedure,quy trình,,noun,The manager reviewed the procedure before the meeting.,Người quản lý đã xem lại quy trình trước cuộc họp.,B1,,VOCABULARY,Office Administration,TOEIC Workplace,5,2,,safety procedure,,"Từ vựng trọng tâm theo ngữ cảnh TOEIC; học cùng ví dụ, word family và collocation.","toeic,v4,office-administration,workplace",The manager reviewed the procedure before the meeting.,YangLingo TOEIC Expansion v4
roster,"lịch phân ca, danh sách trực",,noun,The manager reviewed the roster before the meeting.,"Người quản lý đã xem lại lịch phân ca, danh sách trực trước cuộc họp.",B1,,VOCABULARY,Office Administration,TOEIC Workplace,5,2,,,,"Từ vựng trọng tâm theo ngữ cảnh TOEIC; học cùng ví dụ, word family và collocation.","toeic,v4,office-administration,workplace",The manager reviewed the roster before the meeting.,YangLingo TOEIC Expansion v4
application,"đơn ứng tuyển, hồ sơ xin việc",,noun,The HR team updated the application this morning.,"Bộ phận nhân sự đã cập nhật đơn ứng tuyển, hồ sơ xin việc vào sáng nay.",B1,,VOCABULARY,Human Resources,TOEIC Workplace,5,2,,submit an application,apply (v) → applicant (n) → application (n),"Từ vựng trọng tâm theo ngữ cảnh TOEIC; học cùng ví dụ, word family và collocation.","toeic,v4,human-resources,workplace",The HR team updated the application this morning.,YangLingo TOEIC Expansion v4
vacancy,"vị trí trống, chỗ tuyển dụng",,noun,The HR team updated the vacancy this morning.,"Bộ phận nhân sự đã cập nhật vị trí trống, chỗ tuyển dụng vào sáng nay.",B1,,VOCABULARY,Human Resources,TOEIC Workplace,5,2,,fill a vacancy,,"Từ vựng trọng tâm theo ngữ cảnh TOEIC; học cùng ví dụ, word family và collocation.","toeic,v4,human-resources,workplace",The HR team updated the vacancy this morning.,YangLingo TOEIC Expansion v4
recruitment,việc tuyển dụng,,noun,The HR team updated the recruitment this morning.,Bộ phận nhân sự đã cập nhật việc tuyển dụng vào sáng nay.,B1,,VOCABULARY,Human Resources,TOEIC Workplace,5,2,,,recruit (v) → recruiter (n) → recruitment (n),"Từ vựng trọng tâm theo ngữ cảnh TOEIC; học cùng ví dụ, word family và collocation.","toeic,v4,human-resources,workplace",The HR team updated the recruitment this morning.,YangLingo TOEIC Expansion v4
recruiter,nhân viên tuyển dụng,,noun,The HR team updated the recruiter this morning.,Bộ phận nhân sự đã cập nhật nhân viên tuyển dụng vào sáng nay.,B1,,VOCABULARY,Human Resources,TOEIC Workplace,5,2,,,,"Từ vựng trọng tâm theo ngữ cảnh TOEIC; học cùng ví dụ, word family và collocation.","toeic,v4,human-resources,workplace",The HR team updated the recruiter this morning.,YangLingo TOEIC Expansion v4
qualification,"trình độ, điều kiện chuyên môn",,noun,The HR team updated the qualification this morning.,"Bộ phận nhân sự đã cập nhật trình độ, điều kiện chuyên môn vào sáng nay.",B1,,VOCABULARY,Human Resources,TOEIC Workplace,5,2,,,qualify (v) → qualified (adj) → qualification (n),"Từ vựng trọng tâm theo ngữ cảnh TOEIC; học cùng ví dụ, word family và collocation.","toeic,v4,human-resources,workplace",The HR team updated the qualification this morning.,YangLingo TOEIC Expansion v4
credential,"chứng chỉ, bằng cấp chứng minh năng lực",,noun,The HR team updated the credential this morning.,"Bộ phận nhân sự đã cập nhật chứng chỉ, bằng cấp chứng minh năng lực vào sáng nay.",B1,,VOCABULARY,Human Resources,TOEIC Workplace,5,2,,,,"Từ vựng trọng tâm theo ngữ cảnh TOEIC; học cùng ví dụ, word family và collocation.","toeic,v4,human-resources,workplace",The HR team updated the credential this morning.,YangLingo TOEIC Expansion v4
reference,người hoặc thư giới thiệu,,noun,The HR team updated the reference this morning.,Bộ phận nhân sự đã cập nhật người hoặc thư giới thiệu vào sáng nay.,B1,,VOCABULARY,Human Resources,TOEIC Workplace,5,2,,,,"Từ vựng trọng tâm theo ngữ cảnh TOEIC; học cùng ví dụ, word family và collocation.","toeic,v4,human-resources,workplace",The HR team updated the reference this morning.,YangLingo TOEIC Expansion v4
interviewee,người được phỏng vấn,,noun,The HR team updated the interviewee this morning.,Bộ phận nhân sự đã cập nhật người được phỏng vấn vào sáng nay.,B1,,VOCABULARY,Human Resources,TOEIC Workplace,5,2,,,,"Từ vựng trọng tâm theo ngữ cảnh TOEIC; học cùng ví dụ, word family và collocation.","toeic,v4,human-resources,workplace",The HR team updated the interviewee this morning.,YangLingo TOEIC Expansion v4
shortlist,danh sách ứng viên rút gọn,,noun,The HR team updated the shortlist this morning.,Bộ phận nhân sự đã cập nhật danh sách ứng viên rút gọn vào sáng nay.,B1,,VOCABULARY,Human Resources,TOEIC Workplace,5,2,,shortlist candidates,,"Từ vựng trọng tâm theo ngữ cảnh TOEIC; học cùng ví dụ, word family và collocation.","toeic,v4,human-resources,workplace",The HR team updated the shortlist this morning.,YangLingo TOEIC Expansion v4
onboarding,quá trình tiếp nhận nhân viên mới,,noun,The HR team updated the onboarding this morning.,Bộ phận nhân sự đã cập nhật quá trình tiếp nhận nhân viên mới vào sáng nay.,B1,,VOCABULARY,Human Resources,TOEIC Workplace,5,2,,,,"Từ vựng trọng tâm theo ngữ cảnh TOEIC; học cùng ví dụ, word family và collocation.","toeic,v4,human-resources,workplace",The HR team updated the onboarding this morning.,YangLingo TOEIC Expansion v4
orientation,buổi định hướng,,noun,The HR team updated the orientation this morning.,Bộ phận nhân sự đã cập nhật buổi định hướng vào sáng nay.,B1,,VOCABULARY,Human Resources,TOEIC Workplace,5,2,,attend orientation,,"Từ vựng trọng tâm theo ngữ cảnh TOEIC; học cùng ví dụ, word family và collocation.","toeic,v4,human-resources,workplace",The HR team updated the orientation this morning.,YangLingo TOEIC Expansion v4
probation,thời gian thử việc,,noun,The HR team updated the probation this morning.,Bộ phận nhân sự đã cập nhật thời gian thử việc vào sáng nay.,B1,,VOCABULARY,Human Resources,TOEIC Workplace,5,2,,complete probation,,"Từ vựng trọng tâm theo ngữ cảnh TOEIC; học cùng ví dụ, word family và collocation.","toeic,v4,human-resources,workplace",The HR team updated the probation this morning.,YangLingo TOEIC Expansion v4
promotion,"sự thăng chức, chương trình khuyến mãi",,noun,The HR team updated the promotion this morning.,"Bộ phận nhân sự đã cập nhật sự thăng chức, chương trình khuyến mãi vào sáng nay.",B1,,VOCABULARY,Human Resources,TOEIC Workplace,5,2,,receive a promotion,promote (v) → promotion (n),"Từ vựng trọng tâm theo ngữ cảnh TOEIC; học cùng ví dụ, word family và collocation.","toeic,v4,human-resources,workplace",The HR team updated the promotion this morning.,YangLingo TOEIC Expansion v4
resignation,"sự từ chức, nghỉ việc",,noun,The HR team updated the resignation this morning.,"Bộ phận nhân sự đã cập nhật sự từ chức, nghỉ việc vào sáng nay.",B1,,VOCABULARY,Human Resources,TOEIC Workplace,5,2,,submit a resignation,resign (v) → resignation (n),"Từ vựng trọng tâm theo ngữ cảnh TOEIC; học cùng ví dụ, word family và collocation.","toeic,v4,human-resources,workplace",The HR team updated the resignation this morning.,YangLingo TOEIC Expansion v4
retirement,sự nghỉ hưu,,noun,The HR team updated the retirement this morning.,Bộ phận nhân sự đã cập nhật sự nghỉ hưu vào sáng nay.,B1,,VOCABULARY,Human Resources,TOEIC Workplace,5,2,,,retire (v) → retirement (n),"Từ vựng trọng tâm theo ngữ cảnh TOEIC; học cùng ví dụ, word family và collocation.","toeic,v4,human-resources,workplace",The HR team updated the retirement this morning.,YangLingo TOEIC Expansion v4
relocation,việc chuyển địa điểm,,noun,The HR team updated the relocation this morning.,Bộ phận nhân sự đã cập nhật việc chuyển địa điểm vào sáng nay.,B1,,VOCABULARY,Human Resources,TOEIC Workplace,5,2,,,relocate (v) → relocation (n),"Từ vựng trọng tâm theo ngữ cảnh TOEIC; học cùng ví dụ, word family và collocation.","toeic,v4,human-resources,workplace",The HR team updated the relocation this morning.,YangLingo TOEIC Expansion v4
appraisal,sự đánh giá hiệu suất,,noun,The HR team updated the appraisal this morning.,Bộ phận nhân sự đã cập nhật sự đánh giá hiệu suất vào sáng nay.,B1,,VOCABULARY,Human Resources,TOEIC Workplace,5,2,,performance appraisal,,"Từ vựng trọng tâm theo ngữ cảnh TOEIC; học cùng ví dụ, word family và collocation.","toeic,v4,human-resources,workplace",The HR team updated the appraisal this morning.,YangLingo TOEIC Expansion v4
evaluation,sự đánh giá,,noun,The HR team updated the evaluation this morning.,Bộ phận nhân sự đã cập nhật sự đánh giá vào sáng nay.,B1,,VOCABULARY,Human Resources,TOEIC Workplace,5,2,,,evaluate (v) → evaluation (n),"Từ vựng trọng tâm theo ngữ cảnh TOEIC; học cùng ví dụ, word family và collocation.","toeic,v4,human-resources,workplace",The HR team updated the evaluation this morning.,YangLingo TOEIC Expansion v4
compensation,"thù lao, chế độ đãi ngộ",,noun,The HR team updated the compensation this morning.,"Bộ phận nhân sự đã cập nhật thù lao, chế độ đãi ngộ vào sáng nay.",B1,,VOCABULARY,Human Resources,TOEIC Workplace,5,2,,,,"Từ vựng trọng tâm theo ngữ cảnh TOEIC; học cùng ví dụ, word family và collocation.","toeic,v4,human-resources,workplace",The HR team updated the compensation this morning.,YangLingo TOEIC Expansion v4
payroll,"bảng lương, hệ thống trả lương",,noun,The HR team updated the payroll this morning.,"Bộ phận nhân sự đã cập nhật bảng lương, hệ thống trả lương vào sáng nay.",B1,,VOCABULARY,Human Resources,TOEIC Workplace,5,2,,process payroll,,"Từ vựng trọng tâm theo ngữ cảnh TOEIC; học cùng ví dụ, word family và collocation.","toeic,v4,human-resources,workplace",The HR team updated the payroll this morning.,YangLingo TOEIC Expansion v4
overtime,thời gian làm thêm giờ,,noun,The HR team updated the overtime this morning.,Bộ phận nhân sự đã cập nhật thời gian làm thêm giờ vào sáng nay.,B1,,VOCABULARY,Human Resources,TOEIC Workplace,5,2,,work overtime,,"Từ vựng trọng tâm theo ngữ cảnh TOEIC; học cùng ví dụ, word family và collocation.","toeic,v4,human-resources,workplace",The HR team updated the overtime this morning.,YangLingo TOEIC Expansion v4
pension,lương hưu,,noun,The HR team updated the pension this morning.,Bộ phận nhân sự đã cập nhật lương hưu vào sáng nay.,B1,,VOCABULARY,Human Resources,TOEIC Workplace,5,2,,,,"Từ vựng trọng tâm theo ngữ cảnh TOEIC; học cùng ví dụ, word family và collocation.","toeic,v4,human-resources,workplace",The HR team updated the pension this morning.,YangLingo TOEIC Expansion v4
maternity leave,nghỉ thai sản,,noun,The HR team updated the maternity leave this morning.,Bộ phận nhân sự đã cập nhật nghỉ thai sản vào sáng nay.,B1,,VOCABULARY,Human Resources,TOEIC Workplace,5,2,,request paid leave,,"Từ vựng trọng tâm theo ngữ cảnh TOEIC; học cùng ví dụ, word family và collocation.","toeic,v4,human-resources,workplace",The HR team updated the maternity leave this morning.,YangLingo TOEIC Expansion v4
paid leave,nghỉ có lương,,noun,The HR team updated the paid leave this morning.,Bộ phận nhân sự đã cập nhật nghỉ có lương vào sáng nay.,B1,,VOCABULARY,Human Resources,TOEIC Workplace,5,2,,request paid leave,,"Từ vựng trọng tâm theo ngữ cảnh TOEIC; học cùng ví dụ, word family và collocation.","toeic,v4,human-resources,workplace",The HR team updated the paid leave this morning.,YangLingo TOEIC Expansion v4
workforce,lực lượng lao động,,noun,The HR team updated the workforce this morning.,Bộ phận nhân sự đã cập nhật lực lượng lao động vào sáng nay.,B1,,VOCABULARY,Human Resources,TOEIC Workplace,5,2,,,,"Từ vựng trọng tâm theo ngữ cảnh TOEIC; học cùng ví dụ, word family và collocation.","toeic,v4,human-resources,workplace",The HR team updated the workforce this morning.,YangLingo TOEIC Expansion v4
subordinate,cấp dưới,,noun,The HR team updated the subordinate this morning.,Bộ phận nhân sự đã cập nhật cấp dưới vào sáng nay.,B1,,VOCABULARY,Human Resources,TOEIC Workplace,5,2,,,,"Từ vựng trọng tâm theo ngữ cảnh TOEIC; học cùng ví dụ, word family và collocation.","toeic,v4,human-resources,workplace",The HR team updated the subordinate this morning.,YangLingo TOEIC Expansion v4
supervisor,"người giám sát, quản lý trực tiếp",,noun,The HR team updated the supervisor this morning.,"Bộ phận nhân sự đã cập nhật người giám sát, quản lý trực tiếp vào sáng nay.",B1,,VOCABULARY,Human Resources,TOEIC Workplace,5,2,,,,"Từ vựng trọng tâm theo ngữ cảnh TOEIC; học cùng ví dụ, word family và collocation.","toeic,v4,human-resources,workplace",The HR team updated the supervisor this morning.,YangLingo TOEIC Expansion v4
invoice,hóa đơn,,noun,Please check the invoice before the payment is processed.,Vui lòng kiểm tra hóa đơn trước khi khoản thanh toán được xử lý.,B2,,VOCABULARY,Finance Accounting,TOEIC Workplace,5,3,,issue an invoice; pay an invoice,,"Từ vựng trọng tâm theo ngữ cảnh TOEIC; học cùng ví dụ, word family và collocation.","toeic,v4,finance-accounting,workplace",Please check the invoice before the payment is processed.,YangLingo TOEIC Expansion v4
billing,việc lập và gửi hóa đơn,,noun,Please check the billing before the payment is processed.,Vui lòng kiểm tra việc lập và gửi hóa đơn trước khi khoản thanh toán được xử lý.,B2,,VOCABULARY,Finance Accounting,TOEIC Workplace,5,3,,,,"Từ vựng trọng tâm theo ngữ cảnh TOEIC; học cùng ví dụ, word family và collocation.","toeic,v4,finance-accounting,workplace",Please check the billing before the payment is processed.,YangLingo TOEIC Expansion v4
reimbursement,sự hoàn trả chi phí,,noun,Please check the reimbursement before the payment is processed.,Vui lòng kiểm tra sự hoàn trả chi phí trước khi khoản thanh toán được xử lý.,B2,,VOCABULARY,Finance Accounting,TOEIC Workplace,5,3,,process a reimbursement,reimburse (v) → reimbursement (n),"Từ vựng trọng tâm theo ngữ cảnh TOEIC; học cùng ví dụ, word family và collocation.","toeic,v4,finance-accounting,workplace",Please check the reimbursement before the payment is processed.,YangLingo TOEIC Expansion v4
expenditure,khoản chi tiêu,,noun,Please check the expenditure before the payment is processed.,Vui lòng kiểm tra khoản chi tiêu trước khi khoản thanh toán được xử lý.,B2,,VOCABULARY,Finance Accounting,TOEIC Workplace,5,3,,,,"Từ vựng trọng tâm theo ngữ cảnh TOEIC; học cùng ví dụ, word family và collocation.","toeic,v4,finance-accounting,workplace",Please check the expenditure before the payment is processed.,YangLingo TOEIC Expansion v4
profit margin,biên lợi nhuận,,noun,Please check the profit margin before the payment is processed.,Vui lòng kiểm tra biên lợi nhuận trước khi khoản thanh toán được xử lý.,B2,,VOCABULARY,Finance Accounting,TOEIC Workplace,5,3,,,,"Từ vựng trọng tâm theo ngữ cảnh TOEIC; học cùng ví dụ, word family và collocation.","toeic,v4,finance-accounting,workplace",Please check the profit margin before the payment is processed.,YangLingo TOEIC Expansion v4
fiscal,"thuộc tài chính, tài khóa",,adjective,The company reported strong results for the fiscal year.,Công ty báo cáo kết quả tốt trong năm tài chính.,B2,,VOCABULARY,Finance Accounting,TOEIC Workplace,5,3,,,,"Từ vựng trọng tâm theo ngữ cảnh TOEIC; học cùng ví dụ, word family và collocation.","toeic,v4,finance-accounting,workplace",The company reported strong results for the fiscal year.,YangLingo TOEIC Expansion v4
auditor,kiểm toán viên,,noun,Please check the auditor before the payment is processed.,Vui lòng kiểm tra kiểm toán viên trước khi khoản thanh toán được xử lý.,B2,,VOCABULARY,Finance Accounting,TOEIC Workplace,5,3,,,,"Từ vựng trọng tâm theo ngữ cảnh TOEIC; học cùng ví dụ, word family và collocation.","toeic,v4,finance-accounting,workplace",Please check the auditor before the payment is processed.,YangLingo TOEIC Expansion v4
balance sheet,bảng cân đối kế toán,,noun,Please check the balance sheet before the payment is processed.,Vui lòng kiểm tra bảng cân đối kế toán trước khi khoản thanh toán được xử lý.,B2,,VOCABULARY,Finance Accounting,TOEIC Workplace,5,3,,review a balance sheet; outstanding balance,,"Từ vựng trọng tâm theo ngữ cảnh TOEIC; học cùng ví dụ, word family và collocation.","toeic,v4,finance-accounting,workplace",Please check the balance sheet before the payment is processed.,YangLingo TOEIC Expansion v4
cash flow,dòng tiền,,noun,Please check the cash flow before the payment is processed.,Vui lòng kiểm tra dòng tiền trước khi khoản thanh toán được xử lý.,B2,,VOCABULARY,Finance Accounting,TOEIC Workplace,5,3,,improve cash flow; cash register,,"Từ vựng trọng tâm theo ngữ cảnh TOEIC; học cùng ví dụ, word family và collocation.","toeic,v4,finance-accounting,workplace",Please check the cash flow before the payment is processed.,YangLingo TOEIC Expansion v4
withdrawal,việc rút tiền,,noun,Please check the withdrawal before the payment is processed.,Vui lòng kiểm tra việc rút tiền trước khi khoản thanh toán được xử lý.,B2,,VOCABULARY,Finance Accounting,TOEIC Workplace,5,3,,make a withdrawal,,"Từ vựng trọng tâm theo ngữ cảnh TOEIC; học cùng ví dụ, word family và collocation.","toeic,v4,finance-accounting,workplace",Please check the withdrawal before the payment is processed.,YangLingo TOEIC Expansion v4
installment,khoản trả góp,,noun,Please check the installment before the payment is processed.,Vui lòng kiểm tra khoản trả góp trước khi khoản thanh toán được xử lý.,B2,,VOCABULARY,Finance Accounting,TOEIC Workplace,5,3,,,,"Từ vựng trọng tâm theo ngữ cảnh TOEIC; học cùng ví dụ, word family và collocation.","toeic,v4,finance-accounting,workplace",Please check the installment before the payment is processed.,YangLingo TOEIC Expansion v4
overdue,quá hạn,,adjective,The invoice is overdue and must be paid today.,Hóa đơn đã quá hạn và phải được thanh toán hôm nay.,B2,,VOCABULARY,Finance Accounting,TOEIC Workplace,5,3,,overdue payment,,"Từ vựng trọng tâm theo ngữ cảnh TOEIC; học cùng ví dụ, word family và collocation.","toeic,v4,finance-accounting,workplace",The invoice is overdue and must be paid today.,YangLingo TOEIC Expansion v4
outstanding,"chưa thanh toán, còn tồn đọng",,adjective,Please pay the outstanding balance by Friday.,Vui lòng thanh toán số dư còn nợ trước thứ Sáu.,B2,,VOCABULARY,Finance Accounting,TOEIC Workplace,5,3,,outstanding balance,,"Từ vựng trọng tâm theo ngữ cảnh TOEIC; học cùng ví dụ, word family và collocation.","toeic,v4,finance-accounting,workplace",Please pay the outstanding balance by Friday.,YangLingo TOEIC Expansion v4
payable,phải trả,,adjective,The full amount is payable within thirty days.,Toàn bộ số tiền phải được thanh toán trong vòng ba mươi ngày.,B2,,VOCABULARY,Finance Accounting,TOEIC Workplace,5,3,,accounts payable,,"Từ vựng trọng tâm theo ngữ cảnh TOEIC; học cùng ví dụ, word family và collocation.","toeic,v4,finance-accounting,workplace",The full amount is payable within thirty days.,YangLingo TOEIC Expansion v4
receivable,phải thu,,adjective,The accounting team reviewed all receivable amounts.,Bộ phận kế toán đã xem xét tất cả các khoản phải thu.,B2,,VOCABULARY,Finance Accounting,TOEIC Workplace,5,3,,accounts receivable,,"Từ vựng trọng tâm theo ngữ cảnh TOEIC; học cùng ví dụ, word family và collocation.","toeic,v4,finance-accounting,workplace",The accounting team reviewed all receivable amounts.,YangLingo TOEIC Expansion v4
surcharge,phụ phí,,noun,Please check the surcharge before the payment is processed.,Vui lòng kiểm tra phụ phí trước khi khoản thanh toán được xử lý.,B2,,VOCABULARY,Finance Accounting,TOEIC Workplace,5,3,,,,"Từ vựng trọng tâm theo ngữ cảnh TOEIC; học cùng ví dụ, word family và collocation.","toeic,v4,finance-accounting,workplace",Please check the surcharge before the payment is processed.,YangLingo TOEIC Expansion v4
deductible,mức khấu trừ bảo hiểm,,noun,Please check the deductible before the payment is processed.,Vui lòng kiểm tra mức khấu trừ bảo hiểm trước khi khoản thanh toán được xử lý.,B2,,VOCABULARY,Finance Accounting,TOEIC Workplace,5,3,,,,"Từ vựng trọng tâm theo ngữ cảnh TOEIC; học cùng ví dụ, word family và collocation.","toeic,v4,finance-accounting,workplace",Please check the deductible before the payment is processed.,YangLingo TOEIC Expansion v4
dividend,cổ tức,,noun,Please check the dividend before the payment is processed.,Vui lòng kiểm tra cổ tức trước khi khoản thanh toán được xử lý.,B2,,VOCABULARY,Finance Accounting,TOEIC Workplace,5,3,,,,"Từ vựng trọng tâm theo ngữ cảnh TOEIC; học cùng ví dụ, word family và collocation.","toeic,v4,finance-accounting,workplace",Please check the dividend before the payment is processed.,YangLingo TOEIC Expansion v4
shareholder,cổ đông,,noun,Please check the shareholder before the payment is processed.,Vui lòng kiểm tra cổ đông trước khi khoản thanh toán được xử lý.,B2,,VOCABULARY,Finance Accounting,TOEIC Workplace,5,3,,,,"Từ vựng trọng tâm theo ngữ cảnh TOEIC; học cùng ví dụ, word family và collocation.","toeic,v4,finance-accounting,workplace",Please check the shareholder before the payment is processed.,YangLingo TOEIC Expansion v4
liability,"khoản nợ, trách nhiệm pháp lý",,noun,Please check the liability before the payment is processed.,"Vui lòng kiểm tra khoản nợ, trách nhiệm pháp lý trước khi khoản thanh toán được xử lý.",B2,,VOCABULARY,Finance Accounting,TOEIC Workplace,5,3,,legal liability,,"Từ vựng trọng tâm theo ngữ cảnh TOEIC; học cùng ví dụ, word family và collocation.","toeic,v4,finance-accounting,workplace",Please check the liability before the payment is processed.,YangLingo TOEIC Expansion v4
equity,vốn chủ sở hữu,,noun,Please check the equity before the payment is processed.,Vui lòng kiểm tra vốn chủ sở hữu trước khi khoản thanh toán được xử lý.,B2,,VOCABULARY,Finance Accounting,TOEIC Workplace,5,3,,,,"Từ vựng trọng tâm theo ngữ cảnh TOEIC; học cùng ví dụ, word family và collocation.","toeic,v4,finance-accounting,workplace",Please check the equity before the payment is processed.,YangLingo TOEIC Expansion v4
interest rate,lãi suất,,noun,Please check the interest rate before the payment is processed.,Vui lòng kiểm tra lãi suất trước khi khoản thanh toán được xử lý.,B2,,VOCABULARY,Finance Accounting,TOEIC Workplace,5,3,,,,"Từ vựng trọng tâm theo ngữ cảnh TOEIC; học cùng ví dụ, word family và collocation.","toeic,v4,finance-accounting,workplace",Please check the interest rate before the payment is processed.,YangLingo TOEIC Expansion v4
debit,khoản ghi nợ,,noun,Please check the debit before the payment is processed.,Vui lòng kiểm tra khoản ghi nợ trước khi khoản thanh toán được xử lý.,B2,,VOCABULARY,Finance Accounting,TOEIC Workplace,5,3,,,,"Từ vựng trọng tâm theo ngữ cảnh TOEIC; học cùng ví dụ, word family và collocation.","toeic,v4,finance-accounting,workplace",Please check the debit before the payment is processed.,YangLingo TOEIC Expansion v4
account balance,số dư tài khoản,,noun,Please check the account balance before the payment is processed.,Vui lòng kiểm tra số dư tài khoản trước khi khoản thanh toán được xử lý.,B2,,VOCABULARY,Finance Accounting,TOEIC Workplace,5,3,,log in to an account; review a balance sheet; outstanding balance,,"Từ vựng trọng tâm theo ngữ cảnh TOEIC; học cùng ví dụ, word family và collocation.","toeic,v4,finance-accounting,workplace",Please check the account balance before the payment is processed.,YangLingo TOEIC Expansion v4
exchange rate,tỷ giá hối đoái,,noun,Please check the exchange rate before the payment is processed.,Vui lòng kiểm tra tỷ giá hối đoái trước khi khoản thanh toán được xử lý.,B2,,VOCABULARY,Finance Accounting,TOEIC Workplace,5,3,,exchange an item,,"Từ vựng trọng tâm theo ngữ cảnh TOEIC; học cùng ví dụ, word family và collocation.","toeic,v4,finance-accounting,workplace",Please check the exchange rate before the payment is processed.,YangLingo TOEIC Expansion v4
supplier,nhà cung cấp,,noun,The logistics team checked the supplier before dispatch.,Bộ phận hậu cần đã kiểm tra nhà cung cấp trước khi gửi hàng.,B1,,VOCABULARY,Purchasing Logistics,TOEIC Workplace,7,2,,,,"Từ vựng trọng tâm theo ngữ cảnh TOEIC; học cùng ví dụ, word family và collocation.","toeic,v4,purchasing-logistics,workplace",The logistics team checked the supplier before dispatch.,YangLingo TOEIC Expansion v4
vendor,"nhà bán hàng, nhà cung cấp",,noun,The logistics team checked the vendor before dispatch.,"Bộ phận hậu cần đã kiểm tra nhà bán hàng, nhà cung cấp trước khi gửi hàng.",B1,,VOCABULARY,Purchasing Logistics,TOEIC Workplace,7,2,,,,"Từ vựng trọng tâm theo ngữ cảnh TOEIC; học cùng ví dụ, word family và collocation.","toeic,v4,purchasing-logistics,workplace",The logistics team checked the vendor before dispatch.,YangLingo TOEIC Expansion v4
procurement,"hoạt động mua sắm, thu mua",,noun,The logistics team checked the procurement before dispatch.,"Bộ phận hậu cần đã kiểm tra hoạt động mua sắm, thu mua trước khi gửi hàng.",B1,,VOCABULARY,Purchasing Logistics,TOEIC Workplace,7,2,,,,"Từ vựng trọng tâm theo ngữ cảnh TOEIC; học cùng ví dụ, word family và collocation.","toeic,v4,purchasing-logistics,workplace",The logistics team checked the procurement before dispatch.,YangLingo TOEIC Expansion v4
purchaser,"người mua, bộ phận mua hàng",,noun,The logistics team checked the purchaser before dispatch.,"Bộ phận hậu cần đã kiểm tra người mua, bộ phận mua hàng trước khi gửi hàng.",B1,,VOCABULARY,Purchasing Logistics,TOEIC Workplace,7,2,,,,"Từ vựng trọng tâm theo ngữ cảnh TOEIC; học cùng ví dụ, word family và collocation.","toeic,v4,purchasing-logistics,workplace",The logistics team checked the purchaser before dispatch.,YangLingo TOEIC Expansion v4
purchase order,đơn đặt hàng mua,,noun,The logistics team checked the purchase order before dispatch.,Bộ phận hậu cần đã kiểm tra đơn đặt hàng mua trước khi gửi hàng.,B1,,VOCABULARY,Purchasing Logistics,TOEIC Workplace,7,2,,place an order; cancel an order; dispatch an order,,"Từ vựng trọng tâm theo ngữ cảnh TOEIC; học cùng ví dụ, word family và collocation.","toeic,v4,purchasing-logistics,workplace",The logistics team checked the purchase order before dispatch.,YangLingo TOEIC Expansion v4
quotation,báo giá,,noun,The logistics team checked the quotation before dispatch.,Bộ phận hậu cần đã kiểm tra báo giá trước khi gửi hàng.,B1,,VOCABULARY,Purchasing Logistics,TOEIC Workplace,7,2,,request a quotation,,"Từ vựng trọng tâm theo ngữ cảnh TOEIC; học cùng ví dụ, word family và collocation.","toeic,v4,purchasing-logistics,workplace",The logistics team checked the quotation before dispatch.,YangLingo TOEIC Expansion v4
warehouse,kho hàng,,noun,The logistics team checked the warehouse before dispatch.,Bộ phận hậu cần đã kiểm tra kho hàng trước khi gửi hàng.,B1,,VOCABULARY,Purchasing Logistics,TOEIC Workplace,7,2,,,,"Từ vựng trọng tâm theo ngữ cảnh TOEIC; học cùng ví dụ, word family và collocation.","toeic,v4,purchasing-logistics,workplace",The logistics team checked the warehouse before dispatch.,YangLingo TOEIC Expansion v4
shipment,"lô hàng, việc vận chuyển",,noun,The logistics team checked the shipment before dispatch.,"Bộ phận hậu cần đã kiểm tra lô hàng, việc vận chuyển trước khi gửi hàng.",B1,,VOCABULARY,Purchasing Logistics,TOEIC Workplace,7,2,,track a shipment,,"Từ vựng trọng tâm theo ngữ cảnh TOEIC; học cùng ví dụ, word family và collocation.","toeic,v4,purchasing-logistics,workplace",The logistics team checked the shipment before dispatch.,YangLingo TOEIC Expansion v4
dispatch,"việc gửi hàng, điều phối gửi đi",,noun,The logistics team checked the dispatch before dispatch.,"Bộ phận hậu cần đã kiểm tra việc gửi hàng, điều phối gửi đi trước khi gửi hàng.",B1,,VOCABULARY,Purchasing Logistics,TOEIC Workplace,7,2,,dispatch an order,,"Từ vựng trọng tâm theo ngữ cảnh TOEIC; học cùng ví dụ, word family và collocation.","toeic,v4,purchasing-logistics,workplace",The logistics team checked the dispatch before dispatch.,YangLingo TOEIC Expansion v4
carrier,đơn vị vận chuyển,,noun,The logistics team checked the carrier before dispatch.,Bộ phận hậu cần đã kiểm tra đơn vị vận chuyển trước khi gửi hàng.,B1,,VOCABULARY,Purchasing Logistics,TOEIC Workplace,7,2,,,,"Từ vựng trọng tâm theo ngữ cảnh TOEIC; học cùng ví dụ, word family và collocation.","toeic,v4,purchasing-logistics,workplace",The logistics team checked the carrier before dispatch.,YangLingo TOEIC Expansion v4
tracking number,mã theo dõi vận chuyển,,noun,The logistics team checked the tracking number before dispatch.,Bộ phận hậu cần đã kiểm tra mã theo dõi vận chuyển trước khi gửi hàng.,B1,,VOCABULARY,Purchasing Logistics,TOEIC Workplace,7,2,,batch number,,"Từ vựng trọng tâm theo ngữ cảnh TOEIC; học cùng ví dụ, word family và collocation.","toeic,v4,purchasing-logistics,workplace",The logistics team checked the tracking number before dispatch.,YangLingo TOEIC Expansion v4
consignment,lô hàng gửi,,noun,The logistics team checked the consignment before dispatch.,Bộ phận hậu cần đã kiểm tra lô hàng gửi trước khi gửi hàng.,B1,,VOCABULARY,Purchasing Logistics,TOEIC Workplace,7,2,,,,"Từ vựng trọng tâm theo ngữ cảnh TOEIC; học cùng ví dụ, word family và collocation.","toeic,v4,purchasing-logistics,workplace",The logistics team checked the consignment before dispatch.,YangLingo TOEIC Expansion v4
backorder,đơn hàng chờ vì hết hàng,,noun,The logistics team checked the backorder before dispatch.,Bộ phận hậu cần đã kiểm tra đơn hàng chờ vì hết hàng trước khi gửi hàng.,B1,,VOCABULARY,Purchasing Logistics,TOEIC Workplace,7,2,,,,"Từ vựng trọng tâm theo ngữ cảnh TOEIC; học cùng ví dụ, word family và collocation.","toeic,v4,purchasing-logistics,workplace",The logistics team checked the backorder before dispatch.,YangLingo TOEIC Expansion v4
reorder,đặt hàng lại,,verb,The store will reorder the item when stock runs low.,Cửa hàng sẽ đặt lại mặt hàng khi tồn kho xuống thấp.,B1,,VOCABULARY,Purchasing Logistics,TOEIC Workplace,7,2,,,,"Từ vựng trọng tâm theo ngữ cảnh TOEIC; học cùng ví dụ, word family và collocation.","toeic,v4,purchasing-logistics,workplace",The store will reorder the item when stock runs low.,YangLingo TOEIC Expansion v4
restock,bổ sung hàng vào kho,,verb,Employees restock the shelves every morning.,Nhân viên bổ sung hàng lên kệ mỗi sáng.,B1,,VOCABULARY,Purchasing Logistics,TOEIC Workplace,7,2,,restock the shelves,,"Từ vựng trọng tâm theo ngữ cảnh TOEIC; học cùng ví dụ, word family và collocation.","toeic,v4,purchasing-logistics,workplace",Employees restock the shelves every morning.,YangLingo TOEIC Expansion v4
in stock,còn hàng,,adjective,The printer is currently in stock.,Máy in hiện đang còn hàng.,B1,,VOCABULARY,Purchasing Logistics,TOEIC Workplace,7,2,,pay in installments; back in stock; check in online; log in to an account,,"Từ vựng trọng tâm theo ngữ cảnh TOEIC; học cùng ví dụ, word family và collocation.","toeic,v4,purchasing-logistics,workplace",The printer is currently in stock.,YangLingo TOEIC Expansion v4
out of stock,hết hàng,,adjective,This model is temporarily out of stock.,Mẫu này tạm thời hết hàng.,B1,,VOCABULARY,Purchasing Logistics,TOEIC Workplace,7,2,,check out of the hotel; back in stock,,"Từ vựng trọng tâm theo ngữ cảnh TOEIC; học cùng ví dụ, word family và collocation.","toeic,v4,purchasing-logistics,workplace",This model is temporarily out of stock.,YangLingo TOEIC Expansion v4
defective,"bị lỗi, khiếm khuyết",,adjective,The customer returned a defective product.,Khách hàng đã trả lại một sản phẩm bị lỗi.,B1,,VOCABULARY,Purchasing Logistics,TOEIC Workplace,7,2,,return a defective item,,"Từ vựng trọng tâm theo ngữ cảnh TOEIC; học cùng ví dụ, word family và collocation.","toeic,v4,purchasing-logistics,workplace",The customer returned a defective product.,YangLingo TOEIC Expansion v4
replacement,"hàng, bộ phận thay thế",,noun,The logistics team checked the replacement before dispatch.,"Bộ phận hậu cần đã kiểm tra hàng, bộ phận thay thế trước khi gửi hàng.",B1,,VOCABULARY,Purchasing Logistics,TOEIC Workplace,7,2,,request a replacement,,"Từ vựng trọng tâm theo ngữ cảnh TOEIC; học cùng ví dụ, word family và collocation.","toeic,v4,purchasing-logistics,workplace",The logistics team checked the replacement before dispatch.,YangLingo TOEIC Expansion v4
warranty,bảo hành,,noun,The logistics team checked the warranty before dispatch.,Bộ phận hậu cần đã kiểm tra bảo hành trước khi gửi hàng.,B1,,VOCABULARY,Purchasing Logistics,TOEIC Workplace,7,2,,warranty coverage,,"Từ vựng trọng tâm theo ngữ cảnh TOEIC; học cùng ví dụ, word family và collocation.","toeic,v4,purchasing-logistics,workplace",The logistics team checked the warranty before dispatch.,YangLingo TOEIC Expansion v4
return policy,chính sách đổi trả,,noun,The logistics team checked the return policy before dispatch.,Bộ phận hậu cần đã kiểm tra chính sách đổi trả trước khi gửi hàng.,B1,,VOCABULARY,Purchasing Logistics,TOEIC Workplace,7,2,,return a defective item,,"Từ vựng trọng tâm theo ngữ cảnh TOEIC; học cùng ví dụ, word family và collocation.","toeic,v4,purchasing-logistics,workplace",The logistics team checked the return policy before dispatch.,YangLingo TOEIC Expansion v4
packaging,"bao bì, việc đóng gói",,noun,The logistics team checked the packaging before dispatch.,"Bộ phận hậu cần đã kiểm tra bao bì, việc đóng gói trước khi gửi hàng.",B1,,VOCABULARY,Purchasing Logistics,TOEIC Workplace,7,2,,,,"Từ vựng trọng tâm theo ngữ cảnh TOEIC; học cùng ví dụ, word family và collocation.","toeic,v4,purchasing-logistics,workplace",The logistics team checked the packaging before dispatch.,YangLingo TOEIC Expansion v4
barcode,mã vạch,,noun,The logistics team checked the barcode before dispatch.,Bộ phận hậu cần đã kiểm tra mã vạch trước khi gửi hàng.,B1,,VOCABULARY,Purchasing Logistics,TOEIC Workplace,7,2,,,,"Từ vựng trọng tâm theo ngữ cảnh TOEIC; học cùng ví dụ, word family và collocation.","toeic,v4,purchasing-logistics,workplace",The logistics team checked the barcode before dispatch.,YangLingo TOEIC Expansion v4
wholesaler,nhà bán buôn,,noun,The logistics team checked the wholesaler before dispatch.,Bộ phận hậu cần đã kiểm tra nhà bán buôn trước khi gửi hàng.,B1,,VOCABULARY,Purchasing Logistics,TOEIC Workplace,7,2,,,,"Từ vựng trọng tâm theo ngữ cảnh TOEIC; học cùng ví dụ, word family và collocation.","toeic,v4,purchasing-logistics,workplace",The logistics team checked the wholesaler before dispatch.,YangLingo TOEIC Expansion v4
retailer,nhà bán lẻ,,noun,The logistics team checked the retailer before dispatch.,Bộ phận hậu cần đã kiểm tra nhà bán lẻ trước khi gửi hàng.,B1,,VOCABULARY,Purchasing Logistics,TOEIC Workplace,7,2,,,,"Từ vựng trọng tâm theo ngữ cảnh TOEIC; học cùng ví dụ, word family và collocation.","toeic,v4,purchasing-logistics,workplace",The logistics team checked the retailer before dispatch.,YangLingo TOEIC Expansion v4
logistics,hoạt động hậu cần,,noun,The logistics team checked the logistics before dispatch.,Bộ phận hậu cần đã kiểm tra hoạt động hậu cần trước khi gửi hàng.,B1,,VOCABULARY,Purchasing Logistics,TOEIC Workplace,7,2,,,,"Từ vựng trọng tâm theo ngữ cảnh TOEIC; học cùng ví dụ, word family và collocation.","toeic,v4,purchasing-logistics,workplace",The logistics team checked the logistics before dispatch.,YangLingo TOEIC Expansion v4
customs clearance,thủ tục thông quan,,noun,The logistics team checked the customs clearance before dispatch.,Bộ phận hậu cần đã kiểm tra thủ tục thông quan trước khi gửi hàng.,B1,,VOCABULARY,Purchasing Logistics,TOEIC Workplace,7,2,,,,"Từ vựng trọng tâm theo ngữ cảnh TOEIC; học cùng ví dụ, word family và collocation.","toeic,v4,purchasing-logistics,workplace",The logistics team checked the customs clearance before dispatch.,YangLingo TOEIC Expansion v4
campaign,chiến dịch,,noun,The sales team discussed the campaign during the meeting.,Nhóm bán hàng đã thảo luận về chiến dịch trong cuộc họp.,B1,,VOCABULARY,Sales Marketing,TOEIC Workplace,5,2,,launch a campaign; advertising campaign,,"Từ vựng trọng tâm theo ngữ cảnh TOEIC; học cùng ví dụ, word family và collocation.","toeic,v4,sales-marketing,workplace",The sales team discussed the campaign during the meeting.,YangLingo TOEIC Expansion v4
brochure,"tờ giới thiệu, brochure",,noun,The sales team discussed the brochure during the meeting.,"Nhóm bán hàng đã thảo luận về tờ giới thiệu, brochure trong cuộc họp.",B1,,VOCABULARY,Sales Marketing,TOEIC Workplace,5,2,,,,"Từ vựng trọng tâm theo ngữ cảnh TOEIC; học cùng ví dụ, word family và collocation.","toeic,v4,sales-marketing,workplace",The sales team discussed the brochure during the meeting.,YangLingo TOEIC Expansion v4
catalog,danh mục sản phẩm,,noun,The sales team discussed the catalog during the meeting.,Nhóm bán hàng đã thảo luận về danh mục sản phẩm trong cuộc họp.,B1,,VOCABULARY,Sales Marketing,TOEIC Workplace,5,2,,product catalog,,"Từ vựng trọng tâm theo ngữ cảnh TOEIC; học cùng ví dụ, word family và collocation.","toeic,v4,sales-marketing,workplace",The sales team discussed the catalog during the meeting.,YangLingo TOEIC Expansion v4
leaflet,tờ rơi thông tin,,noun,The sales team discussed the leaflet during the meeting.,Nhóm bán hàng đã thảo luận về tờ rơi thông tin trong cuộc họp.,B1,,VOCABULARY,Sales Marketing,TOEIC Workplace,5,2,,,,"Từ vựng trọng tâm theo ngữ cảnh TOEIC; học cùng ví dụ, word family và collocation.","toeic,v4,sales-marketing,workplace",The sales team discussed the leaflet during the meeting.,YangLingo TOEIC Expansion v4
flyer,tờ quảng cáo,,noun,The sales team discussed the flyer during the meeting.,Nhóm bán hàng đã thảo luận về tờ quảng cáo trong cuộc họp.,B1,,VOCABULARY,Sales Marketing,TOEIC Workplace,5,2,,,,"Từ vựng trọng tâm theo ngữ cảnh TOEIC; học cùng ví dụ, word family và collocation.","toeic,v4,sales-marketing,workplace",The sales team discussed the flyer during the meeting.,YangLingo TOEIC Expansion v4
coupon,phiếu giảm giá,,noun,The sales team discussed the coupon during the meeting.,Nhóm bán hàng đã thảo luận về phiếu giảm giá trong cuộc họp.,B1,,VOCABULARY,Sales Marketing,TOEIC Workplace,5,2,,redeem a coupon,,"Từ vựng trọng tâm theo ngữ cảnh TOEIC; học cùng ví dụ, word family và collocation.","toeic,v4,sales-marketing,workplace",The sales team discussed the coupon during the meeting.,YangLingo TOEIC Expansion v4
voucher,"phiếu mua hàng, chứng từ",,noun,The sales team discussed the voucher during the meeting.,"Nhóm bán hàng đã thảo luận về phiếu mua hàng, chứng từ trong cuộc họp.",B1,,VOCABULARY,Sales Marketing,TOEIC Workplace,5,2,,,,"Từ vựng trọng tâm theo ngữ cảnh TOEIC; học cùng ví dụ, word family và collocation.","toeic,v4,sales-marketing,workplace",The sales team discussed the voucher during the meeting.,YangLingo TOEIC Expansion v4
loyalty,sự trung thành,,noun,The sales team discussed the loyalty during the meeting.,Nhóm bán hàng đã thảo luận về sự trung thành trong cuộc họp.,B1,,VOCABULARY,Sales Marketing,TOEIC Workplace,5,2,,,,"Từ vựng trọng tâm theo ngữ cảnh TOEIC; học cùng ví dụ, word family và collocation.","toeic,v4,sales-marketing,workplace",The sales team discussed the loyalty during the meeting.,YangLingo TOEIC Expansion v4
subscription,"gói, việc đăng ký định kỳ",,noun,The sales team discussed the subscription during the meeting.,"Nhóm bán hàng đã thảo luận về gói, việc đăng ký định kỳ trong cuộc họp.",B1,,VOCABULARY,Sales Marketing,TOEIC Workplace,5,2,,renew a subscription,subscribe (v) → subscriber (n) → subscription (n),"Từ vựng trọng tâm theo ngữ cảnh TOEIC; học cùng ví dụ, word family và collocation.","toeic,v4,sales-marketing,workplace",The sales team discussed the subscription during the meeting.,YangLingo TOEIC Expansion v4
subscriber,người đăng ký,,noun,The sales team discussed the subscriber during the meeting.,Nhóm bán hàng đã thảo luận về người đăng ký trong cuộc họp.,B1,,VOCABULARY,Sales Marketing,TOEIC Workplace,5,2,,,,"Từ vựng trọng tâm theo ngữ cảnh TOEIC; học cùng ví dụ, word family và collocation.","toeic,v4,sales-marketing,workplace",The sales team discussed the subscriber during the meeting.,YangLingo TOEIC Expansion v4
market share,thị phần,,noun,The sales team discussed the market share during the meeting.,Nhóm bán hàng đã thảo luận về thị phần trong cuộc họp.,B1,,VOCABULARY,Sales Marketing,TOEIC Workplace,5,2,,increase market share; conduct market research; target market,,"Từ vựng trọng tâm theo ngữ cảnh TOEIC; học cùng ví dụ, word family và collocation.","toeic,v4,sales-marketing,workplace",The sales team discussed the market share during the meeting.,YangLingo TOEIC Expansion v4
competitor,đối thủ cạnh tranh,,noun,The sales team discussed the competitor during the meeting.,Nhóm bán hàng đã thảo luận về đối thủ cạnh tranh trong cuộc họp.,B1,,VOCABULARY,Sales Marketing,TOEIC Workplace,5,2,,,,"Từ vựng trọng tâm theo ngữ cảnh TOEIC; học cùng ví dụ, word family và collocation.","toeic,v4,sales-marketing,workplace",The sales team discussed the competitor during the meeting.,YangLingo TOEIC Expansion v4
pricing,việc định giá,,noun,The sales team discussed the pricing during the meeting.,Nhóm bán hàng đã thảo luận về việc định giá trong cuộc họp.,B1,,VOCABULARY,Sales Marketing,TOEIC Workplace,5,2,,,,"Từ vựng trọng tâm theo ngữ cảnh TOEIC; học cùng ví dụ, word family và collocation.","toeic,v4,sales-marketing,workplace",The sales team discussed the pricing during the meeting.,YangLingo TOEIC Expansion v4
sales representative,đại diện bán hàng,,noun,The sales team discussed the sales representative during the meeting.,Nhóm bán hàng đã thảo luận về đại diện bán hàng trong cuộc họp.,B1,,VOCABULARY,Sales Marketing,TOEIC Workplace,5,2,,,,"Từ vựng trọng tâm theo ngữ cảnh TOEIC; học cùng ví dụ, word family và collocation.","toeic,v4,sales-marketing,workplace",The sales team discussed the sales representative during the meeting.,YangLingo TOEIC Expansion v4
questionnaire,bảng câu hỏi khảo sát,,noun,The sales team discussed the questionnaire during the meeting.,Nhóm bán hàng đã thảo luận về bảng câu hỏi khảo sát trong cuộc họp.,B1,,VOCABULARY,Sales Marketing,TOEIC Workplace,5,2,,,,"Từ vựng trọng tâm theo ngữ cảnh TOEIC; học cùng ví dụ, word family và collocation.","toeic,v4,sales-marketing,workplace",The sales team discussed the questionnaire during the meeting.,YangLingo TOEIC Expansion v4
product line,dòng sản phẩm,,noun,The sales team discussed the product line during the meeting.,Nhóm bán hàng đã thảo luận về dòng sản phẩm trong cuộc họp.,B1,,VOCABULARY,Sales Marketing,TOEIC Workplace,5,2,,product catalog; launch a product; product demonstration,,"Từ vựng trọng tâm theo ngữ cảnh TOEIC; học cùng ví dụ, word family và collocation.","toeic,v4,sales-marketing,workplace",The sales team discussed the product line during the meeting.,YangLingo TOEIC Expansion v4
branding,hoạt động xây dựng thương hiệu,,noun,The sales team discussed the branding during the meeting.,Nhóm bán hàng đã thảo luận về hoạt động xây dựng thương hiệu trong cuộc họp.,B1,,VOCABULARY,Sales Marketing,TOEIC Workplace,5,2,,,,"Từ vựng trọng tâm theo ngữ cảnh TOEIC; học cùng ví dụ, word family và collocation.","toeic,v4,sales-marketing,workplace",The sales team discussed the branding during the meeting.,YangLingo TOEIC Expansion v4
showcase,"trưng bày, giới thiệu nổi bật",,verb,The company will showcase its new products at the trade show.,Công ty sẽ giới thiệu các sản phẩm mới tại hội chợ thương mại.,B1,,VOCABULARY,Sales Marketing,TOEIC Workplace,5,2,,,,"Từ vựng trọng tâm theo ngữ cảnh TOEIC; học cùng ví dụ, word family và collocation.","toeic,v4,sales-marketing,workplace",The company will showcase its new products at the trade show.,YangLingo TOEIC Expansion v4
demonstration,buổi trình diễn sản phẩm,,noun,The sales team discussed the demonstration during the meeting.,Nhóm bán hàng đã thảo luận về buổi trình diễn sản phẩm trong cuộc họp.,B1,,VOCABULARY,Sales Marketing,TOEIC Workplace,5,2,,product demonstration,,"Từ vựng trọng tâm theo ngữ cảnh TOEIC; học cùng ví dụ, word family và collocation.","toeic,v4,sales-marketing,workplace",The sales team discussed the demonstration during the meeting.,YangLingo TOEIC Expansion v4
negotiation,cuộc đàm phán,,noun,The sales team discussed the negotiation during the meeting.,Nhóm bán hàng đã thảo luận về cuộc đàm phán trong cuộc họp.,B1,,VOCABULARY,Sales Marketing,TOEIC Workplace,5,2,,,negotiate (v) → negotiation (n),"Từ vựng trọng tâm theo ngữ cảnh TOEIC; học cùng ví dụ, word family và collocation.","toeic,v4,sales-marketing,workplace",The sales team discussed the negotiation during the meeting.,YangLingo TOEIC Expansion v4
proposal,đề xuất,,noun,The sales team discussed the proposal during the meeting.,Nhóm bán hàng đã thảo luận về đề xuất trong cuộc họp.,B1,,VOCABULARY,Sales Marketing,TOEIC Workplace,5,2,,submit a proposal; approve a proposal,,"Từ vựng trọng tâm theo ngữ cảnh TOEIC; học cùng ví dụ, word family và collocation.","toeic,v4,sales-marketing,workplace",The sales team discussed the proposal during the meeting.,YangLingo TOEIC Expansion v4
wholesale,bán buôn,,noun,The sales team discussed the wholesale during the meeting.,Nhóm bán hàng đã thảo luận về bán buôn trong cuộc họp.,B1,,VOCABULARY,Sales Marketing,TOEIC Workplace,5,2,,,,"Từ vựng trọng tâm theo ngữ cảnh TOEIC; học cùng ví dụ, word family và collocation.","toeic,v4,sales-marketing,workplace",The sales team discussed the wholesale during the meeting.,YangLingo TOEIC Expansion v4
consumer demand,nhu cầu người tiêu dùng,,noun,The sales team discussed the consumer demand during the meeting.,Nhóm bán hàng đã thảo luận về nhu cầu người tiêu dùng trong cuộc họp.,B1,,VOCABULARY,Sales Marketing,TOEIC Workplace,5,2,,,,"Từ vựng trọng tâm theo ngữ cảnh TOEIC; học cùng ví dụ, word family và collocation.","toeic,v4,sales-marketing,workplace",The sales team discussed the consumer demand during the meeting.,YangLingo TOEIC Expansion v4
customer satisfaction,mức độ hài lòng của khách hàng,,noun,The sales team discussed the customer satisfaction during the meeting.,Nhóm bán hàng đã thảo luận về mức độ hài lòng của khách hàng trong cuộc họp.,B1,,VOCABULARY,Sales Marketing,TOEIC Workplace,5,2,,potential customer; customer feedback,,"Từ vựng trọng tâm theo ngữ cảnh TOEIC; học cùng ví dụ, word family và collocation.","toeic,v4,sales-marketing,workplace",The sales team discussed the customer satisfaction during the meeting.,YangLingo TOEIC Expansion v4
price quote,báo giá,,noun,The sales team discussed the price quote during the meeting.,Nhóm bán hàng đã thảo luận về báo giá trong cuộc họp.,B1,,VOCABULARY,Sales Marketing,TOEIC Workplace,5,2,,negotiate a price,,"Từ vựng trọng tâm theo ngữ cảnh TOEIC; học cùng ví dụ, word family và collocation.","toeic,v4,sales-marketing,workplace",The sales team discussed the price quote during the meeting.,YangLingo TOEIC Expansion v4
reservation,sự đặt chỗ,,noun,Please confirm the reservation before your trip.,Vui lòng xác nhận sự đặt chỗ trước chuyến đi.,B1,,VOCABULARY,Travel Hospitality,TOEIC Workplace,7,2,,make a reservation; confirm a reservation; cancel a reservation,,"Từ vựng trọng tâm theo ngữ cảnh TOEIC; học cùng ví dụ, word family và collocation.","toeic,v4,travel-hospitality,workplace",Please confirm the reservation before your trip.,YangLingo TOEIC Expansion v4
booking,"việc đặt chỗ, đơn đặt chỗ",,noun,Please confirm the booking before your trip.,"Vui lòng xác nhận việc đặt chỗ, đơn đặt chỗ trước chuyến đi.",B1,,VOCABULARY,Travel Hospitality,TOEIC Workplace,7,2,,change a booking,,"Từ vựng trọng tâm theo ngữ cảnh TOEIC; học cùng ví dụ, word family và collocation.","toeic,v4,travel-hospitality,workplace",Please confirm the booking before your trip.,YangLingo TOEIC Expansion v4
itinerary,lịch trình chuyến đi,,noun,Please confirm the itinerary before your trip.,Vui lòng xác nhận lịch trình chuyến đi trước chuyến đi.,B1,,VOCABULARY,Travel Hospitality,TOEIC Workplace,7,2,,travel itinerary,,"Từ vựng trọng tâm theo ngữ cảnh TOEIC; học cùng ví dụ, word family và collocation.","toeic,v4,travel-hospitality,workplace",Please confirm the itinerary before your trip.,YangLingo TOEIC Expansion v4
accommodation,"chỗ ở, nơi lưu trú",,noun,Please confirm the accommodation before your trip.,"Vui lòng xác nhận chỗ ở, nơi lưu trú trước chuyến đi.",B1,,VOCABULARY,Travel Hospitality,TOEIC Workplace,7,2,,hotel accommodation,,"Từ vựng trọng tâm theo ngữ cảnh TOEIC; học cùng ví dụ, word family và collocation.","toeic,v4,travel-hospitality,workplace",Please confirm the accommodation before your trip.,YangLingo TOEIC Expansion v4
check-in,"thủ tục nhận phòng, làm thủ tục chuyến đi",,noun,Please confirm the check-in before your trip.,"Vui lòng xác nhận thủ tục nhận phòng, làm thủ tục chuyến đi trước chuyến đi.",B1,,VOCABULARY,Travel Hospitality,TOEIC Workplace,7,2,,check availability; check references; check inventory; check in online,,"Từ vựng trọng tâm theo ngữ cảnh TOEIC; học cùng ví dụ, word family và collocation.","toeic,v4,travel-hospitality,workplace",Please confirm the check-in before your trip.,YangLingo TOEIC Expansion v4
check-out,thủ tục trả phòng,,noun,Please confirm the check-out before your trip.,Vui lòng xác nhận thủ tục trả phòng trước chuyến đi.,B1,,VOCABULARY,Travel Hospitality,TOEIC Workplace,7,2,,check availability; check references; check inventory; check in online,,"Từ vựng trọng tâm theo ngữ cảnh TOEIC; học cùng ví dụ, word family và collocation.","toeic,v4,travel-hospitality,workplace",Please confirm the check-out before your trip.,YangLingo TOEIC Expansion v4
boarding pass,thẻ lên máy bay,,noun,Please confirm the boarding pass before your trip.,Vui lòng xác nhận thẻ lên máy bay trước chuyến đi.,B1,,VOCABULARY,Travel Hospitality,TOEIC Workplace,7,2,,,,"Từ vựng trọng tâm theo ngữ cảnh TOEIC; học cùng ví dụ, word family và collocation.","toeic,v4,travel-hospitality,workplace",Please confirm the boarding pass before your trip.,YangLingo TOEIC Expansion v4
baggage claim,khu nhận hành lý,,noun,Please confirm the baggage claim before your trip.,Vui lòng xác nhận khu nhận hành lý trước chuyến đi.,B1,,VOCABULARY,Travel Hospitality,TOEIC Workplace,7,2,,claim a refund,,"Từ vựng trọng tâm theo ngữ cảnh TOEIC; học cùng ví dụ, word family và collocation.","toeic,v4,travel-hospitality,workplace",Please confirm the baggage claim before your trip.,YangLingo TOEIC Expansion v4
carry-on,hành lý xách tay,,noun,Please confirm the carry-on before your trip.,Vui lòng xác nhận hành lý xách tay trước chuyến đi.,B1,,VOCABULARY,Travel Hospitality,TOEIC Workplace,7,2,,carry-on luggage; follow up on an issue,,"Từ vựng trọng tâm theo ngữ cảnh TOEIC; học cùng ví dụ, word family và collocation.","toeic,v4,travel-hospitality,workplace",Please confirm the carry-on before your trip.,YangLingo TOEIC Expansion v4
passport,hộ chiếu,,noun,Please confirm the passport before your trip.,Vui lòng xác nhận hộ chiếu trước chuyến đi.,B1,,VOCABULARY,Travel Hospitality,TOEIC Workplace,7,2,,,,"Từ vựng trọng tâm theo ngữ cảnh TOEIC; học cùng ví dụ, word family và collocation.","toeic,v4,travel-hospitality,workplace",Please confirm the passport before your trip.,YangLingo TOEIC Expansion v4
visa,thị thực,,noun,Please confirm the visa before your trip.,Vui lòng xác nhận thị thực trước chuyến đi.,B1,,VOCABULARY,Travel Hospitality,TOEIC Workplace,7,2,,,,"Từ vựng trọng tâm theo ngữ cảnh TOEIC; học cùng ví dụ, word family và collocation.","toeic,v4,travel-hospitality,workplace",Please confirm the visa before your trip.,YangLingo TOEIC Expansion v4
immigration,thủ tục nhập cảnh,,noun,Please confirm the immigration before your trip.,Vui lòng xác nhận thủ tục nhập cảnh trước chuyến đi.,B1,,VOCABULARY,Travel Hospitality,TOEIC Workplace,7,2,,,,"Từ vựng trọng tâm theo ngữ cảnh TOEIC; học cùng ví dụ, word family và collocation.","toeic,v4,travel-hospitality,workplace",Please confirm the immigration before your trip.,YangLingo TOEIC Expansion v4
shuttle,xe đưa đón,,noun,Please confirm the shuttle before your trip.,Vui lòng xác nhận xe đưa đón trước chuyến đi.,B1,,VOCABULARY,Travel Hospitality,TOEIC Workplace,7,2,,shuttle service,,"Từ vựng trọng tâm theo ngữ cảnh TOEIC; học cùng ví dụ, word family và collocation.","toeic,v4,travel-hospitality,workplace",Please confirm the shuttle before your trip.,YangLingo TOEIC Expansion v4
rental car,xe thuê,,noun,Please confirm the rental car before your trip.,Vui lòng xác nhận xe thuê trước chuyến đi.,B1,,VOCABULARY,Travel Hospitality,TOEIC Workplace,7,2,,,,"Từ vựng trọng tâm theo ngữ cảnh TOEIC; học cùng ví dụ, word family và collocation.","toeic,v4,travel-hospitality,workplace",Please confirm the rental car before your trip.,YangLingo TOEIC Expansion v4
cancellation,việc hủy,,noun,Please confirm the cancellation before your trip.,Vui lòng xác nhận việc hủy trước chuyến đi.,B1,,VOCABULARY,Travel Hospitality,TOEIC Workplace,7,2,,flight cancellation,cancel (v) → cancellation (n),"Từ vựng trọng tâm theo ngữ cảnh TOEIC; học cùng ví dụ, word family và collocation.","toeic,v4,travel-hospitality,workplace",Please confirm the cancellation before your trip.,YangLingo TOEIC Expansion v4
ticket counter,quầy bán vé,,noun,Please confirm the ticket counter before your trip.,Vui lòng xác nhận quầy bán vé trước chuyến đi.,B1,,VOCABULARY,Travel Hospitality,TOEIC Workplace,7,2,,,,"Từ vựng trọng tâm theo ngữ cảnh TOEIC; học cùng ví dụ, word family và collocation.","toeic,v4,travel-hospitality,workplace",Please confirm the ticket counter before your trip.,YangLingo TOEIC Expansion v4
confirmation number,mã xác nhận,,noun,Please confirm the confirmation number before your trip.,Vui lòng xác nhận mã xác nhận trước chuyến đi.,B1,,VOCABULARY,Travel Hospitality,TOEIC Workplace,7,2,,batch number,,"Từ vựng trọng tâm theo ngữ cảnh TOEIC; học cùng ví dụ, word family và collocation.","toeic,v4,travel-hospitality,workplace",Please confirm the confirmation number before your trip.,YangLingo TOEIC Expansion v4
concierge,nhân viên hỗ trợ khách sạn,,noun,Please confirm the concierge before your trip.,Vui lòng xác nhận nhân viên hỗ trợ khách sạn trước chuyến đi.,B1,,VOCABULARY,Travel Hospitality,TOEIC Workplace,7,2,,,,"Từ vựng trọng tâm theo ngữ cảnh TOEIC; học cùng ví dụ, word family và collocation.","toeic,v4,travel-hospitality,workplace",Please confirm the concierge before your trip.,YangLingo TOEIC Expansion v4
room service,dịch vụ phòng,,noun,Please confirm the room service before your trip.,Vui lòng xác nhận dịch vụ phòng trước chuyến đi.,B1,,VOCABULARY,Travel Hospitality,TOEIC Workplace,7,2,,reserve a conference room; shuttle service; catering service,,"Từ vựng trọng tâm theo ngữ cảnh TOEIC; học cùng ví dụ, word family và collocation.","toeic,v4,travel-hospitality,workplace",Please confirm the room service before your trip.,YangLingo TOEIC Expansion v4
complimentary,"miễn phí, tặng kèm",,adjective,Guests receive complimentary breakfast with their reservation.,Khách được phục vụ bữa sáng miễn phí kèm đặt phòng.,B1,,VOCABULARY,Travel Hospitality,TOEIC Workplace,7,2,,complimentary breakfast,,"Từ vựng trọng tâm theo ngữ cảnh TOEIC; học cùng ví dụ, word family và collocation.","toeic,v4,travel-hospitality,workplace",Guests receive complimentary breakfast with their reservation.,YangLingo TOEIC Expansion v4
single room,phòng đơn,,noun,Please confirm the single room before your trip.,Vui lòng xác nhận phòng đơn trước chuyến đi.,B1,,VOCABULARY,Travel Hospitality,TOEIC Workplace,7,2,,reserve a conference room,,"Từ vựng trọng tâm theo ngữ cảnh TOEIC; học cùng ví dụ, word family và collocation.","toeic,v4,travel-hospitality,workplace",Please confirm the single room before your trip.,YangLingo TOEIC Expansion v4
double room,phòng đôi,,noun,Please confirm the double room before your trip.,Vui lòng xác nhận phòng đôi trước chuyến đi.,B1,,VOCABULARY,Travel Hospitality,TOEIC Workplace,7,2,,reserve a conference room,,"Từ vựng trọng tâm theo ngữ cảnh TOEIC; học cùng ví dụ, word family và collocation.","toeic,v4,travel-hospitality,workplace",Please confirm the double room before your trip.,YangLingo TOEIC Expansion v4
conference venue,địa điểm hội nghị,,noun,Please confirm the conference venue before your trip.,Vui lòng xác nhận địa điểm hội nghị trước chuyến đi.,B1,,VOCABULARY,Travel Hospitality,TOEIC Workplace,7,2,,reserve a conference room; join a conference call; attend a video conference,,"Từ vựng trọng tâm theo ngữ cảnh TOEIC; học cùng ví dụ, word family và collocation.","toeic,v4,travel-hospitality,workplace",Please confirm the conference venue before your trip.,YangLingo TOEIC Expansion v4
premises,"khuôn viên, cơ sở của doanh nghiệp",,noun,The building manager inspected the premises this afternoon.,"Quản lý tòa nhà đã kiểm tra khuôn viên, cơ sở của doanh nghiệp vào chiều nay.",B1,,VOCABULARY,Facilities Maintenance,TOEIC Workplace,7,2,,,,"Từ vựng trọng tâm theo ngữ cảnh TOEIC; học cùng ví dụ, word family và collocation.","toeic,v4,facilities-maintenance,workplace",The building manager inspected the premises this afternoon.,YangLingo TOEIC Expansion v4
maintenance,việc bảo trì,,noun,The building manager inspected the maintenance this afternoon.,Quản lý tòa nhà đã kiểm tra việc bảo trì vào chiều nay.,B1,,VOCABULARY,Facilities Maintenance,TOEIC Workplace,7,2,,routine maintenance; schedule maintenance,,"Từ vựng trọng tâm theo ngữ cảnh TOEIC; học cùng ví dụ, word family và collocation.","toeic,v4,facilities-maintenance,workplace",The building manager inspected the maintenance this afternoon.,YangLingo TOEIC Expansion v4
renovation,việc cải tạo,,noun,The building manager inspected the renovation this afternoon.,Quản lý tòa nhà đã kiểm tra việc cải tạo vào chiều nay.,B1,,VOCABULARY,Facilities Maintenance,TOEIC Workplace,7,2,,undergo renovation,,"Từ vựng trọng tâm theo ngữ cảnh TOEIC; học cùng ví dụ, word family và collocation.","toeic,v4,facilities-maintenance,workplace",The building manager inspected the renovation this afternoon.,YangLingo TOEIC Expansion v4
contractor,nhà thầu,,noun,The building manager inspected the contractor this afternoon.,Quản lý tòa nhà đã kiểm tra nhà thầu vào chiều nay.,B1,,VOCABULARY,Facilities Maintenance,TOEIC Workplace,7,2,,hire a contractor,,"Từ vựng trọng tâm theo ngữ cảnh TOEIC; học cùng ví dụ, word family và collocation.","toeic,v4,facilities-maintenance,workplace",The building manager inspected the contractor this afternoon.,YangLingo TOEIC Expansion v4
electrician,thợ điện,,noun,The building manager inspected the electrician this afternoon.,Quản lý tòa nhà đã kiểm tra thợ điện vào chiều nay.,B1,,VOCABULARY,Facilities Maintenance,TOEIC Workplace,7,2,,,,"Từ vựng trọng tâm theo ngữ cảnh TOEIC; học cùng ví dụ, word family và collocation.","toeic,v4,facilities-maintenance,workplace",The building manager inspected the electrician this afternoon.,YangLingo TOEIC Expansion v4
plumber,thợ sửa ống nước,,noun,The building manager inspected the plumber this afternoon.,Quản lý tòa nhà đã kiểm tra thợ sửa ống nước vào chiều nay.,B1,,VOCABULARY,Facilities Maintenance,TOEIC Workplace,7,2,,,,"Từ vựng trọng tâm theo ngữ cảnh TOEIC; học cùng ví dụ, word family và collocation.","toeic,v4,facilities-maintenance,workplace",The building manager inspected the plumber this afternoon.,YangLingo TOEIC Expansion v4
inspection,việc kiểm tra,,noun,The building manager inspected the inspection this afternoon.,Quản lý tòa nhà đã kiểm tra việc kiểm tra vào chiều nay.,B1,,VOCABULARY,Facilities Maintenance,TOEIC Workplace,7,2,,conduct an inspection; factory inspection,,"Từ vựng trọng tâm theo ngữ cảnh TOEIC; học cùng ví dụ, word family và collocation.","toeic,v4,facilities-maintenance,workplace",The building manager inspected the inspection this afternoon.,YangLingo TOEIC Expansion v4
malfunction,sự trục trặc,,noun,The building manager inspected the malfunction this afternoon.,Quản lý tòa nhà đã kiểm tra sự trục trặc vào chiều nay.,B1,,VOCABULARY,Facilities Maintenance,TOEIC Workplace,7,2,,equipment malfunction,,"Từ vựng trọng tâm theo ngữ cảnh TOEIC; học cùng ví dụ, word family và collocation.","toeic,v4,facilities-maintenance,workplace",The building manager inspected the malfunction this afternoon.,YangLingo TOEIC Expansion v4
outage,"sự gián đoạn dịch vụ, mất điện",,noun,The building manager inspected the outage this afternoon.,"Quản lý tòa nhà đã kiểm tra sự gián đoạn dịch vụ, mất điện vào chiều nay.",B1,,VOCABULARY,Facilities Maintenance,TOEIC Workplace,7,2,,power outage; system outage,,"Từ vựng trọng tâm theo ngữ cảnh TOEIC; học cùng ví dụ, word family và collocation.","toeic,v4,facilities-maintenance,workplace",The building manager inspected the outage this afternoon.,YangLingo TOEIC Expansion v4
elevator,thang máy,,noun,The building manager inspected the elevator this afternoon.,Quản lý tòa nhà đã kiểm tra thang máy vào chiều nay.,B1,,VOCABULARY,Facilities Maintenance,TOEIC Workplace,7,2,,,,"Từ vựng trọng tâm theo ngữ cảnh TOEIC; học cùng ví dụ, word family và collocation.","toeic,v4,facilities-maintenance,workplace",The building manager inspected the elevator this afternoon.,YangLingo TOEIC Expansion v4
escalator,thang cuốn,,noun,The building manager inspected the escalator this afternoon.,Quản lý tòa nhà đã kiểm tra thang cuốn vào chiều nay.,B1,,VOCABULARY,Facilities Maintenance,TOEIC Workplace,7,2,,,,"Từ vựng trọng tâm theo ngữ cảnh TOEIC; học cùng ví dụ, word family và collocation.","toeic,v4,facilities-maintenance,workplace",The building manager inspected the escalator this afternoon.,YangLingo TOEIC Expansion v4
parking lot,bãi đỗ xe,,noun,The building manager inspected the parking lot this afternoon.,Quản lý tòa nhà đã kiểm tra bãi đỗ xe vào chiều nay.,B1,,VOCABULARY,Facilities Maintenance,TOEIC Workplace,7,2,,,,"Từ vựng trọng tâm theo ngữ cảnh TOEIC; học cùng ví dụ, word family và collocation.","toeic,v4,facilities-maintenance,workplace",The building manager inspected the parking lot this afternoon.,YangLingo TOEIC Expansion v4
floor plan,sơ đồ mặt bằng,,noun,The building manager inspected the floor plan this afternoon.,Quản lý tòa nhà đã kiểm tra sơ đồ mặt bằng vào chiều nay.,B1,,VOCABULARY,Facilities Maintenance,TOEIC Workplace,7,2,,implementation plan,,"Từ vựng trọng tâm theo ngữ cảnh TOEIC; học cùng ví dụ, word family và collocation.","toeic,v4,facilities-maintenance,workplace",The building manager inspected the floor plan this afternoon.,YangLingo TOEIC Expansion v4
blueprint,bản thiết kế kỹ thuật,,noun,The building manager inspected the blueprint this afternoon.,Quản lý tòa nhà đã kiểm tra bản thiết kế kỹ thuật vào chiều nay.,B1,,VOCABULARY,Facilities Maintenance,TOEIC Workplace,7,2,,,,"Từ vựng trọng tâm theo ngữ cảnh TOEIC; học cùng ví dụ, word family và collocation.","toeic,v4,facilities-maintenance,workplace",The building manager inspected the blueprint this afternoon.,YangLingo TOEIC Expansion v4
specification,"thông số, yêu cầu kỹ thuật",,noun,The building manager inspected the specification this afternoon.,"Quản lý tòa nhà đã kiểm tra thông số, yêu cầu kỹ thuật vào chiều nay.",B1,,VOCABULARY,Facilities Maintenance,TOEIC Workplace,7,2,,technical specification,,"Từ vựng trọng tâm theo ngữ cảnh TOEIC; học cùng ví dụ, word family và collocation.","toeic,v4,facilities-maintenance,workplace",The building manager inspected the specification this afternoon.,YangLingo TOEIC Expansion v4
installation,việc lắp đặt,,noun,The building manager inspected the installation this afternoon.,Quản lý tòa nhà đã kiểm tra việc lắp đặt vào chiều nay.,B1,,VOCABULARY,Facilities Maintenance,TOEIC Workplace,7,2,,,install (v) → installation (n),"Từ vựng trọng tâm theo ngữ cảnh TOEIC; học cùng ví dụ, word family và collocation.","toeic,v4,facilities-maintenance,workplace",The building manager inspected the installation this afternoon.,YangLingo TOEIC Expansion v4
ventilation,hệ thống thông gió,,noun,The building manager inspected the ventilation this afternoon.,Quản lý tòa nhà đã kiểm tra hệ thống thông gió vào chiều nay.,B1,,VOCABULARY,Facilities Maintenance,TOEIC Workplace,7,2,,,,"Từ vựng trọng tâm theo ngữ cảnh TOEIC; học cùng ví dụ, word family và collocation.","toeic,v4,facilities-maintenance,workplace",The building manager inspected the ventilation this afternoon.,YangLingo TOEIC Expansion v4
air conditioning,hệ thống điều hòa không khí,,noun,The building manager inspected the air conditioning this afternoon.,Quản lý tòa nhà đã kiểm tra hệ thống điều hòa không khí vào chiều nay.,B1,,VOCABULARY,Facilities Maintenance,TOEIC Workplace,7,2,,air-conditioning system,,"Từ vựng trọng tâm theo ngữ cảnh TOEIC; học cùng ví dụ, word family và collocation.","toeic,v4,facilities-maintenance,workplace",The building manager inspected the air conditioning this afternoon.,YangLingo TOEIC Expansion v4
manufacturer,nhà sản xuất,,noun,The factory reviewed the manufacturer to improve production.,Nhà máy đã xem xét nhà sản xuất để cải thiện sản xuất.,B2,,VOCABULARY,Manufacturing Production,TOEIC Workplace,7,3,,,,"Từ vựng trọng tâm theo ngữ cảnh TOEIC; học cùng ví dụ, word family và collocation.","toeic,v4,manufacturing-production,workplace",The factory reviewed the manufacturer to improve production.,YangLingo TOEIC Expansion v4
manufacturing,hoạt động sản xuất,,noun,The factory reviewed the manufacturing to improve production.,Nhà máy đã xem xét hoạt động sản xuất để cải thiện sản xuất.,B2,,VOCABULARY,Manufacturing Production,TOEIC Workplace,7,3,,manufacturing defect,manufacture (v) → manufacturer (n) → manufacturing (n),"Từ vựng trọng tâm theo ngữ cảnh TOEIC; học cùng ví dụ, word family và collocation.","toeic,v4,manufacturing-production,workplace",The factory reviewed the manufacturing to improve production.,YangLingo TOEIC Expansion v4
production line,dây chuyền sản xuất,,noun,The factory reviewed the production line to improve production.,Nhà máy đã xem xét dây chuyền sản xuất để cải thiện sản xuất.,B2,,VOCABULARY,Manufacturing Production,TOEIC Workplace,7,3,,production capacity; production target,,"Từ vựng trọng tâm theo ngữ cảnh TOEIC; học cùng ví dụ, word family và collocation.","toeic,v4,manufacturing-production,workplace",The factory reviewed the production line to improve production.,YangLingo TOEIC Expansion v4
raw material,nguyên vật liệu,,noun,The factory reviewed the raw material to improve production.,Nhà máy đã xem xét nguyên vật liệu để cải thiện sản xuất.,B2,,VOCABULARY,Manufacturing Production,TOEIC Workplace,7,3,,raw materials,,"Từ vựng trọng tâm theo ngữ cảnh TOEIC; học cùng ví dụ, word family và collocation.","toeic,v4,manufacturing-production,workplace",The factory reviewed the raw material to improve production.,YangLingo TOEIC Expansion v4
quality control,kiểm soát chất lượng,,noun,The factory reviewed the quality control to improve production.,Nhà máy đã xem xét kiểm soát chất lượng để cải thiện sản xuất.,B2,,VOCABULARY,Manufacturing Production,TOEIC Workplace,7,3,,,,"Từ vựng trọng tâm theo ngữ cảnh TOEIC; học cùng ví dụ, word family và collocation.","toeic,v4,manufacturing-production,workplace",The factory reviewed the quality control to improve production.,YangLingo TOEIC Expansion v4
productivity,năng suất,,noun,The factory reviewed the productivity to improve production.,Nhà máy đã xem xét năng suất để cải thiện sản xuất.,B2,,VOCABULARY,Manufacturing Production,TOEIC Workplace,7,3,,improve productivity,,"Từ vựng trọng tâm theo ngữ cảnh TOEIC; học cùng ví dụ, word family và collocation.","toeic,v4,manufacturing-production,workplace",The factory reviewed the productivity to improve production.,YangLingo TOEIC Expansion v4
efficiency,hiệu suất,,noun,The factory reviewed the efficiency to improve production.,Nhà máy đã xem xét hiệu suất để cải thiện sản xuất.,B2,,VOCABULARY,Manufacturing Production,TOEIC Workplace,7,3,,operating efficiency,,"Từ vựng trọng tâm theo ngữ cảnh TOEIC; học cùng ví dụ, word family và collocation.","toeic,v4,manufacturing-production,workplace",The factory reviewed the efficiency to improve production.,YangLingo TOEIC Expansion v4
machinery,máy móc,,noun,The factory reviewed the machinery to improve production.,Nhà máy đã xem xét máy móc để cải thiện sản xuất.,B2,,VOCABULARY,Manufacturing Production,TOEIC Workplace,7,3,,operate machinery,,"Từ vựng trọng tâm theo ngữ cảnh TOEIC; học cùng ví dụ, word family và collocation.","toeic,v4,manufacturing-production,workplace",The factory reviewed the machinery to improve production.,YangLingo TOEIC Expansion v4
operator,người vận hành,,noun,The factory reviewed the operator to improve production.,Nhà máy đã xem xét người vận hành để cải thiện sản xuất.,B2,,VOCABULARY,Manufacturing Production,TOEIC Workplace,7,3,,machine operator,,"Từ vựng trọng tâm theo ngữ cảnh TOEIC; học cùng ví dụ, word family và collocation.","toeic,v4,manufacturing-production,workplace",The factory reviewed the operator to improve production.,YangLingo TOEIC Expansion v4
supply chain,chuỗi cung ứng,,noun,The factory reviewed the supply chain to improve production.,Nhà máy đã xem xét chuỗi cung ứng để cải thiện sản xuất.,B2,,VOCABULARY,Manufacturing Production,TOEIC Workplace,7,3,,,,"Từ vựng trọng tâm theo ngữ cảnh TOEIC; học cùng ví dụ, word family và collocation.","toeic,v4,manufacturing-production,workplace",The factory reviewed the supply chain to improve production.,YangLingo TOEIC Expansion v4
assembly line,dây chuyền lắp ráp,,noun,The factory reviewed the assembly line to improve production.,Nhà máy đã xem xét dây chuyền lắp ráp để cải thiện sản xuất.,B2,,VOCABULARY,Manufacturing Production,TOEIC Workplace,7,3,,,,"Từ vựng trọng tâm theo ngữ cảnh TOEIC; học cùng ví dụ, word family và collocation.","toeic,v4,manufacturing-production,workplace",The factory reviewed the assembly line to improve production.,YangLingo TOEIC Expansion v4
safety inspection,kiểm tra an toàn,,noun,The factory reviewed the safety inspection to improve production.,Nhà máy đã xem xét kiểm tra an toàn để cải thiện sản xuất.,B2,,VOCABULARY,Manufacturing Production,TOEIC Workplace,7,3,,safety procedure; conduct an inspection; factory inspection,,"Từ vựng trọng tâm theo ngữ cảnh TOEIC; học cùng ví dụ, word family và collocation.","toeic,v4,manufacturing-production,workplace",The factory reviewed the safety inspection to improve production.,YangLingo TOEIC Expansion v4
production schedule,lịch sản xuất,,noun,The factory reviewed the production schedule to improve production.,Nhà máy đã xem xét lịch sản xuất để cải thiện sản xuất.,B2,,VOCABULARY,Manufacturing Production,TOEIC Workplace,7,3,,production capacity; production target; schedule a meeting; update the schedule,,"Từ vựng trọng tâm theo ngữ cảnh TOEIC; học cùng ví dụ, word family và collocation.","toeic,v4,manufacturing-production,workplace",The factory reviewed the production schedule to improve production.,YangLingo TOEIC Expansion v4
quality standard,tiêu chuẩn chất lượng,,noun,The factory reviewed the quality standard to improve production.,Nhà máy đã xem xét tiêu chuẩn chất lượng để cải thiện sản xuất.,B2,,VOCABULARY,Manufacturing Production,TOEIC Workplace,7,3,,,,"Từ vựng trọng tâm theo ngữ cảnh TOEIC; học cùng ví dụ, word family và collocation.","toeic,v4,manufacturing-production,workplace",The factory reviewed the quality standard to improve production.,YangLingo TOEIC Expansion v4
batch,lô sản xuất,,noun,The factory reviewed the batch to improve production.,Nhà máy đã xem xét lô sản xuất để cải thiện sản xuất.,B2,,VOCABULARY,Manufacturing Production,TOEIC Workplace,7,3,,batch number,,"Từ vựng trọng tâm theo ngữ cảnh TOEIC; học cùng ví dụ, word family và collocation.","toeic,v4,manufacturing-production,workplace",The factory reviewed the batch to improve production.,YangLingo TOEIC Expansion v4
hardware,phần cứng,,noun,The technician checked the hardware to solve the problem.,Kỹ thuật viên đã kiểm tra phần cứng để xử lý sự cố.,B1,,VOCABULARY,IT Technical Support,TOEIC Workplace,5,2,,,,"Từ vựng trọng tâm theo ngữ cảnh TOEIC; học cùng ví dụ, word family và collocation.","toeic,v4,it-technical-support,workplace",The technician checked the hardware to solve the problem.,YangLingo TOEIC Expansion v4
network,mạng máy tính,,noun,The technician checked the network to solve the problem.,Kỹ thuật viên đã kiểm tra mạng máy tính để xử lý sự cố.,B1,,VOCABULARY,IT Technical Support,TOEIC Workplace,5,2,,network connection; wireless network,,"Từ vựng trọng tâm theo ngữ cảnh TOEIC; học cùng ví dụ, word family và collocation.","toeic,v4,it-technical-support,workplace",The technician checked the network to solve the problem.,YangLingo TOEIC Expansion v4
server,máy chủ,,noun,The technician checked the server to solve the problem.,Kỹ thuật viên đã kiểm tra máy chủ để xử lý sự cố.,B1,,VOCABULARY,IT Technical Support,TOEIC Workplace,5,2,,,,"Từ vựng trọng tâm theo ngữ cảnh TOEIC; học cùng ví dụ, word family và collocation.","toeic,v4,it-technical-support,workplace",The technician checked the server to solve the problem.,YangLingo TOEIC Expansion v4
username,tên đăng nhập,,noun,The technician checked the username to solve the problem.,Kỹ thuật viên đã kiểm tra tên đăng nhập để xử lý sự cố.,B1,,VOCABULARY,IT Technical Support,TOEIC Workplace,5,2,,,,"Từ vựng trọng tâm theo ngữ cảnh TOEIC; học cùng ví dụ, word family và collocation.","toeic,v4,it-technical-support,workplace",The technician checked the username to solve the problem.,YangLingo TOEIC Expansion v4
login,việc đăng nhập,,noun,The technician checked the login to solve the problem.,Kỹ thuật viên đã kiểm tra việc đăng nhập để xử lý sự cố.,B1,,VOCABULARY,IT Technical Support,TOEIC Workplace,5,2,,,,"Từ vựng trọng tâm theo ngữ cảnh TOEIC; học cùng ví dụ, word family và collocation.","toeic,v4,it-technical-support,workplace",The technician checked the login to solve the problem.,YangLingo TOEIC Expansion v4
upload,tải lên,,verb,Please upload the signed form to the company portal.,Vui lòng tải biểu mẫu đã ký lên cổng thông tin của công ty.,B1,,VOCABULARY,IT Technical Support,TOEIC Workplace,5,2,,upload a file,,"Từ vựng trọng tâm theo ngữ cảnh TOEIC; học cùng ví dụ, word family và collocation.","toeic,v4,it-technical-support,workplace",Please upload the signed form to the company portal.,YangLingo TOEIC Expansion v4
download,tải xuống,,verb,You can download the invoice from your account.,Bạn có thể tải hóa đơn xuống từ tài khoản của mình.,B1,,VOCABULARY,IT Technical Support,TOEIC Workplace,5,2,,download an attachment,,"Từ vựng trọng tâm theo ngữ cảnh TOEIC; học cùng ví dụ, word family và collocation.","toeic,v4,it-technical-support,workplace",You can download the invoice from your account.,YangLingo TOEIC Expansion v4
backup,bản sao lưu,,noun,The technician checked the backup to solve the problem.,Kỹ thuật viên đã kiểm tra bản sao lưu để xử lý sự cố.,B1,,VOCABULARY,IT Technical Support,TOEIC Workplace,5,2,,restore a backup,,"Từ vựng trọng tâm theo ngữ cảnh TOEIC; học cùng ví dụ, word family và collocation.","toeic,v4,it-technical-support,workplace",The technician checked the backup to solve the problem.,YangLingo TOEIC Expansion v4
configuration,cấu hình,,noun,The technician checked the configuration to solve the problem.,Kỹ thuật viên đã kiểm tra cấu hình để xử lý sự cố.,B1,,VOCABULARY,IT Technical Support,TOEIC Workplace,5,2,,,configure (v) → configuration (n),"Từ vựng trọng tâm theo ngữ cảnh TOEIC; học cùng ví dụ, word family và collocation.","toeic,v4,it-technical-support,workplace",The technician checked the configuration to solve the problem.,YangLingo TOEIC Expansion v4
troubleshoot,chẩn đoán và xử lý sự cố,,verb,The technician will troubleshoot the network problem.,Kỹ thuật viên sẽ chẩn đoán và xử lý sự cố mạng.,B1,,VOCABULARY,IT Technical Support,TOEIC Workplace,5,2,,troubleshoot a problem,,"Từ vựng trọng tâm theo ngữ cảnh TOEIC; học cùng ví dụ, word family và collocation.","toeic,v4,it-technical-support,workplace",The technician will troubleshoot the network problem.,YangLingo TOEIC Expansion v4
error message,thông báo lỗi,,noun,The technician checked the error message to solve the problem.,Kỹ thuật viên đã kiểm tra thông báo lỗi để xử lý sự cố.,B1,,VOCABULARY,IT Technical Support,TOEIC Workplace,5,2,,,,"Từ vựng trọng tâm theo ngữ cảnh TOEIC; học cùng ví dụ, word family và collocation.","toeic,v4,it-technical-support,workplace",The technician checked the error message to solve the problem.,YangLingo TOEIC Expansion v4
connectivity,khả năng kết nối,,noun,The technician checked the connectivity to solve the problem.,Kỹ thuật viên đã kiểm tra khả năng kết nối để xử lý sự cố.,B1,,VOCABULARY,IT Technical Support,TOEIC Workplace,5,2,,,,"Từ vựng trọng tâm theo ngữ cảnh TOEIC; học cùng ví dụ, word family và collocation.","toeic,v4,it-technical-support,workplace",The technician checked the connectivity to solve the problem.,YangLingo TOEIC Expansion v4
wireless,không dây,,adjective,The conference room has a secure wireless connection.,Phòng họp có kết nối không dây an toàn.,B1,,VOCABULARY,IT Technical Support,TOEIC Workplace,5,2,,wireless network,,"Từ vựng trọng tâm theo ngữ cảnh TOEIC; học cùng ví dụ, word family và collocation.","toeic,v4,it-technical-support,workplace",The conference room has a secure wireless connection.,YangLingo TOEIC Expansion v4
router,bộ định tuyến,,noun,The technician checked the router to solve the problem.,Kỹ thuật viên đã kiểm tra bộ định tuyến để xử lý sự cố.,B1,,VOCABULARY,IT Technical Support,TOEIC Workplace,5,2,,,,"Từ vựng trọng tâm theo ngữ cảnh TOEIC; học cùng ví dụ, word family và collocation.","toeic,v4,it-technical-support,workplace",The technician checked the router to solve the problem.,YangLingo TOEIC Expansion v4
technical support,hỗ trợ kỹ thuật,,noun,The technician checked the technical support to solve the problem.,Kỹ thuật viên đã kiểm tra hỗ trợ kỹ thuật để xử lý sự cố.,B1,,VOCABULARY,IT Technical Support,TOEIC Workplace,5,2,,technical specification,,"Từ vựng trọng tâm theo ngữ cảnh TOEIC; học cùng ví dụ, word family và collocation.","toeic,v4,it-technical-support,workplace",The technician checked the technical support to solve the problem.,YangLingo TOEIC Expansion v4
help desk,bộ phận hỗ trợ kỹ thuật,,noun,The technician checked the help desk to solve the problem.,Kỹ thuật viên đã kiểm tra bộ phận hỗ trợ kỹ thuật để xử lý sự cố.,B1,,VOCABULARY,IT Technical Support,TOEIC Workplace,5,2,,contact the help desk,,"Từ vựng trọng tâm theo ngữ cảnh TOEIC; học cùng ví dụ, word family và collocation.","toeic,v4,it-technical-support,workplace",The technician checked the help desk to solve the problem.,YangLingo TOEIC Expansion v4
encryption,mã hóa,,noun,The technician checked the encryption to solve the problem.,Kỹ thuật viên đã kiểm tra mã hóa để xử lý sự cố.,B1,,VOCABULARY,IT Technical Support,TOEIC Workplace,5,2,,,,"Từ vựng trọng tâm theo ngữ cảnh TOEIC; học cùng ví dụ, word family và collocation.","toeic,v4,it-technical-support,workplace",The technician checked the encryption to solve the problem.,YangLingo TOEIC Expansion v4
firewall,tường lửa,,noun,The technician checked the firewall to solve the problem.,Kỹ thuật viên đã kiểm tra tường lửa để xử lý sự cố.,B1,,VOCABULARY,IT Technical Support,TOEIC Workplace,5,2,,,,"Từ vựng trọng tâm theo ngữ cảnh TOEIC; học cùng ví dụ, word family và collocation.","toeic,v4,it-technical-support,workplace",The technician checked the firewall to solve the problem.,YangLingo TOEIC Expansion v4
license key,mã bản quyền,,noun,The technician checked the license key to solve the problem.,Kỹ thuật viên đã kiểm tra mã bản quyền để xử lý sự cố.,B1,,VOCABULARY,IT Technical Support,TOEIC Workplace,5,2,,software license; key stakeholder,,"Từ vựng trọng tâm theo ngữ cảnh TOEIC; học cùng ví dụ, word family và collocation.","toeic,v4,it-technical-support,workplace",The technician checked the license key to solve the problem.,YangLingo TOEIC Expansion v4
milestone,mốc quan trọng của dự án,,noun,The project team discussed the milestone at the weekly meeting.,Nhóm dự án đã thảo luận về mốc quan trọng của dự án trong cuộc họp tuần.,B1,,VOCABULARY,Projects Meetings,TOEIC Workplace,5,2,,meet a milestone,,"Từ vựng trọng tâm theo ngữ cảnh TOEIC; học cùng ví dụ, word family và collocation.","toeic,v4,projects-meetings,workplace",The project team discussed the milestone at the weekly meeting.,YangLingo TOEIC Expansion v4
deliverable,"sản phẩm, đầu việc phải bàn giao",,noun,The project team discussed the deliverable at the weekly meeting.,"Nhóm dự án đã thảo luận về sản phẩm, đầu việc phải bàn giao trong cuộc họp tuần.",B1,,VOCABULARY,Projects Meetings,TOEIC Workplace,5,2,,project deliverable,,"Từ vựng trọng tâm theo ngữ cảnh TOEIC; học cùng ví dụ, word family và collocation.","toeic,v4,projects-meetings,workplace",The project team discussed the deliverable at the weekly meeting.,YangLingo TOEIC Expansion v4
status update,báo cáo cập nhật tình trạng,,noun,The project team discussed the status update at the weekly meeting.,Nhóm dự án đã thảo luận về báo cáo cập nhật tình trạng trong cuộc họp tuần.,B1,,VOCABULARY,Projects Meetings,TOEIC Workplace,5,2,,provide a status update; update the schedule; security update,,"Từ vựng trọng tâm theo ngữ cảnh TOEIC; học cùng ví dụ, word family và collocation.","toeic,v4,projects-meetings,workplace",The project team discussed the status update at the weekly meeting.,YangLingo TOEIC Expansion v4
facilitator,người điều phối cuộc họp,,noun,The project team discussed the facilitator at the weekly meeting.,Nhóm dự án đã thảo luận về người điều phối cuộc họp trong cuộc họp tuần.,B1,,VOCABULARY,Projects Meetings,TOEIC Workplace,5,2,,,,"Từ vựng trọng tâm theo ngữ cảnh TOEIC; học cùng ví dụ, word family và collocation.","toeic,v4,projects-meetings,workplace",The project team discussed the facilitator at the weekly meeting.,YangLingo TOEIC Expansion v4
stakeholder,bên liên quan,,noun,The project team discussed the stakeholder at the weekly meeting.,Nhóm dự án đã thảo luận về bên liên quan trong cuộc họp tuần.,B1,,VOCABULARY,Projects Meetings,TOEIC Workplace,5,2,,key stakeholder,,"Từ vựng trọng tâm theo ngữ cảnh TOEIC; học cùng ví dụ, word family và collocation.","toeic,v4,projects-meetings,workplace",The project team discussed the stakeholder at the weekly meeting.,YangLingo TOEIC Expansion v4
timeline,"dòng thời gian, tiến độ",,noun,The project team discussed the timeline at the weekly meeting.,"Nhóm dự án đã thảo luận về dòng thời gian, tiến độ trong cuộc họp tuần.",B1,,VOCABULARY,Projects Meetings,TOEIC Workplace,5,2,,project timeline,,"Từ vựng trọng tâm theo ngữ cảnh TOEIC; học cùng ví dụ, word family và collocation.","toeic,v4,projects-meetings,workplace",The project team discussed the timeline at the weekly meeting.,YangLingo TOEIC Expansion v4
implementation,việc triển khai,,noun,The project team discussed the implementation at the weekly meeting.,Nhóm dự án đã thảo luận về việc triển khai trong cuộc họp tuần.,B1,,VOCABULARY,Projects Meetings,TOEIC Workplace,5,2,,implementation plan,implement (v) → implementation (n),"Từ vựng trọng tâm theo ngữ cảnh TOEIC; học cùng ví dụ, word family và collocation.","toeic,v4,projects-meetings,workplace",The project team discussed the implementation at the weekly meeting.,YangLingo TOEIC Expansion v4
revision,bản sửa đổi,,noun,The project team discussed the revision at the weekly meeting.,Nhóm dự án đã thảo luận về bản sửa đổi trong cuộc họp tuần.,B1,,VOCABULARY,Projects Meetings,TOEIC Workplace,5,2,,,revise (v) → revision (n),"Từ vựng trọng tâm theo ngữ cảnh TOEIC; học cùng ví dụ, word family và collocation.","toeic,v4,projects-meetings,workplace",The project team discussed the revision at the weekly meeting.,YangLingo TOEIC Expansion v4
draft,bản nháp,,noun,The project team discussed the draft at the weekly meeting.,Nhóm dự án đã thảo luận về bản nháp trong cuộc họp tuần.,B1,,VOCABULARY,Projects Meetings,TOEIC Workplace,5,2,,revise a draft,,"Từ vựng trọng tâm theo ngữ cảnh TOEIC; học cùng ví dụ, word family và collocation.","toeic,v4,projects-meetings,workplace",The project team discussed the draft at the weekly meeting.,YangLingo TOEIC Expansion v4
conference call,cuộc họp qua điện thoại,,noun,The project team discussed the conference call at the weekly meeting.,Nhóm dự án đã thảo luận về cuộc họp qua điện thoại trong cuộc họp tuần.,B1,,VOCABULARY,Projects Meetings,TOEIC Workplace,5,2,,reserve a conference room; join a conference call; attend a video conference,,"Từ vựng trọng tâm theo ngữ cảnh TOEIC; học cùng ví dụ, word family và collocation.","toeic,v4,projects-meetings,workplace",The project team discussed the conference call at the weekly meeting.,YangLingo TOEIC Expansion v4
video conference,cuộc họp trực tuyến bằng video,,noun,The project team discussed the video conference at the weekly meeting.,Nhóm dự án đã thảo luận về cuộc họp trực tuyến bằng video trong cuộc họp tuần.,B1,,VOCABULARY,Projects Meetings,TOEIC Workplace,5,2,,attend a video conference; reserve a conference room; join a conference call,,"Từ vựng trọng tâm theo ngữ cảnh TOEIC; học cùng ví dụ, word family và collocation.","toeic,v4,projects-meetings,workplace",The project team discussed the video conference at the weekly meeting.,YangLingo TOEIC Expansion v4
action item,đầu việc cần thực hiện,,noun,The project team discussed the action item at the weekly meeting.,Nhóm dự án đã thảo luận về đầu việc cần thực hiện trong cuộc họp tuần.,B1,,VOCABULARY,Projects Meetings,TOEIC Workplace,5,2,,return a defective item; exchange an item,,"Từ vựng trọng tâm theo ngữ cảnh TOEIC; học cùng ví dụ, word family và collocation.","toeic,v4,projects-meetings,workplace",The project team discussed the action item at the weekly meeting.,YangLingo TOEIC Expansion v4
follow-up,"việc theo dõi, trao đổi tiếp",,noun,The project team discussed the follow-up at the weekly meeting.,"Nhóm dự án đã thảo luận về việc theo dõi, trao đổi tiếp trong cuộc họp tuần.",B1,,VOCABULARY,Projects Meetings,TOEIC Workplace,5,2,,follow up on an issue; back up data,,"Từ vựng trọng tâm theo ngữ cảnh TOEIC; học cùng ví dụ, word family và collocation.","toeic,v4,projects-meetings,workplace",The project team discussed the follow-up at the weekly meeting.,YangLingo TOEIC Expansion v4
progress report,báo cáo tiến độ,,noun,The project team discussed the progress report at the weekly meeting.,Nhóm dự án đã thảo luận về báo cáo tiến độ trong cuộc họp tuần.,B1,,VOCABULARY,Projects Meetings,TOEIC Workplace,5,2,,submit an expense report,,"Từ vựng trọng tâm theo ngữ cảnh TOEIC; học cùng ví dụ, word family và collocation.","toeic,v4,projects-meetings,workplace",The project team discussed the progress report at the weekly meeting.,YangLingo TOEIC Expansion v4
project brief,bản tóm tắt dự án,,noun,The project team discussed the project brief at the weekly meeting.,Nhóm dự án đã thảo luận về bản tóm tắt dự án trong cuộc họp tuần.,B1,,VOCABULARY,Projects Meetings,TOEIC Workplace,5,2,,project deliverable; project scope; project timeline,,"Từ vựng trọng tâm theo ngữ cảnh TOEIC; học cùng ví dụ, word family và collocation.","toeic,v4,projects-meetings,workplace",The project team discussed the project brief at the weekly meeting.,YangLingo TOEIC Expansion v4
project kickoff,buổi khởi động dự án,,noun,The project team discussed the project kickoff at the weekly meeting.,Nhóm dự án đã thảo luận về buổi khởi động dự án trong cuộc họp tuần.,B1,,VOCABULARY,Projects Meetings,TOEIC Workplace,5,2,,project deliverable; project scope; project timeline; kickoff meeting,,"Từ vựng trọng tâm theo ngữ cảnh TOEIC; học cùng ví dụ, word family và collocation.","toeic,v4,projects-meetings,workplace",The project team discussed the project kickoff at the weekly meeting.,YangLingo TOEIC Expansion v4
contingency plan,kế hoạch dự phòng,,noun,The project team discussed the contingency plan at the weekly meeting.,Nhóm dự án đã thảo luận về kế hoạch dự phòng trong cuộc họp tuần.,B1,,VOCABULARY,Projects Meetings,TOEIC Workplace,5,2,,implementation plan,,"Từ vựng trọng tâm theo ngữ cảnh TOEIC; học cùng ví dụ, word family và collocation.","toeic,v4,projects-meetings,workplace",The project team discussed the contingency plan at the weekly meeting.,YangLingo TOEIC Expansion v4
clause,điều khoản,,noun,The legal team reviewed the clause before signing the agreement.,Bộ phận pháp lý đã xem lại điều khoản trước khi ký thỏa thuận.,B2,,VOCABULARY,Legal Contracts,TOEIC Workplace,7,3,,contract clause,,"Từ vựng trọng tâm theo ngữ cảnh TOEIC; học cùng ví dụ, word family và collocation.","toeic,v4,legal-contracts,workplace",The legal team reviewed the clause before signing the agreement.,YangLingo TOEIC Expansion v4
renewal,việc gia hạn,,noun,The legal team reviewed the renewal before signing the agreement.,Bộ phận pháp lý đã xem lại việc gia hạn trước khi ký thỏa thuận.,B2,,VOCABULARY,Legal Contracts,TOEIC Workplace,7,3,,,,"Từ vựng trọng tâm theo ngữ cảnh TOEIC; học cùng ví dụ, word family và collocation.","toeic,v4,legal-contracts,workplace",The legal team reviewed the renewal before signing the agreement.,YangLingo TOEIC Expansion v4
expiration,sự hết hạn,,noun,The legal team reviewed the expiration before signing the agreement.,Bộ phận pháp lý đã xem lại sự hết hạn trước khi ký thỏa thuận.,B2,,VOCABULARY,Legal Contracts,TOEIC Workplace,7,3,,,,"Từ vựng trọng tâm theo ngữ cảnh TOEIC; học cùng ví dụ, word family và collocation.","toeic,v4,legal-contracts,workplace",The legal team reviewed the expiration before signing the agreement.,YangLingo TOEIC Expansion v4
termination,sự chấm dứt,,noun,The legal team reviewed the termination before signing the agreement.,Bộ phận pháp lý đã xem lại sự chấm dứt trước khi ký thỏa thuận.,B2,,VOCABULARY,Legal Contracts,TOEIC Workplace,7,3,,,,"Từ vựng trọng tâm theo ngữ cảnh TOEIC; học cùng ví dụ, word family và collocation.","toeic,v4,legal-contracts,workplace",The legal team reviewed the termination before signing the agreement.,YangLingo TOEIC Expansion v4
obligation,nghĩa vụ,,noun,The legal team reviewed the obligation before signing the agreement.,Bộ phận pháp lý đã xem lại nghĩa vụ trước khi ký thỏa thuận.,B2,,VOCABULARY,Legal Contracts,TOEIC Workplace,7,3,,legal obligation,,"Từ vựng trọng tâm theo ngữ cảnh TOEIC; học cùng ví dụ, word family và collocation.","toeic,v4,legal-contracts,workplace",The legal team reviewed the obligation before signing the agreement.,YangLingo TOEIC Expansion v4
compliance,sự tuân thủ,,noun,The legal team reviewed the compliance before signing the agreement.,Bộ phận pháp lý đã xem lại sự tuân thủ trước khi ký thỏa thuận.,B2,,VOCABULARY,Legal Contracts,TOEIC Workplace,7,3,,,,"Từ vựng trọng tâm theo ngữ cảnh TOEIC; học cùng ví dụ, word family và collocation.","toeic,v4,legal-contracts,workplace",The legal team reviewed the compliance before signing the agreement.,YangLingo TOEIC Expansion v4
signatory,người ký kết,,noun,The legal team reviewed the signatory before signing the agreement.,Bộ phận pháp lý đã xem lại người ký kết trước khi ký thỏa thuận.,B2,,VOCABULARY,Legal Contracts,TOEIC Workplace,7,3,,,,"Từ vựng trọng tâm theo ngữ cảnh TOEIC; học cùng ví dụ, word family và collocation.","toeic,v4,legal-contracts,workplace",The legal team reviewed the signatory before signing the agreement.,YangLingo TOEIC Expansion v4
confidentiality,tính bảo mật,,noun,The legal team reviewed the confidentiality before signing the agreement.,Bộ phận pháp lý đã xem lại tính bảo mật trước khi ký thỏa thuận.,B2,,VOCABULARY,Legal Contracts,TOEIC Workplace,7,3,,confidentiality agreement,,"Từ vựng trọng tâm theo ngữ cảnh TOEIC; học cùng ví dụ, word family và collocation.","toeic,v4,legal-contracts,workplace",The legal team reviewed the confidentiality before signing the agreement.,YangLingo TOEIC Expansion v4
settlement,"sự dàn xếp, thỏa thuận giải quyết",,noun,The legal team reviewed the settlement before signing the agreement.,"Bộ phận pháp lý đã xem lại sự dàn xếp, thỏa thuận giải quyết trước khi ký thỏa thuận.",B2,,VOCABULARY,Legal Contracts,TOEIC Workplace,7,3,,,,"Từ vựng trọng tâm theo ngữ cảnh TOEIC; học cùng ví dụ, word family và collocation.","toeic,v4,legal-contracts,workplace",The legal team reviewed the settlement before signing the agreement.,YangLingo TOEIC Expansion v4
terms and conditions,điều khoản và điều kiện,,noun,The legal team reviewed the terms and conditions before signing the agreement.,Bộ phận pháp lý đã xem lại điều khoản và điều kiện trước khi ký thỏa thuận.,B2,,VOCABULARY,Legal Contracts,TOEIC Workplace,7,3,,,,"Từ vựng trọng tâm theo ngữ cảnh TOEIC; học cùng ví dụ, word family và collocation.","toeic,v4,legal-contracts,workplace",The legal team reviewed the terms and conditions before signing the agreement.,YangLingo TOEIC Expansion v4
contract renewal,gia hạn hợp đồng,,noun,The legal team reviewed the contract renewal before signing the agreement.,Bộ phận pháp lý đã xem lại gia hạn hợp đồng trước khi ký thỏa thuận.,B2,,VOCABULARY,Legal Contracts,TOEIC Workplace,7,3,,sign a contract; renew a contract; terminate a contract; contract clause,,"Từ vựng trọng tâm theo ngữ cảnh TOEIC; học cùng ví dụ, word family và collocation.","toeic,v4,legal-contracts,workplace",The legal team reviewed the contract renewal before signing the agreement.,YangLingo TOEIC Expansion v4
notice period,thời hạn báo trước,,noun,The legal team reviewed the notice period before signing the agreement.,Bộ phận pháp lý đã xem lại thời hạn báo trước trước khi ký thỏa thuận.,B2,,VOCABULARY,Legal Contracts,TOEIC Workplace,7,3,,,,"Từ vựng trọng tâm theo ngữ cảnh TOEIC; học cùng ví dụ, word family và collocation.","toeic,v4,legal-contracts,workplace",The legal team reviewed the notice period before signing the agreement.,YangLingo TOEIC Expansion v4
service agreement,thỏa thuận dịch vụ,,noun,The legal team reviewed the service agreement before signing the agreement.,Bộ phận pháp lý đã xem lại thỏa thuận dịch vụ trước khi ký thỏa thuận.,B2,,VOCABULARY,Legal Contracts,TOEIC Workplace,7,3,,shuttle service; catering service; confidentiality agreement,,"Từ vựng trọng tâm theo ngữ cảnh TOEIC; học cùng ví dụ, word family và collocation.","toeic,v4,legal-contracts,workplace",The legal team reviewed the service agreement before signing the agreement.,YangLingo TOEIC Expansion v4
checkout,"quầy, bước thanh toán",,noun,A customer asked about the checkout at the service desk.,"Một khách hàng đã hỏi về quầy, bước thanh toán tại quầy dịch vụ.",B1,,VOCABULARY,Retail Customer Service,TOEIC Workplace,7,2,,,,"Từ vựng trọng tâm theo ngữ cảnh TOEIC; học cùng ví dụ, word family và collocation.","toeic,v4,retail-customer-service,workplace",A customer asked about the checkout at the service desk.,YangLingo TOEIC Expansion v4
cashier,nhân viên thu ngân,,noun,A customer asked about the cashier at the service desk.,Một khách hàng đã hỏi về nhân viên thu ngân tại quầy dịch vụ.,B1,,VOCABULARY,Retail Customer Service,TOEIC Workplace,7,2,,,,"Từ vựng trọng tâm theo ngữ cảnh TOEIC; học cùng ví dụ, word family và collocation.","toeic,v4,retail-customer-service,workplace",A customer asked about the cashier at the service desk.,YangLingo TOEIC Expansion v4
fitting room,phòng thử đồ,,noun,A customer asked about the fitting room at the service desk.,Một khách hàng đã hỏi về phòng thử đồ tại quầy dịch vụ.,B1,,VOCABULARY,Retail Customer Service,TOEIC Workplace,7,2,,reserve a conference room,,"Từ vựng trọng tâm theo ngữ cảnh TOEIC; học cùng ví dụ, word family và collocation.","toeic,v4,retail-customer-service,workplace",A customer asked about the fitting room at the service desk.,YangLingo TOEIC Expansion v4
store hours,giờ mở cửa của cửa hàng,,noun,A customer asked about the store hours at the service desk.,Một khách hàng đã hỏi về giờ mở cửa của cửa hàng tại quầy dịch vụ.,B1,,VOCABULARY,Retail Customer Service,TOEIC Workplace,7,2,,,,"Từ vựng trọng tâm theo ngữ cảnh TOEIC; học cùng ví dụ, word family và collocation.","toeic,v4,retail-customer-service,workplace",A customer asked about the store hours at the service desk.,YangLingo TOEIC Expansion v4
payment method,phương thức thanh toán,,noun,A customer asked about the payment method at the service desk.,Một khách hàng đã hỏi về phương thức thanh toán tại quầy dịch vụ.,B1,,VOCABULARY,Retail Customer Service,TOEIC Workplace,7,2,,overdue payment; process a payment; credit card payment,,"Từ vựng trọng tâm theo ngữ cảnh TOEIC; học cùng ví dụ, word family và collocation.","toeic,v4,retail-customer-service,workplace",A customer asked about the payment method at the service desk.,YangLingo TOEIC Expansion v4
customer service desk,quầy dịch vụ khách hàng,,noun,A customer asked about the customer service desk at the service desk.,Một khách hàng đã hỏi về quầy dịch vụ khách hàng tại quầy dịch vụ.,B1,,VOCABULARY,Retail Customer Service,TOEIC Workplace,7,2,,potential customer; customer feedback; shuttle service; catering service,,"Từ vựng trọng tâm theo ngữ cảnh TOEIC; học cùng ví dụ, word family và collocation.","toeic,v4,retail-customer-service,workplace",A customer asked about the customer service desk at the service desk.,YangLingo TOEIC Expansion v4
loyalty program,chương trình khách hàng thân thiết,,noun,A customer asked about the loyalty program at the service desk.,Một khách hàng đã hỏi về chương trình khách hàng thân thiết tại quầy dịch vụ.,B1,,VOCABULARY,Retail Customer Service,TOEIC Workplace,7,2,,,,"Từ vựng trọng tâm theo ngữ cảnh TOEIC; học cùng ví dụ, word family và collocation.","toeic,v4,retail-customer-service,workplace",A customer asked about the loyalty program at the service desk.,YangLingo TOEIC Expansion v4
gift card,thẻ quà tặng,,noun,A customer asked about the gift card at the service desk.,Một khách hàng đã hỏi về thẻ quà tặng tại quầy dịch vụ.,B1,,VOCABULARY,Retail Customer Service,TOEIC Workplace,7,2,,credit card payment,,"Từ vựng trọng tâm theo ngữ cảnh TOEIC; học cùng ví dụ, word family và collocation.","toeic,v4,retail-customer-service,workplace",A customer asked about the gift card at the service desk.,YangLingo TOEIC Expansion v4
return window,thời hạn được phép đổi trả,,noun,A customer asked about the return window at the service desk.,Một khách hàng đã hỏi về thời hạn được phép đổi trả tại quầy dịch vụ.,B1,,VOCABULARY,Retail Customer Service,TOEIC Workplace,7,2,,return a defective item,,"Từ vựng trọng tâm theo ngữ cảnh TOEIC; học cùng ví dụ, word family và collocation.","toeic,v4,retail-customer-service,workplace",A customer asked about the return window at the service desk.,YangLingo TOEIC Expansion v4
product display,khu trưng bày sản phẩm,,noun,A customer asked about the product display at the service desk.,Một khách hàng đã hỏi về khu trưng bày sản phẩm tại quầy dịch vụ.,B1,,VOCABULARY,Retail Customer Service,TOEIC Workplace,7,2,,product catalog; launch a product; product demonstration,,"Từ vựng trọng tâm theo ngữ cảnh TOEIC; học cùng ví dụ, word family và collocation.","toeic,v4,retail-customer-service,workplace",A customer asked about the product display at the service desk.,YangLingo TOEIC Expansion v4
special offer,ưu đãi đặc biệt,,noun,A customer asked about the special offer at the service desk.,Một khách hàng đã hỏi về ưu đãi đặc biệt tại quầy dịch vụ.,B1,,VOCABULARY,Retail Customer Service,TOEIC Workplace,7,2,,accept a job offer; reject a job offer; offer a discount,,"Từ vựng trọng tâm theo ngữ cảnh TOEIC; học cùng ví dụ, word family và collocation.","toeic,v4,retail-customer-service,workplace",A customer asked about the special offer at the service desk.,YangLingo TOEIC Expansion v4
seminar,hội thảo chuyên đề,,noun,The organizer confirmed the seminar before the event.,Ban tổ chức đã xác nhận hội thảo chuyên đề trước sự kiện.,B1,,VOCABULARY,Events Conferences,TOEIC Workplace,7,2,,attend a seminar,,"Từ vựng trọng tâm theo ngữ cảnh TOEIC; học cùng ví dụ, word family và collocation.","toeic,v4,events-conferences,workplace",The organizer confirmed the seminar before the event.,YangLingo TOEIC Expansion v4
workshop,buổi hội thảo thực hành,,noun,The organizer confirmed the workshop before the event.,Ban tổ chức đã xác nhận buổi hội thảo thực hành trước sự kiện.,B1,,VOCABULARY,Events Conferences,TOEIC Workplace,7,2,,host a workshop,,"Từ vựng trọng tâm theo ngữ cảnh TOEIC; học cùng ví dụ, word family và collocation.","toeic,v4,events-conferences,workplace",The organizer confirmed the workshop before the event.,YangLingo TOEIC Expansion v4
exhibition,triển lãm,,noun,The organizer confirmed the exhibition before the event.,Ban tổ chức đã xác nhận triển lãm trước sự kiện.,B1,,VOCABULARY,Events Conferences,TOEIC Workplace,7,2,,exhibition hall; exhibition booth,,"Từ vựng trọng tâm theo ngữ cảnh TOEIC; học cùng ví dụ, word family và collocation.","toeic,v4,events-conferences,workplace",The organizer confirmed the exhibition before the event.,YangLingo TOEIC Expansion v4
trade show,hội chợ thương mại,,noun,The organizer confirmed the trade show before the event.,Ban tổ chức đã xác nhận hội chợ thương mại trước sự kiện.,B1,,VOCABULARY,Events Conferences,TOEIC Workplace,7,2,,show a receipt,,"Từ vựng trọng tâm theo ngữ cảnh TOEIC; học cùng ví dụ, word family và collocation.","toeic,v4,events-conferences,workplace",The organizer confirmed the trade show before the event.,YangLingo TOEIC Expansion v4
registration,việc đăng ký,,noun,The organizer confirmed the registration before the event.,Ban tổ chức đã xác nhận việc đăng ký trước sự kiện.,B1,,VOCABULARY,Events Conferences,TOEIC Workplace,7,2,,,register (v) → registration (n),"Từ vựng trọng tâm theo ngữ cảnh TOEIC; học cùng ví dụ, word family và collocation.","toeic,v4,events-conferences,workplace",The organizer confirmed the registration before the event.,YangLingo TOEIC Expansion v4
speaker,diễn giả,,noun,The organizer confirmed the speaker before the event.,Ban tổ chức đã xác nhận diễn giả trước sự kiện.,B1,,VOCABULARY,Events Conferences,TOEIC Workplace,7,2,,keynote speaker,,"Từ vựng trọng tâm theo ngữ cảnh TOEIC; học cùng ví dụ, word family và collocation.","toeic,v4,events-conferences,workplace",The organizer confirmed the speaker before the event.,YangLingo TOEIC Expansion v4
presenter,người thuyết trình,,noun,The organizer confirmed the presenter before the event.,Ban tổ chức đã xác nhận người thuyết trình trước sự kiện.,B1,,VOCABULARY,Events Conferences,TOEIC Workplace,7,2,,,,"Từ vựng trọng tâm theo ngữ cảnh TOEIC; học cùng ví dụ, word family và collocation.","toeic,v4,events-conferences,workplace",The organizer confirmed the presenter before the event.,YangLingo TOEIC Expansion v4
booth,gian hàng,,noun,The organizer confirmed the booth before the event.,Ban tổ chức đã xác nhận gian hàng trước sự kiện.,B1,,VOCABULARY,Events Conferences,TOEIC Workplace,7,2,,exhibition booth,,"Từ vựng trọng tâm theo ngữ cảnh TOEIC; học cùng ví dụ, word family và collocation.","toeic,v4,events-conferences,workplace",The organizer confirmed the booth before the event.,YangLingo TOEIC Expansion v4
catering,dịch vụ ăn uống sự kiện,,noun,The organizer confirmed the catering before the event.,Ban tổ chức đã xác nhận dịch vụ ăn uống sự kiện trước sự kiện.,B1,,VOCABULARY,Events Conferences,TOEIC Workplace,7,2,,catering service,,"Từ vựng trọng tâm theo ngữ cảnh TOEIC; học cùng ví dụ, word family và collocation.","toeic,v4,events-conferences,workplace",The organizer confirmed the catering before the event.,YangLingo TOEIC Expansion v4
sponsor,nhà tài trợ,,noun,The organizer confirmed the sponsor before the event.,Ban tổ chức đã xác nhận nhà tài trợ trước sự kiện.,B1,,VOCABULARY,Events Conferences,TOEIC Workplace,7,2,,corporate sponsor,,"Từ vựng trọng tâm theo ngữ cảnh TOEIC; học cùng ví dụ, word family và collocation.","toeic,v4,events-conferences,workplace",The organizer confirmed the sponsor before the event.,YangLingo TOEIC Expansion v4
sponsorship,sự tài trợ,,noun,The organizer confirmed the sponsorship before the event.,Ban tổ chức đã xác nhận sự tài trợ trước sự kiện.,B1,,VOCABULARY,Events Conferences,TOEIC Workplace,7,2,,,,"Từ vựng trọng tâm theo ngữ cảnh TOEIC; học cùng ví dụ, word family và collocation.","toeic,v4,events-conferences,workplace",The organizer confirmed the sponsorship before the event.,YangLingo TOEIC Expansion v4
conference badge,thẻ đeo hội nghị,,noun,The organizer confirmed the conference badge before the event.,Ban tổ chức đã xác nhận thẻ đeo hội nghị trước sự kiện.,B1,,VOCABULARY,Events Conferences,TOEIC Workplace,7,2,,reserve a conference room; join a conference call; attend a video conference,,"Từ vựng trọng tâm theo ngữ cảnh TOEIC; học cùng ví dụ, word family và collocation.","toeic,v4,events-conferences,workplace",The organizer confirmed the conference badge before the event.,YangLingo TOEIC Expansion v4
registration desk,quầy đăng ký,,noun,The organizer confirmed the registration desk before the event.,Ban tổ chức đã xác nhận quầy đăng ký trước sự kiện.,B1,,VOCABULARY,Events Conferences,TOEIC Workplace,7,2,,contact the help desk,,"Từ vựng trọng tâm theo ngữ cảnh TOEIC; học cùng ví dụ, word family và collocation.","toeic,v4,events-conferences,workplace",The organizer confirmed the registration desk before the event.,YangLingo TOEIC Expansion v4
exhibit hall,sảnh triển lãm,,noun,The organizer confirmed the exhibit hall before the event.,Ban tổ chức đã xác nhận sảnh triển lãm trước sự kiện.,B1,,VOCABULARY,Events Conferences,TOEIC Workplace,7,2,,exhibition hall,,"Từ vựng trọng tâm theo ngữ cảnh TOEIC; học cùng ví dụ, word family và collocation.","toeic,v4,events-conferences,workplace",The organizer confirmed the exhibit hall before the event.,YangLingo TOEIC Expansion v4
keynote speech,bài phát biểu chính,,noun,The organizer confirmed the keynote speech before the event.,Ban tổ chức đã xác nhận bài phát biểu chính trước sự kiện.,B1,,VOCABULARY,Events Conferences,TOEIC Workplace,7,2,,keynote speaker,,"Từ vựng trọng tâm theo ngữ cảnh TOEIC; học cùng ví dụ, word family và collocation.","toeic,v4,events-conferences,workplace",The organizer confirmed the keynote speech before the event.,YangLingo TOEIC Expansion v4
networking session,"phiên kết nối, giao lưu nghề nghiệp",,noun,The organizer confirmed the networking session before the event.,"Ban tổ chức đã xác nhận phiên kết nối, giao lưu nghề nghiệp trước sự kiện.",B1,,VOCABULARY,Events Conferences,TOEIC Workplace,7,2,,training session,,"Từ vựng trọng tâm theo ngữ cảnh TOEIC; học cùng ví dụ, word family và collocation.","toeic,v4,events-conferences,workplace",The organizer confirmed the networking session before the event.,YangLingo TOEIC Expansion v4
meet a deadline,đáp ứng đúng hạn,,phrase,Please meet a deadline before the deadline.,Vui lòng đáp ứng đúng hạn trước hạn chót.,B1,,COLLOCATION,Office Administration,TOEIC Collocation,5,2,,meet a deadline,,Cụm từ thường gặp trong ngữ cảnh công việc và bài thi TOEIC.,"toeic,v4,collocation,office-administration",Please meet a deadline before the deadline.,YangLingo TOEIC Expansion v4
miss a deadline,trễ hạn,,phrase,Please miss a deadline before the deadline.,Vui lòng trễ hạn trước hạn chót.,B1,,COLLOCATION,Office Administration,TOEIC Collocation,5,2,,miss a deadline,,Cụm từ thường gặp trong ngữ cảnh công việc và bài thi TOEIC.,"toeic,v4,collocation,office-administration",Please miss a deadline before the deadline.,YangLingo TOEIC Expansion v4
set a deadline,đặt hạn chót,,phrase,Please set a deadline before the deadline.,Vui lòng đặt hạn chót trước hạn chót.,B1,,COLLOCATION,Office Administration,TOEIC Collocation,5,2,,set a deadline,,Cụm từ thường gặp trong ngữ cảnh công việc và bài thi TOEIC.,"toeic,v4,collocation,office-administration",Please set a deadline before the deadline.,YangLingo TOEIC Expansion v4
schedule a meeting,lên lịch cuộc họp,,phrase,Please schedule a meeting before the deadline.,Vui lòng lên lịch cuộc họp trước hạn chót.,B1,,COLLOCATION,Office Administration,TOEIC Collocation,5,2,,schedule a meeting,,Cụm từ thường gặp trong ngữ cảnh công việc và bài thi TOEIC.,"toeic,v4,collocation,office-administration",Please schedule a meeting before the deadline.,YangLingo TOEIC Expansion v4
reschedule a meeting,đổi lịch cuộc họp,,phrase,Please reschedule a meeting before the deadline.,Vui lòng đổi lịch cuộc họp trước hạn chót.,B1,,COLLOCATION,Office Administration,TOEIC Collocation,5,2,,reschedule a meeting,,Cụm từ thường gặp trong ngữ cảnh công việc và bài thi TOEIC.,"toeic,v4,collocation,office-administration",Please reschedule a meeting before the deadline.,YangLingo TOEIC Expansion v4
postpone a meeting,hoãn cuộc họp,,phrase,Please postpone a meeting before the deadline.,Vui lòng hoãn cuộc họp trước hạn chót.,B1,,COLLOCATION,Office Administration,TOEIC Collocation,5,2,,postpone a meeting,,Cụm từ thường gặp trong ngữ cảnh công việc và bài thi TOEIC.,"toeic,v4,collocation,office-administration",Please postpone a meeting before the deadline.,YangLingo TOEIC Expansion v4
confirm an appointment,xác nhận cuộc hẹn,,phrase,Please confirm an appointment before the deadline.,Vui lòng xác nhận cuộc hẹn trước hạn chót.,B1,,COLLOCATION,Office Administration,TOEIC Collocation,5,2,,confirm an appointment,,Cụm từ thường gặp trong ngữ cảnh công việc và bài thi TOEIC.,"toeic,v4,collocation,office-administration",Please confirm an appointment before the deadline.,YangLingo TOEIC Expansion v4
make an appointment,đặt lịch hẹn,,phrase,Please make an appointment before the deadline.,Vui lòng đặt lịch hẹn trước hạn chót.,B1,,COLLOCATION,Office Administration,TOEIC Collocation,5,2,,make an appointment,,Cụm từ thường gặp trong ngữ cảnh công việc và bài thi TOEIC.,"toeic,v4,collocation,office-administration",Please make an appointment before the deadline.,YangLingo TOEIC Expansion v4
attach a file,đính kèm tệp,,phrase,Please attach a file before the deadline.,Vui lòng đính kèm tệp trước hạn chót.,B1,,COLLOCATION,Office Administration,TOEIC Collocation,5,2,,attach a file,,Cụm từ thường gặp trong ngữ cảnh công việc và bài thi TOEIC.,"toeic,v4,collocation,office-administration",Please attach a file before the deadline.,YangLingo TOEIC Expansion v4
forward an email,chuyển tiếp email,,phrase,Please forward an email before the deadline.,Vui lòng chuyển tiếp email trước hạn chót.,B1,,COLLOCATION,Office Administration,TOEIC Collocation,5,2,,forward an email,,Cụm từ thường gặp trong ngữ cảnh công việc và bài thi TOEIC.,"toeic,v4,collocation,office-administration",Please forward an email before the deadline.,YangLingo TOEIC Expansion v4
reply to an inquiry,trả lời yêu cầu hỏi thông tin,,phrase,Please reply to an inquiry before the deadline.,Vui lòng trả lời yêu cầu hỏi thông tin trước hạn chót.,B1,,COLLOCATION,Office Administration,TOEIC Collocation,5,2,,reply to an inquiry,,Cụm từ thường gặp trong ngữ cảnh công việc và bài thi TOEIC.,"toeic,v4,collocation,office-administration",Please reply to an inquiry before the deadline.,YangLingo TOEIC Expansion v4
submit a form,nộp biểu mẫu,,phrase,Please submit a form before the deadline.,Vui lòng nộp biểu mẫu trước hạn chót.,B1,,COLLOCATION,Office Administration,TOEIC Collocation,5,2,,submit a form,,Cụm từ thường gặp trong ngữ cảnh công việc và bài thi TOEIC.,"toeic,v4,collocation,office-administration",Please submit a form before the deadline.,YangLingo TOEIC Expansion v4
sign a document,ký tài liệu,,phrase,Please sign a document before the deadline.,Vui lòng ký tài liệu trước hạn chót.,B1,,COLLOCATION,Office Administration,TOEIC Collocation,5,2,,sign a document,,Cụm từ thường gặp trong ngữ cảnh công việc và bài thi TOEIC.,"toeic,v4,collocation,office-administration",Please sign a document before the deadline.,YangLingo TOEIC Expansion v4
review the minutes,xem lại biên bản cuộc họp,,phrase,Please review the minutes before the deadline.,Vui lòng xem lại biên bản cuộc họp trước hạn chót.,B1,,COLLOCATION,Office Administration,TOEIC Collocation,5,2,,review the minutes,,Cụm từ thường gặp trong ngữ cảnh công việc và bài thi TOEIC.,"toeic,v4,collocation,office-administration",Please review the minutes before the deadline.,YangLingo TOEIC Expansion v4
circulate a memo,phổ biến bản ghi nhớ,,phrase,Please circulate a memo before the deadline.,Vui lòng phổ biến bản ghi nhớ trước hạn chót.,B1,,COLLOCATION,Office Administration,TOEIC Collocation,5,2,,circulate a memo,,Cụm từ thường gặp trong ngữ cảnh công việc và bài thi TOEIC.,"toeic,v4,collocation,office-administration",Please circulate a memo before the deadline.,YangLingo TOEIC Expansion v4
reserve a conference room,đặt phòng họp,,phrase,Please reserve a conference room before the deadline.,Vui lòng đặt phòng họp trước hạn chót.,B1,,COLLOCATION,Office Administration,TOEIC Collocation,5,2,,reserve a conference room,,Cụm từ thường gặp trong ngữ cảnh công việc và bài thi TOEIC.,"toeic,v4,collocation,office-administration",Please reserve a conference room before the deadline.,YangLingo TOEIC Expansion v4
check availability,kiểm tra thời gian hoặc tình trạng sẵn có,,phrase,Please check availability before the deadline.,Vui lòng kiểm tra thời gian hoặc tình trạng sẵn có trước hạn chót.,B1,,COLLOCATION,Office Administration,TOEIC Collocation,5,2,,check availability,,Cụm từ thường gặp trong ngữ cảnh công việc và bài thi TOEIC.,"toeic,v4,collocation,office-administration",Please check availability before the deadline.,YangLingo TOEIC Expansion v4
update the schedule,cập nhật lịch,,phrase,Please update the schedule before the deadline.,Vui lòng cập nhật lịch trước hạn chót.,B1,,COLLOCATION,Office Administration,TOEIC Collocation,5,2,,update the schedule,,Cụm từ thường gặp trong ngữ cảnh công việc và bài thi TOEIC.,"toeic,v4,collocation,office-administration",Please update the schedule before the deadline.,YangLingo TOEIC Expansion v4
file a document,lưu hồ sơ một tài liệu,,phrase,Please file a document before the deadline.,Vui lòng lưu hồ sơ một tài liệu trước hạn chót.,B1,,COLLOCATION,Office Administration,TOEIC Collocation,5,2,,file a document,,Cụm từ thường gặp trong ngữ cảnh công việc và bài thi TOEIC.,"toeic,v4,collocation,office-administration",Please file a document before the deadline.,YangLingo TOEIC Expansion v4
retrieve a file,lấy lại một tệp hoặc hồ sơ,,phrase,Please retrieve a file before the deadline.,Vui lòng lấy lại một tệp hoặc hồ sơ trước hạn chót.,B1,,COLLOCATION,Office Administration,TOEIC Collocation,5,2,,retrieve a file,,Cụm từ thường gặp trong ngữ cảnh công việc và bài thi TOEIC.,"toeic,v4,collocation,office-administration",Please retrieve a file before the deadline.,YangLingo TOEIC Expansion v4
submit an application,nộp đơn ứng tuyển,,phrase,Please submit an application before the deadline.,Vui lòng nộp đơn ứng tuyển trước hạn chót.,B1,,COLLOCATION,Human Resources,TOEIC Collocation,5,2,,submit an application,,Cụm từ thường gặp trong ngữ cảnh công việc và bài thi TOEIC.,"toeic,v4,collocation,human-resources",Please submit an application before the deadline.,YangLingo TOEIC Expansion v4
fill a vacancy,tuyển người vào vị trí trống,,phrase,Please fill a vacancy before the deadline.,Vui lòng tuyển người vào vị trí trống trước hạn chót.,B1,,COLLOCATION,Human Resources,TOEIC Collocation,5,2,,fill a vacancy,,Cụm từ thường gặp trong ngữ cảnh công việc và bài thi TOEIC.,"toeic,v4,collocation,human-resources",Please fill a vacancy before the deadline.,YangLingo TOEIC Expansion v4
meet the qualifications,đáp ứng yêu cầu trình độ,,phrase,Please meet the qualifications before the deadline.,Vui lòng đáp ứng yêu cầu trình độ trước hạn chót.,B1,,COLLOCATION,Human Resources,TOEIC Collocation,5,2,,meet the qualifications,,Cụm từ thường gặp trong ngữ cảnh công việc và bài thi TOEIC.,"toeic,v4,collocation,human-resources",Please meet the qualifications before the deadline.,YangLingo TOEIC Expansion v4
conduct an interview,tiến hành phỏng vấn,,phrase,Please conduct an interview before the deadline.,Vui lòng tiến hành phỏng vấn trước hạn chót.,B1,,COLLOCATION,Human Resources,TOEIC Collocation,5,2,,conduct an interview,,Cụm từ thường gặp trong ngữ cảnh công việc và bài thi TOEIC.,"toeic,v4,collocation,human-resources",Please conduct an interview before the deadline.,YangLingo TOEIC Expansion v4
shortlist candidates,lập danh sách ứng viên rút gọn,,phrase,Please shortlist candidates before the deadline.,Vui lòng lập danh sách ứng viên rút gọn trước hạn chót.,B1,,COLLOCATION,Human Resources,TOEIC Collocation,5,2,,shortlist candidates,,Cụm từ thường gặp trong ngữ cảnh công việc và bài thi TOEIC.,"toeic,v4,collocation,human-resources",Please shortlist candidates before the deadline.,YangLingo TOEIC Expansion v4
check references,kiểm tra người hoặc thư giới thiệu,,phrase,Please check references before the deadline.,Vui lòng kiểm tra người hoặc thư giới thiệu trước hạn chót.,B1,,COLLOCATION,Human Resources,TOEIC Collocation,5,2,,check references,,Cụm từ thường gặp trong ngữ cảnh công việc và bài thi TOEIC.,"toeic,v4,collocation,human-resources",Please check references before the deadline.,YangLingo TOEIC Expansion v4
accept a job offer,chấp nhận lời mời làm việc,,phrase,Please accept a job offer before the deadline.,Vui lòng chấp nhận lời mời làm việc trước hạn chót.,B1,,COLLOCATION,Human Resources,TOEIC Collocation,5,2,,accept a job offer,,Cụm từ thường gặp trong ngữ cảnh công việc và bài thi TOEIC.,"toeic,v4,collocation,human-resources",Please accept a job offer before the deadline.,YangLingo TOEIC Expansion v4
reject a job offer,từ chối lời mời làm việc,,phrase,Please reject a job offer before the deadline.,Vui lòng từ chối lời mời làm việc trước hạn chót.,B1,,COLLOCATION,Human Resources,TOEIC Collocation,5,2,,reject a job offer,,Cụm từ thường gặp trong ngữ cảnh công việc và bài thi TOEIC.,"toeic,v4,collocation,human-resources",Please reject a job offer before the deadline.,YangLingo TOEIC Expansion v4
attend orientation,tham dự buổi định hướng,,phrase,Please attend orientation before the deadline.,Vui lòng tham dự buổi định hướng trước hạn chót.,B1,,COLLOCATION,Human Resources,TOEIC Collocation,5,2,,attend orientation,,Cụm từ thường gặp trong ngữ cảnh công việc và bài thi TOEIC.,"toeic,v4,collocation,human-resources",Please attend orientation before the deadline.,YangLingo TOEIC Expansion v4
complete probation,hoàn thành thời gian thử việc,,phrase,Please complete probation before the deadline.,Vui lòng hoàn thành thời gian thử việc trước hạn chót.,B1,,COLLOCATION,Human Resources,TOEIC Collocation,5,2,,complete probation,,Cụm từ thường gặp trong ngữ cảnh công việc và bài thi TOEIC.,"toeic,v4,collocation,human-resources",Please complete probation before the deadline.,YangLingo TOEIC Expansion v4
receive a promotion,được thăng chức,,phrase,Please receive a promotion before the deadline.,Vui lòng được thăng chức trước hạn chót.,B1,,COLLOCATION,Human Resources,TOEIC Collocation,5,2,,receive a promotion,,Cụm từ thường gặp trong ngữ cảnh công việc và bài thi TOEIC.,"toeic,v4,collocation,human-resources",Please receive a promotion before the deadline.,YangLingo TOEIC Expansion v4
submit a resignation,nộp đơn nghỉ việc,,phrase,Please submit a resignation before the deadline.,Vui lòng nộp đơn nghỉ việc trước hạn chót.,B1,,COLLOCATION,Human Resources,TOEIC Collocation,5,2,,submit a resignation,,Cụm từ thường gặp trong ngữ cảnh công việc và bài thi TOEIC.,"toeic,v4,collocation,human-resources",Please submit a resignation before the deadline.,YangLingo TOEIC Expansion v4
work overtime,làm thêm giờ,,phrase,Please work overtime before the deadline.,Vui lòng làm thêm giờ trước hạn chót.,B1,,COLLOCATION,Human Resources,TOEIC Collocation,5,2,,work overtime,,Cụm từ thường gặp trong ngữ cảnh công việc và bài thi TOEIC.,"toeic,v4,collocation,human-resources",Please work overtime before the deadline.,YangLingo TOEIC Expansion v4
process payroll,xử lý bảng lương,,phrase,Please process payroll before the deadline.,Vui lòng xử lý bảng lương trước hạn chót.,B1,,COLLOCATION,Human Resources,TOEIC Collocation,5,2,,process payroll,,Cụm từ thường gặp trong ngữ cảnh công việc và bài thi TOEIC.,"toeic,v4,collocation,human-resources",Please process payroll before the deadline.,YangLingo TOEIC Expansion v4
request paid leave,xin nghỉ có lương,,phrase,Please request paid leave before the deadline.,Vui lòng xin nghỉ có lương trước hạn chót.,B1,,COLLOCATION,Human Resources,TOEIC Collocation,5,2,,request paid leave,,Cụm từ thường gặp trong ngữ cảnh công việc và bài thi TOEIC.,"toeic,v4,collocation,human-resources",Please request paid leave before the deadline.,YangLingo TOEIC Expansion v4
performance appraisal,đánh giá hiệu suất,,phrase,The team discussed the performance appraisal during the meeting.,Nhóm đã thảo luận về đánh giá hiệu suất trong cuộc họp.,B1,,COLLOCATION,Human Resources,TOEIC Collocation,5,2,,performance appraisal,,Cụm từ thường gặp trong ngữ cảnh công việc và bài thi TOEIC.,"toeic,v4,collocation,human-resources",The team discussed the performance appraisal during the meeting.,YangLingo TOEIC Expansion v4
employee benefits,phúc lợi nhân viên,,phrase,The team discussed the employee benefits during the meeting.,Nhóm đã thảo luận về phúc lợi nhân viên trong cuộc họp.,B1,,COLLOCATION,Human Resources,TOEIC Collocation,5,2,,employee benefits,,Cụm từ thường gặp trong ngữ cảnh công việc và bài thi TOEIC.,"toeic,v4,collocation,human-resources",The team discussed the employee benefits during the meeting.,YangLingo TOEIC Expansion v4
training session,buổi đào tạo,,phrase,The team discussed the training session during the meeting.,Nhóm đã thảo luận về buổi đào tạo trong cuộc họp.,B1,,COLLOCATION,Human Resources,TOEIC Collocation,5,2,,training session,,Cụm từ thường gặp trong ngữ cảnh công việc và bài thi TOEIC.,"toeic,v4,collocation,human-resources",The team discussed the training session during the meeting.,YangLingo TOEIC Expansion v4
career development,phát triển nghề nghiệp,,phrase,The team discussed the career development during the meeting.,Nhóm đã thảo luận về phát triển nghề nghiệp trong cuộc họp.,B1,,COLLOCATION,Human Resources,TOEIC Collocation,5,2,,career development,,Cụm từ thường gặp trong ngữ cảnh công việc và bài thi TOEIC.,"toeic,v4,collocation,human-resources",The team discussed the career development during the meeting.,YangLingo TOEIC Expansion v4
staff shortage,thiếu nhân sự,,phrase,The team discussed the staff shortage during the meeting.,Nhóm đã thảo luận về thiếu nhân sự trong cuộc họp.,B1,,COLLOCATION,Human Resources,TOEIC Collocation,5,2,,staff shortage,,Cụm từ thường gặp trong ngữ cảnh công việc và bài thi TOEIC.,"toeic,v4,collocation,human-resources",The team discussed the staff shortage during the meeting.,YangLingo TOEIC Expansion v4
issue an invoice,phát hành hóa đơn,,phrase,Please issue an invoice before the deadline.,Vui lòng phát hành hóa đơn trước hạn chót.,B2,,COLLOCATION,Finance Accounting,TOEIC Collocation,5,3,,issue an invoice,,Cụm từ thường gặp trong ngữ cảnh công việc và bài thi TOEIC.,"toeic,v4,collocation,finance-accounting",Please issue an invoice before the deadline.,YangLingo TOEIC Expansion v4
pay an invoice,thanh toán hóa đơn,,phrase,Please pay an invoice before the deadline.,Vui lòng thanh toán hóa đơn trước hạn chót.,B2,,COLLOCATION,Finance Accounting,TOEIC Collocation,5,3,,pay an invoice,,Cụm từ thường gặp trong ngữ cảnh công việc và bài thi TOEIC.,"toeic,v4,collocation,finance-accounting",Please pay an invoice before the deadline.,YangLingo TOEIC Expansion v4
process a reimbursement,xử lý hoàn trả chi phí,,phrase,Please process a reimbursement before the deadline.,Vui lòng xử lý hoàn trả chi phí trước hạn chót.,B2,,COLLOCATION,Finance Accounting,TOEIC Collocation,5,3,,process a reimbursement,,Cụm từ thường gặp trong ngữ cảnh công việc và bài thi TOEIC.,"toeic,v4,collocation,finance-accounting",Please process a reimbursement before the deadline.,YangLingo TOEIC Expansion v4
submit an expense report,nộp báo cáo chi phí,,phrase,Please submit an expense report before the deadline.,Vui lòng nộp báo cáo chi phí trước hạn chót.,B2,,COLLOCATION,Finance Accounting,TOEIC Collocation,5,3,,submit an expense report,,Cụm từ thường gặp trong ngữ cảnh công việc và bài thi TOEIC.,"toeic,v4,collocation,finance-accounting",Please submit an expense report before the deadline.,YangLingo TOEIC Expansion v4
approve a budget,phê duyệt ngân sách,,phrase,Please approve a budget before the deadline.,Vui lòng phê duyệt ngân sách trước hạn chót.,B2,,COLLOCATION,Finance Accounting,TOEIC Collocation,5,3,,approve a budget,,Cụm từ thường gặp trong ngữ cảnh công việc và bài thi TOEIC.,"toeic,v4,collocation,finance-accounting",Please approve a budget before the deadline.,YangLingo TOEIC Expansion v4
exceed the budget,vượt ngân sách,,phrase,Please exceed the budget before the deadline.,Vui lòng vượt ngân sách trước hạn chót.,B2,,COLLOCATION,Finance Accounting,TOEIC Collocation,5,3,,exceed the budget,,Cụm từ thường gặp trong ngữ cảnh công việc và bài thi TOEIC.,"toeic,v4,collocation,finance-accounting",Please exceed the budget before the deadline.,YangLingo TOEIC Expansion v4
annual revenue,doanh thu hằng năm,,phrase,The team discussed the annual revenue during the meeting.,Nhóm đã thảo luận về doanh thu hằng năm trong cuộc họp.,B2,,COLLOCATION,Finance Accounting,TOEIC Collocation,5,3,,annual revenue,,Cụm từ thường gặp trong ngữ cảnh công việc và bài thi TOEIC.,"toeic,v4,collocation,finance-accounting",The team discussed the annual revenue during the meeting.,YangLingo TOEIC Expansion v4
conduct an audit,tiến hành kiểm toán,,phrase,Please conduct an audit before the deadline.,Vui lòng tiến hành kiểm toán trước hạn chót.,B2,,COLLOCATION,Finance Accounting,TOEIC Collocation,5,3,,conduct an audit,,Cụm từ thường gặp trong ngữ cảnh công việc và bài thi TOEIC.,"toeic,v4,collocation,finance-accounting",Please conduct an audit before the deadline.,YangLingo TOEIC Expansion v4
review a balance sheet,xem xét bảng cân đối kế toán,,phrase,Please review a balance sheet before the deadline.,Vui lòng xem xét bảng cân đối kế toán trước hạn chót.,B2,,COLLOCATION,Finance Accounting,TOEIC Collocation,5,3,,review a balance sheet,,Cụm từ thường gặp trong ngữ cảnh công việc và bài thi TOEIC.,"toeic,v4,collocation,finance-accounting",Please review a balance sheet before the deadline.,YangLingo TOEIC Expansion v4
improve cash flow,cải thiện dòng tiền,,phrase,Please improve cash flow before the deadline.,Vui lòng cải thiện dòng tiền trước hạn chót.,B2,,COLLOCATION,Finance Accounting,TOEIC Collocation,5,3,,improve cash flow,,Cụm từ thường gặp trong ngữ cảnh công việc và bài thi TOEIC.,"toeic,v4,collocation,finance-accounting",Please improve cash flow before the deadline.,YangLingo TOEIC Expansion v4
make a deposit,gửi tiền,,phrase,Please make a deposit before the deadline.,Vui lòng gửi tiền trước hạn chót.,B2,,COLLOCATION,Finance Accounting,TOEIC Collocation,5,3,,make a deposit,,Cụm từ thường gặp trong ngữ cảnh công việc và bài thi TOEIC.,"toeic,v4,collocation,finance-accounting",Please make a deposit before the deadline.,YangLingo TOEIC Expansion v4
make a withdrawal,rút tiền,,phrase,Please make a withdrawal before the deadline.,Vui lòng rút tiền trước hạn chót.,B2,,COLLOCATION,Finance Accounting,TOEIC Collocation,5,3,,make a withdrawal,,Cụm từ thường gặp trong ngữ cảnh công việc và bài thi TOEIC.,"toeic,v4,collocation,finance-accounting",Please make a withdrawal before the deadline.,YangLingo TOEIC Expansion v4
pay in installments,thanh toán trả góp,,phrase,Please pay in installments before the deadline.,Vui lòng thanh toán trả góp trước hạn chót.,B2,,COLLOCATION,Finance Accounting,TOEIC Collocation,5,3,,pay in installments,,Cụm từ thường gặp trong ngữ cảnh công việc và bài thi TOEIC.,"toeic,v4,collocation,finance-accounting",Please pay in installments before the deadline.,YangLingo TOEIC Expansion v4
overdue payment,khoản thanh toán quá hạn,,phrase,The team discussed the overdue payment during the meeting.,Nhóm đã thảo luận về khoản thanh toán quá hạn trong cuộc họp.,B2,,COLLOCATION,Finance Accounting,TOEIC Collocation,5,3,,overdue payment,,Cụm từ thường gặp trong ngữ cảnh công việc và bài thi TOEIC.,"toeic,v4,collocation,finance-accounting",The team discussed the overdue payment during the meeting.,YangLingo TOEIC Expansion v4
outstanding balance,số dư chưa thanh toán,,phrase,The team discussed the outstanding balance during the meeting.,Nhóm đã thảo luận về số dư chưa thanh toán trong cuộc họp.,B2,,COLLOCATION,Finance Accounting,TOEIC Collocation,5,3,,outstanding balance,,Cụm từ thường gặp trong ngữ cảnh công việc và bài thi TOEIC.,"toeic,v4,collocation,finance-accounting",The team discussed the outstanding balance during the meeting.,YangLingo TOEIC Expansion v4
accounts payable,các khoản phải trả,,phrase,The team discussed the accounts payable during the meeting.,Nhóm đã thảo luận về các khoản phải trả trong cuộc họp.,B2,,COLLOCATION,Finance Accounting,TOEIC Collocation,5,3,,accounts payable,,Cụm từ thường gặp trong ngữ cảnh công việc và bài thi TOEIC.,"toeic,v4,collocation,finance-accounting",The team discussed the accounts payable during the meeting.,YangLingo TOEIC Expansion v4
accounts receivable,các khoản phải thu,,phrase,The team discussed the accounts receivable during the meeting.,Nhóm đã thảo luận về các khoản phải thu trong cuộc họp.,B2,,COLLOCATION,Finance Accounting,TOEIC Collocation,5,3,,accounts receivable,,Cụm từ thường gặp trong ngữ cảnh công việc và bài thi TOEIC.,"toeic,v4,collocation,finance-accounting",The team discussed the accounts receivable during the meeting.,YangLingo TOEIC Expansion v4
claim a refund,yêu cầu hoàn tiền,,phrase,Please claim a refund before the deadline.,Vui lòng yêu cầu hoàn tiền trước hạn chót.,B2,,COLLOCATION,Finance Accounting,TOEIC Collocation,5,3,,claim a refund,,Cụm từ thường gặp trong ngữ cảnh công việc và bài thi TOEIC.,"toeic,v4,collocation,finance-accounting",Please claim a refund before the deadline.,YangLingo TOEIC Expansion v4
place an order,đặt hàng,,phrase,Please place an order before the deadline.,Vui lòng đặt hàng trước hạn chót.,B1,,COLLOCATION,Purchasing Logistics,TOEIC Collocation,7,2,,place an order,,Cụm từ thường gặp trong ngữ cảnh công việc và bài thi TOEIC.,"toeic,v4,collocation,purchasing-logistics",Please place an order before the deadline.,YangLingo TOEIC Expansion v4
cancel an order,hủy đơn hàng,,phrase,Please cancel an order before the deadline.,Vui lòng hủy đơn hàng trước hạn chót.,B1,,COLLOCATION,Purchasing Logistics,TOEIC Collocation,7,2,,cancel an order,,Cụm từ thường gặp trong ngữ cảnh công việc và bài thi TOEIC.,"toeic,v4,collocation,purchasing-logistics",Please cancel an order before the deadline.,YangLingo TOEIC Expansion v4
request a quotation,yêu cầu báo giá,,phrase,Please request a quotation before the deadline.,Vui lòng yêu cầu báo giá trước hạn chót.,B1,,COLLOCATION,Purchasing Logistics,TOEIC Collocation,7,2,,request a quotation,,Cụm từ thường gặp trong ngữ cảnh công việc và bài thi TOEIC.,"toeic,v4,collocation,purchasing-logistics",Please request a quotation before the deadline.,YangLingo TOEIC Expansion v4
compare suppliers,so sánh nhà cung cấp,,phrase,Please compare suppliers before the deadline.,Vui lòng so sánh nhà cung cấp trước hạn chót.,B1,,COLLOCATION,Purchasing Logistics,TOEIC Collocation,7,2,,compare suppliers,,Cụm từ thường gặp trong ngữ cảnh công việc và bài thi TOEIC.,"toeic,v4,collocation,purchasing-logistics",Please compare suppliers before the deadline.,YangLingo TOEIC Expansion v4
check inventory,kiểm tra hàng tồn kho,,phrase,Please check inventory before the deadline.,Vui lòng kiểm tra hàng tồn kho trước hạn chót.,B1,,COLLOCATION,Purchasing Logistics,TOEIC Collocation,7,2,,check inventory,,Cụm từ thường gặp trong ngữ cảnh công việc và bài thi TOEIC.,"toeic,v4,collocation,purchasing-logistics",Please check inventory before the deadline.,YangLingo TOEIC Expansion v4
manage inventory,quản lý hàng tồn kho,,phrase,Please manage inventory before the deadline.,Vui lòng quản lý hàng tồn kho trước hạn chót.,B1,,COLLOCATION,Purchasing Logistics,TOEIC Collocation,7,2,,manage inventory,,Cụm từ thường gặp trong ngữ cảnh công việc và bài thi TOEIC.,"toeic,v4,collocation,purchasing-logistics",Please manage inventory before the deadline.,YangLingo TOEIC Expansion v4
track a shipment,theo dõi lô hàng,,phrase,Please track a shipment before the deadline.,Vui lòng theo dõi lô hàng trước hạn chót.,B1,,COLLOCATION,Purchasing Logistics,TOEIC Collocation,7,2,,track a shipment,,Cụm từ thường gặp trong ngữ cảnh công việc và bài thi TOEIC.,"toeic,v4,collocation,purchasing-logistics",Please track a shipment before the deadline.,YangLingo TOEIC Expansion v4
dispatch an order,gửi một đơn hàng,,phrase,Please dispatch an order before the deadline.,Vui lòng gửi một đơn hàng trước hạn chót.,B1,,COLLOCATION,Purchasing Logistics,TOEIC Collocation,7,2,,dispatch an order,,Cụm từ thường gặp trong ngữ cảnh công việc và bài thi TOEIC.,"toeic,v4,collocation,purchasing-logistics",Please dispatch an order before the deadline.,YangLingo TOEIC Expansion v4
confirm delivery,xác nhận giao hàng,,phrase,Please confirm delivery before the deadline.,Vui lòng xác nhận giao hàng trước hạn chót.,B1,,COLLOCATION,Purchasing Logistics,TOEIC Collocation,7,2,,confirm delivery,,Cụm từ thường gặp trong ngữ cảnh công việc và bài thi TOEIC.,"toeic,v4,collocation,purchasing-logistics",Please confirm delivery before the deadline.,YangLingo TOEIC Expansion v4
shipping address,địa chỉ giao hàng,,phrase,The team discussed the shipping address during the meeting.,Nhóm đã thảo luận về địa chỉ giao hàng trong cuộc họp.,B1,,COLLOCATION,Purchasing Logistics,TOEIC Collocation,7,2,,shipping address,,Cụm từ thường gặp trong ngữ cảnh công việc và bài thi TOEIC.,"toeic,v4,collocation,purchasing-logistics",The team discussed the shipping address during the meeting.,YangLingo TOEIC Expansion v4
delivery date,ngày giao hàng,,phrase,The team discussed the delivery date during the meeting.,Nhóm đã thảo luận về ngày giao hàng trong cuộc họp.,B1,,COLLOCATION,Purchasing Logistics,TOEIC Collocation,7,2,,delivery date,,Cụm từ thường gặp trong ngữ cảnh công việc và bài thi TOEIC.,"toeic,v4,collocation,purchasing-logistics",The team discussed the delivery date during the meeting.,YangLingo TOEIC Expansion v4
back in stock,có hàng trở lại,,phrase,Please back in stock before the deadline.,Vui lòng có hàng trở lại trước hạn chót.,B1,,COLLOCATION,Purchasing Logistics,TOEIC Collocation,7,2,,back in stock,,Cụm từ thường gặp trong ngữ cảnh công việc và bài thi TOEIC.,"toeic,v4,collocation,purchasing-logistics",Please back in stock before the deadline.,YangLingo TOEIC Expansion v4
restock the shelves,bổ sung hàng lên kệ,,phrase,The team discussed the restock the shelves during the meeting.,Nhóm đã thảo luận về bổ sung hàng lên kệ trong cuộc họp.,B1,,COLLOCATION,Purchasing Logistics,TOEIC Collocation,7,2,,restock the shelves,,Cụm từ thường gặp trong ngữ cảnh công việc và bài thi TOEIC.,"toeic,v4,collocation,purchasing-logistics",The team discussed the restock the shelves during the meeting.,YangLingo TOEIC Expansion v4
return a defective item,trả lại sản phẩm lỗi,,phrase,Please return a defective item before the deadline.,Vui lòng trả lại sản phẩm lỗi trước hạn chót.,B1,,COLLOCATION,Purchasing Logistics,TOEIC Collocation,7,2,,return a defective item,,Cụm từ thường gặp trong ngữ cảnh công việc và bài thi TOEIC.,"toeic,v4,collocation,purchasing-logistics",Please return a defective item before the deadline.,YangLingo TOEIC Expansion v4
request a replacement,yêu cầu sản phẩm thay thế,,phrase,Please request a replacement before the deadline.,Vui lòng yêu cầu sản phẩm thay thế trước hạn chót.,B1,,COLLOCATION,Purchasing Logistics,TOEIC Collocation,7,2,,request a replacement,,Cụm từ thường gặp trong ngữ cảnh công việc và bài thi TOEIC.,"toeic,v4,collocation,purchasing-logistics",Please request a replacement before the deadline.,YangLingo TOEIC Expansion v4
warranty coverage,phạm vi bảo hành,,phrase,The team discussed the warranty coverage during the meeting.,Nhóm đã thảo luận về phạm vi bảo hành trong cuộc họp.,B1,,COLLOCATION,Purchasing Logistics,TOEIC Collocation,7,2,,warranty coverage,,Cụm từ thường gặp trong ngữ cảnh công việc và bài thi TOEIC.,"toeic,v4,collocation,purchasing-logistics",The team discussed the warranty coverage during the meeting.,YangLingo TOEIC Expansion v4
launch a campaign,khởi động chiến dịch,,phrase,Please launch a campaign before the deadline.,Vui lòng khởi động chiến dịch trước hạn chót.,B1,,COLLOCATION,Sales Marketing,TOEIC Collocation,5,2,,launch a campaign,,Cụm từ thường gặp trong ngữ cảnh công việc và bài thi TOEIC.,"toeic,v4,collocation,sales-marketing",Please launch a campaign before the deadline.,YangLingo TOEIC Expansion v4
advertising campaign,chiến dịch quảng cáo,,phrase,The team discussed the advertising campaign during the meeting.,Nhóm đã thảo luận về chiến dịch quảng cáo trong cuộc họp.,B1,,COLLOCATION,Sales Marketing,TOEIC Collocation,5,2,,advertising campaign,,Cụm từ thường gặp trong ngữ cảnh công việc và bài thi TOEIC.,"toeic,v4,collocation,sales-marketing",The team discussed the advertising campaign during the meeting.,YangLingo TOEIC Expansion v4
distribute brochures,phát brochure,,phrase,Please distribute brochures before the deadline.,Vui lòng phát brochure trước hạn chót.,B1,,COLLOCATION,Sales Marketing,TOEIC Collocation,5,2,,distribute brochures,,Cụm từ thường gặp trong ngữ cảnh công việc và bài thi TOEIC.,"toeic,v4,collocation,sales-marketing",Please distribute brochures before the deadline.,YangLingo TOEIC Expansion v4
product catalog,danh mục sản phẩm,,phrase,The team discussed the product catalog during the meeting.,Nhóm đã thảo luận về danh mục sản phẩm trong cuộc họp.,B1,,COLLOCATION,Sales Marketing,TOEIC Collocation,5,2,,product catalog,,Cụm từ thường gặp trong ngữ cảnh công việc và bài thi TOEIC.,"toeic,v4,collocation,sales-marketing",The team discussed the product catalog during the meeting.,YangLingo TOEIC Expansion v4
offer a discount,đưa ra giảm giá,,phrase,Please offer a discount before the deadline.,Vui lòng đưa ra giảm giá trước hạn chót.,B1,,COLLOCATION,Sales Marketing,TOEIC Collocation,5,2,,offer a discount,,Cụm từ thường gặp trong ngữ cảnh công việc và bài thi TOEIC.,"toeic,v4,collocation,sales-marketing",Please offer a discount before the deadline.,YangLingo TOEIC Expansion v4
redeem a coupon,sử dụng phiếu giảm giá,,phrase,Please redeem a coupon before the deadline.,Vui lòng sử dụng phiếu giảm giá trước hạn chót.,B1,,COLLOCATION,Sales Marketing,TOEIC Collocation,5,2,,redeem a coupon,,Cụm từ thường gặp trong ngữ cảnh công việc và bài thi TOEIC.,"toeic,v4,collocation,sales-marketing",Please redeem a coupon before the deadline.,YangLingo TOEIC Expansion v4
renew a subscription,gia hạn đăng ký,,phrase,Please renew a subscription before the deadline.,Vui lòng gia hạn đăng ký trước hạn chót.,B1,,COLLOCATION,Sales Marketing,TOEIC Collocation,5,2,,renew a subscription,,Cụm từ thường gặp trong ngữ cảnh công việc và bài thi TOEIC.,"toeic,v4,collocation,sales-marketing",Please renew a subscription before the deadline.,YangLingo TOEIC Expansion v4
increase market share,tăng thị phần,,phrase,Please increase market share before the deadline.,Vui lòng tăng thị phần trước hạn chót.,B1,,COLLOCATION,Sales Marketing,TOEIC Collocation,5,2,,increase market share,,Cụm từ thường gặp trong ngữ cảnh công việc và bài thi TOEIC.,"toeic,v4,collocation,sales-marketing",Please increase market share before the deadline.,YangLingo TOEIC Expansion v4
conduct market research,tiến hành nghiên cứu thị trường,,phrase,Please conduct market research before the deadline.,Vui lòng tiến hành nghiên cứu thị trường trước hạn chót.,B1,,COLLOCATION,Sales Marketing,TOEIC Collocation,5,2,,conduct market research,,Cụm từ thường gặp trong ngữ cảnh công việc và bài thi TOEIC.,"toeic,v4,collocation,sales-marketing",Please conduct market research before the deadline.,YangLingo TOEIC Expansion v4
target market,thị trường mục tiêu,,phrase,Please target market before the deadline.,Vui lòng thị trường mục tiêu trước hạn chót.,B1,,COLLOCATION,Sales Marketing,TOEIC Collocation,5,2,,target market,,Cụm từ thường gặp trong ngữ cảnh công việc và bài thi TOEIC.,"toeic,v4,collocation,sales-marketing",Please target market before the deadline.,YangLingo TOEIC Expansion v4
earn a commission,nhận hoa hồng,,phrase,Please earn a commission before the deadline.,Vui lòng nhận hoa hồng trước hạn chót.,B1,,COLLOCATION,Sales Marketing,TOEIC Collocation,5,2,,earn a commission,,Cụm từ thường gặp trong ngữ cảnh công việc và bài thi TOEIC.,"toeic,v4,collocation,sales-marketing",Please earn a commission before the deadline.,YangLingo TOEIC Expansion v4
potential customer,khách hàng tiềm năng,,phrase,The team discussed the potential customer during the meeting.,Nhóm đã thảo luận về khách hàng tiềm năng trong cuộc họp.,B1,,COLLOCATION,Sales Marketing,TOEIC Collocation,5,2,,potential customer,,Cụm từ thường gặp trong ngữ cảnh công việc và bài thi TOEIC.,"toeic,v4,collocation,sales-marketing",The team discussed the potential customer during the meeting.,YangLingo TOEIC Expansion v4
customer feedback,phản hồi khách hàng,,phrase,The team discussed the customer feedback during the meeting.,Nhóm đã thảo luận về phản hồi khách hàng trong cuộc họp.,B1,,COLLOCATION,Sales Marketing,TOEIC Collocation,5,2,,customer feedback,,Cụm từ thường gặp trong ngữ cảnh công việc và bài thi TOEIC.,"toeic,v4,collocation,sales-marketing",The team discussed the customer feedback during the meeting.,YangLingo TOEIC Expansion v4
launch a product,ra mắt sản phẩm,,phrase,Please launch a product before the deadline.,Vui lòng ra mắt sản phẩm trước hạn chót.,B1,,COLLOCATION,Sales Marketing,TOEIC Collocation,5,2,,launch a product,,Cụm từ thường gặp trong ngữ cảnh công việc và bài thi TOEIC.,"toeic,v4,collocation,sales-marketing",Please launch a product before the deadline.,YangLingo TOEIC Expansion v4
product demonstration,buổi trình diễn sản phẩm,,phrase,The team discussed the product demonstration during the meeting.,Nhóm đã thảo luận về buổi trình diễn sản phẩm trong cuộc họp.,B1,,COLLOCATION,Sales Marketing,TOEIC Collocation,5,2,,product demonstration,,Cụm từ thường gặp trong ngữ cảnh công việc và bài thi TOEIC.,"toeic,v4,collocation,sales-marketing",The team discussed the product demonstration during the meeting.,YangLingo TOEIC Expansion v4
negotiate a price,đàm phán giá,,phrase,Please negotiate a price before the deadline.,Vui lòng đàm phán giá trước hạn chót.,B1,,COLLOCATION,Sales Marketing,TOEIC Collocation,5,2,,negotiate a price,,Cụm từ thường gặp trong ngữ cảnh công việc và bài thi TOEIC.,"toeic,v4,collocation,sales-marketing",Please negotiate a price before the deadline.,YangLingo TOEIC Expansion v4
submit a proposal,nộp đề xuất,,phrase,Please submit a proposal before the deadline.,Vui lòng nộp đề xuất trước hạn chót.,B1,,COLLOCATION,Sales Marketing,TOEIC Collocation,5,2,,submit a proposal,,Cụm từ thường gặp trong ngữ cảnh công việc và bài thi TOEIC.,"toeic,v4,collocation,sales-marketing",Please submit a proposal before the deadline.,YangLingo TOEIC Expansion v4
make a reservation,đặt chỗ,,phrase,Please make a reservation before the deadline.,Vui lòng đặt chỗ trước hạn chót.,B1,,COLLOCATION,Travel Hospitality,TOEIC Collocation,7,2,,make a reservation,,Cụm từ thường gặp trong ngữ cảnh công việc và bài thi TOEIC.,"toeic,v4,collocation,travel-hospitality",Please make a reservation before the deadline.,YangLingo TOEIC Expansion v4
confirm a reservation,xác nhận đặt chỗ,,phrase,Please confirm a reservation before the deadline.,Vui lòng xác nhận đặt chỗ trước hạn chót.,B1,,COLLOCATION,Travel Hospitality,TOEIC Collocation,7,2,,confirm a reservation,,Cụm từ thường gặp trong ngữ cảnh công việc và bài thi TOEIC.,"toeic,v4,collocation,travel-hospitality",Please confirm a reservation before the deadline.,YangLingo TOEIC Expansion v4
cancel a reservation,hủy đặt chỗ,,phrase,Please cancel a reservation before the deadline.,Vui lòng hủy đặt chỗ trước hạn chót.,B1,,COLLOCATION,Travel Hospitality,TOEIC Collocation,7,2,,cancel a reservation,,Cụm từ thường gặp trong ngữ cảnh công việc và bài thi TOEIC.,"toeic,v4,collocation,travel-hospitality",Please cancel a reservation before the deadline.,YangLingo TOEIC Expansion v4
change a booking,thay đổi đặt chỗ,,phrase,Please change a booking before the deadline.,Vui lòng thay đổi đặt chỗ trước hạn chót.,B1,,COLLOCATION,Travel Hospitality,TOEIC Collocation,7,2,,change a booking,,Cụm từ thường gặp trong ngữ cảnh công việc và bài thi TOEIC.,"toeic,v4,collocation,travel-hospitality",Please change a booking before the deadline.,YangLingo TOEIC Expansion v4
travel itinerary,lịch trình chuyến đi,,phrase,The team discussed the travel itinerary during the meeting.,Nhóm đã thảo luận về lịch trình chuyến đi trong cuộc họp.,B1,,COLLOCATION,Travel Hospitality,TOEIC Collocation,7,2,,travel itinerary,,Cụm từ thường gặp trong ngữ cảnh công việc và bài thi TOEIC.,"toeic,v4,collocation,travel-hospitality",The team discussed the travel itinerary during the meeting.,YangLingo TOEIC Expansion v4
check in online,làm thủ tục trực tuyến,,phrase,Please check in online before the deadline.,Vui lòng làm thủ tục trực tuyến trước hạn chót.,B1,,COLLOCATION,Travel Hospitality,TOEIC Collocation,7,2,,check in online,,Cụm từ thường gặp trong ngữ cảnh công việc và bài thi TOEIC.,"toeic,v4,collocation,travel-hospitality",Please check in online before the deadline.,YangLingo TOEIC Expansion v4
check out of the hotel,trả phòng khách sạn,,phrase,Please check out of the hotel before the deadline.,Vui lòng trả phòng khách sạn trước hạn chót.,B1,,COLLOCATION,Travel Hospitality,TOEIC Collocation,7,2,,check out of the hotel,,Cụm từ thường gặp trong ngữ cảnh công việc và bài thi TOEIC.,"toeic,v4,collocation,travel-hospitality",Please check out of the hotel before the deadline.,YangLingo TOEIC Expansion v4
carry-on luggage,hành lý xách tay,,phrase,The team discussed the carry-on luggage during the meeting.,Nhóm đã thảo luận về hành lý xách tay trong cuộc họp.,B1,,COLLOCATION,Travel Hospitality,TOEIC Collocation,7,2,,carry-on luggage,,Cụm từ thường gặp trong ngữ cảnh công việc và bài thi TOEIC.,"toeic,v4,collocation,travel-hospitality",The team discussed the carry-on luggage during the meeting.,YangLingo TOEIC Expansion v4
flight delay,chuyến bay bị hoãn,,phrase,The team discussed the flight delay during the meeting.,Nhóm đã thảo luận về chuyến bay bị hoãn trong cuộc họp.,B1,,COLLOCATION,Travel Hospitality,TOEIC Collocation,7,2,,flight delay,,Cụm từ thường gặp trong ngữ cảnh công việc và bài thi TOEIC.,"toeic,v4,collocation,travel-hospitality",The team discussed the flight delay during the meeting.,YangLingo TOEIC Expansion v4
flight cancellation,chuyến bay bị hủy,,phrase,The team discussed the flight cancellation during the meeting.,Nhóm đã thảo luận về chuyến bay bị hủy trong cuộc họp.,B1,,COLLOCATION,Travel Hospitality,TOEIC Collocation,7,2,,flight cancellation,,Cụm từ thường gặp trong ngữ cảnh công việc và bài thi TOEIC.,"toeic,v4,collocation,travel-hospitality",The team discussed the flight cancellation during the meeting.,YangLingo TOEIC Expansion v4
round-trip fare,giá vé khứ hồi,,phrase,The team discussed the round-trip fare during the meeting.,Nhóm đã thảo luận về giá vé khứ hồi trong cuộc họp.,B1,,COLLOCATION,Travel Hospitality,TOEIC Collocation,7,2,,round-trip fare,,Cụm từ thường gặp trong ngữ cảnh công việc và bài thi TOEIC.,"toeic,v4,collocation,travel-hospitality",The team discussed the round-trip fare during the meeting.,YangLingo TOEIC Expansion v4
hotel accommodation,chỗ ở khách sạn,,phrase,The team discussed the hotel accommodation during the meeting.,Nhóm đã thảo luận về chỗ ở khách sạn trong cuộc họp.,B1,,COLLOCATION,Travel Hospitality,TOEIC Collocation,7,2,,hotel accommodation,,Cụm từ thường gặp trong ngữ cảnh công việc và bài thi TOEIC.,"toeic,v4,collocation,travel-hospitality",The team discussed the hotel accommodation during the meeting.,YangLingo TOEIC Expansion v4
complimentary breakfast,bữa sáng miễn phí,,phrase,The team discussed the complimentary breakfast during the meeting.,Nhóm đã thảo luận về bữa sáng miễn phí trong cuộc họp.,B1,,COLLOCATION,Travel Hospitality,TOEIC Collocation,7,2,,complimentary breakfast,,Cụm từ thường gặp trong ngữ cảnh công việc và bài thi TOEIC.,"toeic,v4,collocation,travel-hospitality",The team discussed the complimentary breakfast during the meeting.,YangLingo TOEIC Expansion v4
shuttle service,dịch vụ xe đưa đón,,phrase,The team discussed the shuttle service during the meeting.,Nhóm đã thảo luận về dịch vụ xe đưa đón trong cuộc họp.,B1,,COLLOCATION,Travel Hospitality,TOEIC Collocation,7,2,,shuttle service,,Cụm từ thường gặp trong ngữ cảnh công việc và bài thi TOEIC.,"toeic,v4,collocation,travel-hospitality",The team discussed the shuttle service during the meeting.,YangLingo TOEIC Expansion v4
routine maintenance,bảo trì định kỳ,,phrase,The team discussed the routine maintenance during the meeting.,Nhóm đã thảo luận về bảo trì định kỳ trong cuộc họp.,B1,,COLLOCATION,Facilities Maintenance,TOEIC Collocation,7,2,,routine maintenance,,Cụm từ thường gặp trong ngữ cảnh công việc và bài thi TOEIC.,"toeic,v4,collocation,facilities-maintenance",The team discussed the routine maintenance during the meeting.,YangLingo TOEIC Expansion v4
schedule maintenance,lên lịch bảo trì,,phrase,Please schedule maintenance before the deadline.,Vui lòng lên lịch bảo trì trước hạn chót.,B1,,COLLOCATION,Facilities Maintenance,TOEIC Collocation,7,2,,schedule maintenance,,Cụm từ thường gặp trong ngữ cảnh công việc và bài thi TOEIC.,"toeic,v4,collocation,facilities-maintenance",Please schedule maintenance before the deadline.,YangLingo TOEIC Expansion v4
undergo renovation,được cải tạo,,phrase,Please undergo renovation before the deadline.,Vui lòng được cải tạo trước hạn chót.,B1,,COLLOCATION,Facilities Maintenance,TOEIC Collocation,7,2,,undergo renovation,,Cụm từ thường gặp trong ngữ cảnh công việc và bài thi TOEIC.,"toeic,v4,collocation,facilities-maintenance",Please undergo renovation before the deadline.,YangLingo TOEIC Expansion v4
hire a contractor,thuê nhà thầu,,phrase,Please hire a contractor before the deadline.,Vui lòng thuê nhà thầu trước hạn chót.,B1,,COLLOCATION,Facilities Maintenance,TOEIC Collocation,7,2,,hire a contractor,,Cụm từ thường gặp trong ngữ cảnh công việc và bài thi TOEIC.,"toeic,v4,collocation,facilities-maintenance",Please hire a contractor before the deadline.,YangLingo TOEIC Expansion v4
request a repair,yêu cầu sửa chữa,,phrase,Please request a repair before the deadline.,Vui lòng yêu cầu sửa chữa trước hạn chót.,B1,,COLLOCATION,Facilities Maintenance,TOEIC Collocation,7,2,,request a repair,,Cụm từ thường gặp trong ngữ cảnh công việc và bài thi TOEIC.,"toeic,v4,collocation,facilities-maintenance",Please request a repair before the deadline.,YangLingo TOEIC Expansion v4
conduct an inspection,tiến hành kiểm tra,,phrase,Please conduct an inspection before the deadline.,Vui lòng tiến hành kiểm tra trước hạn chót.,B1,,COLLOCATION,Facilities Maintenance,TOEIC Collocation,7,2,,conduct an inspection,,Cụm từ thường gặp trong ngữ cảnh công việc và bài thi TOEIC.,"toeic,v4,collocation,facilities-maintenance",Please conduct an inspection before the deadline.,YangLingo TOEIC Expansion v4
equipment malfunction,sự cố thiết bị,,phrase,The team discussed the equipment malfunction during the meeting.,Nhóm đã thảo luận về sự cố thiết bị trong cuộc họp.,B1,,COLLOCATION,Facilities Maintenance,TOEIC Collocation,7,2,,equipment malfunction,,Cụm từ thường gặp trong ngữ cảnh công việc và bài thi TOEIC.,"toeic,v4,collocation,facilities-maintenance",The team discussed the equipment malfunction during the meeting.,YangLingo TOEIC Expansion v4
power outage,mất điện,,phrase,The team discussed the power outage during the meeting.,Nhóm đã thảo luận về mất điện trong cuộc họp.,B1,,COLLOCATION,Facilities Maintenance,TOEIC Collocation,7,2,,power outage,,Cụm từ thường gặp trong ngữ cảnh công việc và bài thi TOEIC.,"toeic,v4,collocation,facilities-maintenance",The team discussed the power outage during the meeting.,YangLingo TOEIC Expansion v4
install equipment,lắp đặt thiết bị,,phrase,Please install equipment before the deadline.,Vui lòng lắp đặt thiết bị trước hạn chót.,B1,,COLLOCATION,Facilities Maintenance,TOEIC Collocation,7,2,,install equipment,,Cụm từ thường gặp trong ngữ cảnh công việc và bài thi TOEIC.,"toeic,v4,collocation,facilities-maintenance",Please install equipment before the deadline.,YangLingo TOEIC Expansion v4
replace a component,thay linh kiện,,phrase,Please replace a component before the deadline.,Vui lòng thay linh kiện trước hạn chót.,B1,,COLLOCATION,Facilities Maintenance,TOEIC Collocation,7,2,,replace a component,,Cụm từ thường gặp trong ngữ cảnh công việc và bài thi TOEIC.,"toeic,v4,collocation,facilities-maintenance",Please replace a component before the deadline.,YangLingo TOEIC Expansion v4
technical specification,thông số kỹ thuật,,phrase,The team discussed the technical specification during the meeting.,Nhóm đã thảo luận về thông số kỹ thuật trong cuộc họp.,B1,,COLLOCATION,Facilities Maintenance,TOEIC Collocation,7,2,,technical specification,,Cụm từ thường gặp trong ngữ cảnh công việc và bài thi TOEIC.,"toeic,v4,collocation,facilities-maintenance",The team discussed the technical specification during the meeting.,YangLingo TOEIC Expansion v4
sign a lease,ký hợp đồng thuê,,phrase,Please sign a lease before the deadline.,Vui lòng ký hợp đồng thuê trước hạn chót.,B1,,COLLOCATION,Facilities Maintenance,TOEIC Collocation,7,2,,sign a lease,,Cụm từ thường gặp trong ngữ cảnh công việc và bài thi TOEIC.,"toeic,v4,collocation,facilities-maintenance",Please sign a lease before the deadline.,YangLingo TOEIC Expansion v4
renew a lease,gia hạn hợp đồng thuê,,phrase,Please renew a lease before the deadline.,Vui lòng gia hạn hợp đồng thuê trước hạn chót.,B1,,COLLOCATION,Facilities Maintenance,TOEIC Collocation,7,2,,renew a lease,,Cụm từ thường gặp trong ngữ cảnh công việc và bài thi TOEIC.,"toeic,v4,collocation,facilities-maintenance",Please renew a lease before the deadline.,YangLingo TOEIC Expansion v4
utility bill,hóa đơn tiện ích,,phrase,The team discussed the utility bill during the meeting.,Nhóm đã thảo luận về hóa đơn tiện ích trong cuộc họp.,B1,,COLLOCATION,Facilities Maintenance,TOEIC Collocation,7,2,,utility bill,,Cụm từ thường gặp trong ngữ cảnh công việc và bài thi TOEIC.,"toeic,v4,collocation,facilities-maintenance",The team discussed the utility bill during the meeting.,YangLingo TOEIC Expansion v4
air-conditioning system,hệ thống điều hòa,,phrase,The team discussed the air-conditioning system during the meeting.,Nhóm đã thảo luận về hệ thống điều hòa trong cuộc họp.,B1,,COLLOCATION,Facilities Maintenance,TOEIC Collocation,7,2,,air-conditioning system,,Cụm từ thường gặp trong ngữ cảnh công việc và bài thi TOEIC.,"toeic,v4,collocation,facilities-maintenance",The team discussed the air-conditioning system during the meeting.,YangLingo TOEIC Expansion v4
emergency exit,lối thoát hiểm,,phrase,The team discussed the emergency exit during the meeting.,Nhóm đã thảo luận về lối thoát hiểm trong cuộc họp.,B1,,COLLOCATION,Facilities Maintenance,TOEIC Collocation,7,2,,emergency exit,,Cụm từ thường gặp trong ngữ cảnh công việc và bài thi TOEIC.,"toeic,v4,collocation,facilities-maintenance",The team discussed the emergency exit during the meeting.,YangLingo TOEIC Expansion v4
building entrance,lối vào tòa nhà,,phrase,The team discussed the building entrance during the meeting.,Nhóm đã thảo luận về lối vào tòa nhà trong cuộc họp.,B1,,COLLOCATION,Facilities Maintenance,TOEIC Collocation,7,2,,building entrance,,Cụm từ thường gặp trong ngữ cảnh công việc và bài thi TOEIC.,"toeic,v4,collocation,facilities-maintenance",The team discussed the building entrance during the meeting.,YangLingo TOEIC Expansion v4
raw materials,nguyên vật liệu,,phrase,The team discussed the raw materials during the meeting.,Nhóm đã thảo luận về nguyên vật liệu trong cuộc họp.,B2,,COLLOCATION,Manufacturing Production,TOEIC Collocation,7,3,,raw materials,,Cụm từ thường gặp trong ngữ cảnh công việc và bài thi TOEIC.,"toeic,v4,collocation,manufacturing-production",The team discussed the raw materials during the meeting.,YangLingo TOEIC Expansion v4
meet specifications,đáp ứng thông số kỹ thuật,,phrase,Please meet specifications before the deadline.,Vui lòng đáp ứng thông số kỹ thuật trước hạn chót.,B2,,COLLOCATION,Manufacturing Production,TOEIC Collocation,7,3,,meet specifications,,Cụm từ thường gặp trong ngữ cảnh công việc và bài thi TOEIC.,"toeic,v4,collocation,manufacturing-production",Please meet specifications before the deadline.,YangLingo TOEIC Expansion v4
production capacity,công suất sản xuất,,phrase,The team discussed the production capacity during the meeting.,Nhóm đã thảo luận về công suất sản xuất trong cuộc họp.,B2,,COLLOCATION,Manufacturing Production,TOEIC Collocation,7,3,,production capacity,,Cụm từ thường gặp trong ngữ cảnh công việc và bài thi TOEIC.,"toeic,v4,collocation,manufacturing-production",The team discussed the production capacity during the meeting.,YangLingo TOEIC Expansion v4
increase output,tăng sản lượng,,phrase,Please increase output before the deadline.,Vui lòng tăng sản lượng trước hạn chót.,B2,,COLLOCATION,Manufacturing Production,TOEIC Collocation,7,3,,increase output,,Cụm từ thường gặp trong ngữ cảnh công việc và bài thi TOEIC.,"toeic,v4,collocation,manufacturing-production",Please increase output before the deadline.,YangLingo TOEIC Expansion v4
improve productivity,cải thiện năng suất,,phrase,Please improve productivity before the deadline.,Vui lòng cải thiện năng suất trước hạn chót.,B2,,COLLOCATION,Manufacturing Production,TOEIC Collocation,7,3,,improve productivity,,Cụm từ thường gặp trong ngữ cảnh công việc và bài thi TOEIC.,"toeic,v4,collocation,manufacturing-production",Please improve productivity before the deadline.,YangLingo TOEIC Expansion v4
operating efficiency,hiệu suất vận hành,,phrase,The team discussed the operating efficiency during the meeting.,Nhóm đã thảo luận về hiệu suất vận hành trong cuộc họp.,B2,,COLLOCATION,Manufacturing Production,TOEIC Collocation,7,3,,operating efficiency,,Cụm từ thường gặp trong ngữ cảnh công việc và bài thi TOEIC.,"toeic,v4,collocation,manufacturing-production",The team discussed the operating efficiency during the meeting.,YangLingo TOEIC Expansion v4
operate machinery,vận hành máy móc,,phrase,Please operate machinery before the deadline.,Vui lòng vận hành máy móc trước hạn chót.,B2,,COLLOCATION,Manufacturing Production,TOEIC Collocation,7,3,,operate machinery,,Cụm từ thường gặp trong ngữ cảnh công việc và bài thi TOEIC.,"toeic,v4,collocation,manufacturing-production",Please operate machinery before the deadline.,YangLingo TOEIC Expansion v4
machine operator,người vận hành máy,,phrase,The team discussed the machine operator during the meeting.,Nhóm đã thảo luận về người vận hành máy trong cuộc họp.,B2,,COLLOCATION,Manufacturing Production,TOEIC Collocation,7,3,,machine operator,,Cụm từ thường gặp trong ngữ cảnh công việc và bài thi TOEIC.,"toeic,v4,collocation,manufacturing-production",The team discussed the machine operator during the meeting.,YangLingo TOEIC Expansion v4
manufacturing defect,lỗi sản xuất,,phrase,The team discussed the manufacturing defect during the meeting.,Nhóm đã thảo luận về lỗi sản xuất trong cuộc họp.,B2,,COLLOCATION,Manufacturing Production,TOEIC Collocation,7,3,,manufacturing defect,,Cụm từ thường gặp trong ngữ cảnh công việc và bài thi TOEIC.,"toeic,v4,collocation,manufacturing-production",The team discussed the manufacturing defect during the meeting.,YangLingo TOEIC Expansion v4
batch number,số lô sản xuất,,phrase,The team discussed the batch number during the meeting.,Nhóm đã thảo luận về số lô sản xuất trong cuộc họp.,B2,,COLLOCATION,Manufacturing Production,TOEIC Collocation,7,3,,batch number,,Cụm từ thường gặp trong ngữ cảnh công việc và bài thi TOEIC.,"toeic,v4,collocation,manufacturing-production",The team discussed the batch number during the meeting.,YangLingo TOEIC Expansion v4
safety procedure,quy trình an toàn,,phrase,The team discussed the safety procedure during the meeting.,Nhóm đã thảo luận về quy trình an toàn trong cuộc họp.,B2,,COLLOCATION,Manufacturing Production,TOEIC Collocation,7,3,,safety procedure,,Cụm từ thường gặp trong ngữ cảnh công việc và bài thi TOEIC.,"toeic,v4,collocation,manufacturing-production",The team discussed the safety procedure during the meeting.,YangLingo TOEIC Expansion v4
inventory level,mức tồn kho,,phrase,The team discussed the inventory level during the meeting.,Nhóm đã thảo luận về mức tồn kho trong cuộc họp.,B2,,COLLOCATION,Manufacturing Production,TOEIC Collocation,7,3,,inventory level,,Cụm từ thường gặp trong ngữ cảnh công việc và bài thi TOEIC.,"toeic,v4,collocation,manufacturing-production",The team discussed the inventory level during the meeting.,YangLingo TOEIC Expansion v4
factory inspection,kiểm tra nhà máy,,phrase,The team discussed the factory inspection during the meeting.,Nhóm đã thảo luận về kiểm tra nhà máy trong cuộc họp.,B2,,COLLOCATION,Manufacturing Production,TOEIC Collocation,7,3,,factory inspection,,Cụm từ thường gặp trong ngữ cảnh công việc và bài thi TOEIC.,"toeic,v4,collocation,manufacturing-production",The team discussed the factory inspection during the meeting.,YangLingo TOEIC Expansion v4
production target,mục tiêu sản lượng,,phrase,The team discussed the production target during the meeting.,Nhóm đã thảo luận về mục tiêu sản lượng trong cuộc họp.,B2,,COLLOCATION,Manufacturing Production,TOEIC Collocation,7,3,,production target,,Cụm từ thường gặp trong ngữ cảnh công việc và bài thi TOEIC.,"toeic,v4,collocation,manufacturing-production",The team discussed the production target during the meeting.,YangLingo TOEIC Expansion v4
reset a password,đặt lại mật khẩu,,phrase,Please reset a password before the deadline.,Vui lòng đặt lại mật khẩu trước hạn chót.,B1,,COLLOCATION,IT Technical Support,TOEIC Collocation,5,2,,reset a password,,Cụm từ thường gặp trong ngữ cảnh công việc và bài thi TOEIC.,"toeic,v4,collocation,it-technical-support",Please reset a password before the deadline.,YangLingo TOEIC Expansion v4
log in to an account,đăng nhập vào tài khoản,,phrase,Please log in to an account before the deadline.,Vui lòng đăng nhập vào tài khoản trước hạn chót.,B1,,COLLOCATION,IT Technical Support,TOEIC Collocation,5,2,,log in to an account,,Cụm từ thường gặp trong ngữ cảnh công việc và bài thi TOEIC.,"toeic,v4,collocation,it-technical-support",Please log in to an account before the deadline.,YangLingo TOEIC Expansion v4
access a database,truy cập cơ sở dữ liệu,,phrase,Please access a database before the deadline.,Vui lòng truy cập cơ sở dữ liệu trước hạn chót.,B1,,COLLOCATION,IT Technical Support,TOEIC Collocation,5,2,,access a database,,Cụm từ thường gặp trong ngữ cảnh công việc và bài thi TOEIC.,"toeic,v4,collocation,it-technical-support",Please access a database before the deadline.,YangLingo TOEIC Expansion v4
upload a file,tải tệp lên,,phrase,Please upload a file before the deadline.,Vui lòng tải tệp lên trước hạn chót.,B1,,COLLOCATION,IT Technical Support,TOEIC Collocation,5,2,,upload a file,,Cụm từ thường gặp trong ngữ cảnh công việc và bài thi TOEIC.,"toeic,v4,collocation,it-technical-support",Please upload a file before the deadline.,YangLingo TOEIC Expansion v4
download an attachment,tải tệp đính kèm xuống,,phrase,Please download an attachment before the deadline.,Vui lòng tải tệp đính kèm xuống trước hạn chót.,B1,,COLLOCATION,IT Technical Support,TOEIC Collocation,5,2,,download an attachment,,Cụm từ thường gặp trong ngữ cảnh công việc và bài thi TOEIC.,"toeic,v4,collocation,it-technical-support",Please download an attachment before the deadline.,YangLingo TOEIC Expansion v4
back up data,sao lưu dữ liệu,,phrase,Please back up data before the deadline.,Vui lòng sao lưu dữ liệu trước hạn chót.,B1,,COLLOCATION,IT Technical Support,TOEIC Collocation,5,2,,back up data,,Cụm từ thường gặp trong ngữ cảnh công việc và bài thi TOEIC.,"toeic,v4,collocation,it-technical-support",Please back up data before the deadline.,YangLingo TOEIC Expansion v4
restore a backup,khôi phục bản sao lưu,,phrase,Please restore a backup before the deadline.,Vui lòng khôi phục bản sao lưu trước hạn chót.,B1,,COLLOCATION,IT Technical Support,TOEIC Collocation,5,2,,restore a backup,,Cụm từ thường gặp trong ngữ cảnh công việc và bài thi TOEIC.,"toeic,v4,collocation,it-technical-support",Please restore a backup before the deadline.,YangLingo TOEIC Expansion v4
install software,cài đặt phần mềm,,phrase,Please install software before the deadline.,Vui lòng cài đặt phần mềm trước hạn chót.,B1,,COLLOCATION,IT Technical Support,TOEIC Collocation,5,2,,install software,,Cụm từ thường gặp trong ngữ cảnh công việc và bài thi TOEIC.,"toeic,v4,collocation,it-technical-support",Please install software before the deadline.,YangLingo TOEIC Expansion v4
upgrade the system,nâng cấp hệ thống,,phrase,Please upgrade the system before the deadline.,Vui lòng nâng cấp hệ thống trước hạn chót.,B1,,COLLOCATION,IT Technical Support,TOEIC Collocation,5,2,,upgrade the system,,Cụm từ thường gặp trong ngữ cảnh công việc và bài thi TOEIC.,"toeic,v4,collocation,it-technical-support",Please upgrade the system before the deadline.,YangLingo TOEIC Expansion v4
configure a device,cấu hình thiết bị,,phrase,Please configure a device before the deadline.,Vui lòng cấu hình thiết bị trước hạn chót.,B1,,COLLOCATION,IT Technical Support,TOEIC Collocation,5,2,,configure a device,,Cụm từ thường gặp trong ngữ cảnh công việc và bài thi TOEIC.,"toeic,v4,collocation,it-technical-support",Please configure a device before the deadline.,YangLingo TOEIC Expansion v4
troubleshoot a problem,xử lý sự cố,,phrase,Please troubleshoot a problem before the deadline.,Vui lòng xử lý sự cố trước hạn chót.,B1,,COLLOCATION,IT Technical Support,TOEIC Collocation,5,2,,troubleshoot a problem,,Cụm từ thường gặp trong ngữ cảnh công việc và bài thi TOEIC.,"toeic,v4,collocation,it-technical-support",Please troubleshoot a problem before the deadline.,YangLingo TOEIC Expansion v4
network connection,kết nối mạng,,phrase,The team discussed the network connection during the meeting.,Nhóm đã thảo luận về kết nối mạng trong cuộc họp.,B1,,COLLOCATION,IT Technical Support,TOEIC Collocation,5,2,,network connection,,Cụm từ thường gặp trong ngữ cảnh công việc và bài thi TOEIC.,"toeic,v4,collocation,it-technical-support",The team discussed the network connection during the meeting.,YangLingo TOEIC Expansion v4
wireless network,mạng không dây,,phrase,The team discussed the wireless network during the meeting.,Nhóm đã thảo luận về mạng không dây trong cuộc họp.,B1,,COLLOCATION,IT Technical Support,TOEIC Collocation,5,2,,wireless network,,Cụm từ thường gặp trong ngữ cảnh công việc và bài thi TOEIC.,"toeic,v4,collocation,it-technical-support",The team discussed the wireless network during the meeting.,YangLingo TOEIC Expansion v4
contact the help desk,liên hệ bộ phận hỗ trợ,,phrase,Please contact the help desk before the deadline.,Vui lòng liên hệ bộ phận hỗ trợ trước hạn chót.,B1,,COLLOCATION,IT Technical Support,TOEIC Collocation,5,2,,contact the help desk,,Cụm từ thường gặp trong ngữ cảnh công việc và bài thi TOEIC.,"toeic,v4,collocation,it-technical-support",Please contact the help desk before the deadline.,YangLingo TOEIC Expansion v4
security update,bản cập nhật bảo mật,,phrase,The team discussed the security update during the meeting.,Nhóm đã thảo luận về bản cập nhật bảo mật trong cuộc họp.,B1,,COLLOCATION,IT Technical Support,TOEIC Collocation,5,2,,security update,,Cụm từ thường gặp trong ngữ cảnh công việc và bài thi TOEIC.,"toeic,v4,collocation,it-technical-support",The team discussed the security update during the meeting.,YangLingo TOEIC Expansion v4
software license,giấy phép phần mềm,,phrase,The team discussed the software license during the meeting.,Nhóm đã thảo luận về giấy phép phần mềm trong cuộc họp.,B1,,COLLOCATION,IT Technical Support,TOEIC Collocation,5,2,,software license,,Cụm từ thường gặp trong ngữ cảnh công việc và bài thi TOEIC.,"toeic,v4,collocation,it-technical-support",The team discussed the software license during the meeting.,YangLingo TOEIC Expansion v4
compatible device,thiết bị tương thích,,phrase,The team discussed the compatible device during the meeting.,Nhóm đã thảo luận về thiết bị tương thích trong cuộc họp.,B1,,COLLOCATION,IT Technical Support,TOEIC Collocation,5,2,,compatible device,,Cụm từ thường gặp trong ngữ cảnh công việc và bài thi TOEIC.,"toeic,v4,collocation,it-technical-support",The team discussed the compatible device during the meeting.,YangLingo TOEIC Expansion v4
system outage,sự cố gián đoạn hệ thống,,phrase,The team discussed the system outage during the meeting.,Nhóm đã thảo luận về sự cố gián đoạn hệ thống trong cuộc họp.,B1,,COLLOCATION,IT Technical Support,TOEIC Collocation,5,2,,system outage,,Cụm từ thường gặp trong ngữ cảnh công việc và bài thi TOEIC.,"toeic,v4,collocation,it-technical-support",The team discussed the system outage during the meeting.,YangLingo TOEIC Expansion v4
meet a milestone,đạt một mốc dự án,,phrase,Please meet a milestone before the deadline.,Vui lòng đạt một mốc dự án trước hạn chót.,B1,,COLLOCATION,Projects Meetings,TOEIC Collocation,5,2,,meet a milestone,,Cụm từ thường gặp trong ngữ cảnh công việc và bài thi TOEIC.,"toeic,v4,collocation,projects-meetings",Please meet a milestone before the deadline.,YangLingo TOEIC Expansion v4
project deliverable,sản phẩm phải bàn giao,,phrase,The team discussed the project deliverable during the meeting.,Nhóm đã thảo luận về sản phẩm phải bàn giao trong cuộc họp.,B1,,COLLOCATION,Projects Meetings,TOEIC Collocation,5,2,,project deliverable,,Cụm từ thường gặp trong ngữ cảnh công việc và bài thi TOEIC.,"toeic,v4,collocation,projects-meetings",The team discussed the project deliverable during the meeting.,YangLingo TOEIC Expansion v4
assign a task,giao nhiệm vụ,,phrase,Please assign a task before the deadline.,Vui lòng giao nhiệm vụ trước hạn chót.,B1,,COLLOCATION,Projects Meetings,TOEIC Collocation,5,2,,assign a task,,Cụm từ thường gặp trong ngữ cảnh công việc và bài thi TOEIC.,"toeic,v4,collocation,projects-meetings",Please assign a task before the deadline.,YangLingo TOEIC Expansion v4
provide a status update,cung cấp cập nhật tình trạng,,phrase,Please provide a status update before the deadline.,Vui lòng cung cấp cập nhật tình trạng trước hạn chót.,B1,,COLLOCATION,Projects Meetings,TOEIC Collocation,5,2,,provide a status update,,Cụm từ thường gặp trong ngữ cảnh công việc và bài thi TOEIC.,"toeic,v4,collocation,projects-meetings",Please provide a status update before the deadline.,YangLingo TOEIC Expansion v4
key stakeholder,bên liên quan chủ chốt,,phrase,The team discussed the key stakeholder during the meeting.,Nhóm đã thảo luận về bên liên quan chủ chốt trong cuộc họp.,B1,,COLLOCATION,Projects Meetings,TOEIC Collocation,5,2,,key stakeholder,,Cụm từ thường gặp trong ngữ cảnh công việc và bài thi TOEIC.,"toeic,v4,collocation,projects-meetings",The team discussed the key stakeholder during the meeting.,YangLingo TOEIC Expansion v4
define an objective,xác định mục tiêu,,phrase,Please define an objective before the deadline.,Vui lòng xác định mục tiêu trước hạn chót.,B1,,COLLOCATION,Projects Meetings,TOEIC Collocation,5,2,,define an objective,,Cụm từ thường gặp trong ngữ cảnh công việc và bài thi TOEIC.,"toeic,v4,collocation,projects-meetings",Please define an objective before the deadline.,YangLingo TOEIC Expansion v4
set priorities,đặt thứ tự ưu tiên,,phrase,Please set priorities before the deadline.,Vui lòng đặt thứ tự ưu tiên trước hạn chót.,B1,,COLLOCATION,Projects Meetings,TOEIC Collocation,5,2,,set priorities,,Cụm từ thường gặp trong ngữ cảnh công việc và bài thi TOEIC.,"toeic,v4,collocation,projects-meetings",Please set priorities before the deadline.,YangLingo TOEIC Expansion v4
project scope,phạm vi dự án,,phrase,The team discussed the project scope during the meeting.,Nhóm đã thảo luận về phạm vi dự án trong cuộc họp.,B1,,COLLOCATION,Projects Meetings,TOEIC Collocation,5,2,,project scope,,Cụm từ thường gặp trong ngữ cảnh công việc và bài thi TOEIC.,"toeic,v4,collocation,projects-meetings",The team discussed the project scope during the meeting.,YangLingo TOEIC Expansion v4
project timeline,tiến độ dự án,,phrase,The team discussed the project timeline during the meeting.,Nhóm đã thảo luận về tiến độ dự án trong cuộc họp.,B1,,COLLOCATION,Projects Meetings,TOEIC Collocation,5,2,,project timeline,,Cụm từ thường gặp trong ngữ cảnh công việc và bài thi TOEIC.,"toeic,v4,collocation,projects-meetings",The team discussed the project timeline during the meeting.,YangLingo TOEIC Expansion v4
implementation plan,kế hoạch triển khai,,phrase,The team discussed the implementation plan during the meeting.,Nhóm đã thảo luận về kế hoạch triển khai trong cuộc họp.,B1,,COLLOCATION,Projects Meetings,TOEIC Collocation,5,2,,implementation plan,,Cụm từ thường gặp trong ngữ cảnh công việc và bài thi TOEIC.,"toeic,v4,collocation,projects-meetings",The team discussed the implementation plan during the meeting.,YangLingo TOEIC Expansion v4
revise a draft,sửa bản nháp,,phrase,Please revise a draft before the deadline.,Vui lòng sửa bản nháp trước hạn chót.,B1,,COLLOCATION,Projects Meetings,TOEIC Collocation,5,2,,revise a draft,,Cụm từ thường gặp trong ngữ cảnh công việc và bài thi TOEIC.,"toeic,v4,collocation,projects-meetings",Please revise a draft before the deadline.,YangLingo TOEIC Expansion v4
approve a proposal,phê duyệt đề xuất,,phrase,Please approve a proposal before the deadline.,Vui lòng phê duyệt đề xuất trước hạn chót.,B1,,COLLOCATION,Projects Meetings,TOEIC Collocation,5,2,,approve a proposal,,Cụm từ thường gặp trong ngữ cảnh công việc và bài thi TOEIC.,"toeic,v4,collocation,projects-meetings",Please approve a proposal before the deadline.,YangLingo TOEIC Expansion v4
give a presentation,thuyết trình,,phrase,Please give a presentation before the deadline.,Vui lòng thuyết trình trước hạn chót.,B1,,COLLOCATION,Projects Meetings,TOEIC Collocation,5,2,,give a presentation,,Cụm từ thường gặp trong ngữ cảnh công việc và bài thi TOEIC.,"toeic,v4,collocation,projects-meetings",Please give a presentation before the deadline.,YangLingo TOEIC Expansion v4
join a conference call,tham gia cuộc họp qua điện thoại,,phrase,Please join a conference call before the deadline.,Vui lòng tham gia cuộc họp qua điện thoại trước hạn chót.,B1,,COLLOCATION,Projects Meetings,TOEIC Collocation,5,2,,join a conference call,,Cụm từ thường gặp trong ngữ cảnh công việc và bài thi TOEIC.,"toeic,v4,collocation,projects-meetings",Please join a conference call before the deadline.,YangLingo TOEIC Expansion v4
attend a video conference,tham dự hội nghị video,,phrase,Please attend a video conference before the deadline.,Vui lòng tham dự hội nghị video trước hạn chót.,B1,,COLLOCATION,Projects Meetings,TOEIC Collocation,5,2,,attend a video conference,,Cụm từ thường gặp trong ngữ cảnh công việc và bài thi TOEIC.,"toeic,v4,collocation,projects-meetings",Please attend a video conference before the deadline.,YangLingo TOEIC Expansion v4
follow up on an issue,theo dõi một vấn đề,,phrase,Please follow up on an issue before the deadline.,Vui lòng theo dõi một vấn đề trước hạn chót.,B1,,COLLOCATION,Projects Meetings,TOEIC Collocation,5,2,,follow up on an issue,,Cụm từ thường gặp trong ngữ cảnh công việc và bài thi TOEIC.,"toeic,v4,collocation,projects-meetings",Please follow up on an issue before the deadline.,YangLingo TOEIC Expansion v4
kickoff meeting,cuộc họp khởi động dự án,,phrase,The team discussed the kickoff meeting during the meeting.,Nhóm đã thảo luận về cuộc họp khởi động dự án trong cuộc họp.,B1,,COLLOCATION,Projects Meetings,TOEIC Collocation,5,2,,kickoff meeting,,Cụm từ thường gặp trong ngữ cảnh công việc và bài thi TOEIC.,"toeic,v4,collocation,projects-meetings",The team discussed the kickoff meeting during the meeting.,YangLingo TOEIC Expansion v4
sign a contract,ký hợp đồng,,phrase,Please sign a contract before the deadline.,Vui lòng ký hợp đồng trước hạn chót.,B2,,COLLOCATION,Legal Contracts,TOEIC Collocation,7,3,,sign a contract,,Cụm từ thường gặp trong ngữ cảnh công việc và bài thi TOEIC.,"toeic,v4,collocation,legal-contracts",Please sign a contract before the deadline.,YangLingo TOEIC Expansion v4
renew a contract,gia hạn hợp đồng,,phrase,Please renew a contract before the deadline.,Vui lòng gia hạn hợp đồng trước hạn chót.,B2,,COLLOCATION,Legal Contracts,TOEIC Collocation,7,3,,renew a contract,,Cụm từ thường gặp trong ngữ cảnh công việc và bài thi TOEIC.,"toeic,v4,collocation,legal-contracts",Please renew a contract before the deadline.,YangLingo TOEIC Expansion v4
terminate a contract,chấm dứt hợp đồng,,phrase,Please terminate a contract before the deadline.,Vui lòng chấm dứt hợp đồng trước hạn chót.,B2,,COLLOCATION,Legal Contracts,TOEIC Collocation,7,3,,terminate a contract,,Cụm từ thường gặp trong ngữ cảnh công việc và bài thi TOEIC.,"toeic,v4,collocation,legal-contracts",Please terminate a contract before the deadline.,YangLingo TOEIC Expansion v4
contract clause,điều khoản hợp đồng,,phrase,The team discussed the contract clause during the meeting.,Nhóm đã thảo luận về điều khoản hợp đồng trong cuộc họp.,B2,,COLLOCATION,Legal Contracts,TOEIC Collocation,7,3,,contract clause,,Cụm từ thường gặp trong ngữ cảnh công việc và bài thi TOEIC.,"toeic,v4,collocation,legal-contracts",The team discussed the contract clause during the meeting.,YangLingo TOEIC Expansion v4
legal obligation,nghĩa vụ pháp lý,,phrase,The team discussed the legal obligation during the meeting.,Nhóm đã thảo luận về nghĩa vụ pháp lý trong cuộc họp.,B2,,COLLOCATION,Legal Contracts,TOEIC Collocation,7,3,,legal obligation,,Cụm từ thường gặp trong ngữ cảnh công việc và bài thi TOEIC.,"toeic,v4,collocation,legal-contracts",The team discussed the legal obligation during the meeting.,YangLingo TOEIC Expansion v4
comply with regulations,tuân thủ quy định,,phrase,Please comply with regulations before the deadline.,Vui lòng tuân thủ quy định trước hạn chót.,B2,,COLLOCATION,Legal Contracts,TOEIC Collocation,7,3,,comply with regulations,,Cụm từ thường gặp trong ngữ cảnh công việc và bài thi TOEIC.,"toeic,v4,collocation,legal-contracts",Please comply with regulations before the deadline.,YangLingo TOEIC Expansion v4
obtain a permit,xin giấy phép,,phrase,Please obtain a permit before the deadline.,Vui lòng xin giấy phép trước hạn chót.,B2,,COLLOCATION,Legal Contracts,TOEIC Collocation,7,3,,obtain a permit,,Cụm từ thường gặp trong ngữ cảnh công việc và bài thi TOEIC.,"toeic,v4,collocation,legal-contracts",Please obtain a permit before the deadline.,YangLingo TOEIC Expansion v4
obtain authorization,nhận sự cho phép,,phrase,Please obtain authorization before the deadline.,Vui lòng nhận sự cho phép trước hạn chót.,B2,,COLLOCATION,Legal Contracts,TOEIC Collocation,7,3,,obtain authorization,,Cụm từ thường gặp trong ngữ cảnh công việc và bài thi TOEIC.,"toeic,v4,collocation,legal-contracts",Please obtain authorization before the deadline.,YangLingo TOEIC Expansion v4
confidential information,thông tin bảo mật,,phrase,The team discussed the confidential information during the meeting.,Nhóm đã thảo luận về thông tin bảo mật trong cuộc họp.,B2,,COLLOCATION,Legal Contracts,TOEIC Collocation,7,3,,confidential information,,Cụm từ thường gặp trong ngữ cảnh công việc và bài thi TOEIC.,"toeic,v4,collocation,legal-contracts",The team discussed the confidential information during the meeting.,YangLingo TOEIC Expansion v4
confidentiality agreement,thỏa thuận bảo mật,,phrase,The team discussed the confidentiality agreement during the meeting.,Nhóm đã thảo luận về thỏa thuận bảo mật trong cuộc họp.,B2,,COLLOCATION,Legal Contracts,TOEIC Collocation,7,3,,confidentiality agreement,,Cụm từ thường gặp trong ngữ cảnh công việc và bài thi TOEIC.,"toeic,v4,collocation,legal-contracts",The team discussed the confidentiality agreement during the meeting.,YangLingo TOEIC Expansion v4
legal liability,trách nhiệm pháp lý,,phrase,The team discussed the legal liability during the meeting.,Nhóm đã thảo luận về trách nhiệm pháp lý trong cuộc họp.,B2,,COLLOCATION,Legal Contracts,TOEIC Collocation,7,3,,legal liability,,Cụm từ thường gặp trong ngữ cảnh công việc và bài thi TOEIC.,"toeic,v4,collocation,legal-contracts",The team discussed the legal liability during the meeting.,YangLingo TOEIC Expansion v4
settle a dispute,giải quyết tranh chấp,,phrase,Please settle a dispute before the deadline.,Vui lòng giải quyết tranh chấp trước hạn chót.,B2,,COLLOCATION,Legal Contracts,TOEIC Collocation,7,3,,settle a dispute,,Cụm từ thường gặp trong ngữ cảnh công việc và bài thi TOEIC.,"toeic,v4,collocation,legal-contracts",Please settle a dispute before the deadline.,YangLingo TOEIC Expansion v4
request a refund,yêu cầu hoàn tiền,,phrase,Please request a refund before the deadline.,Vui lòng yêu cầu hoàn tiền trước hạn chót.,B1,,COLLOCATION,Retail Customer Service,TOEIC Collocation,7,2,,request a refund,,Cụm từ thường gặp trong ngữ cảnh công việc và bài thi TOEIC.,"toeic,v4,collocation,retail-customer-service",Please request a refund before the deadline.,YangLingo TOEIC Expansion v4
exchange an item,đổi sản phẩm,,phrase,Please exchange an item before the deadline.,Vui lòng đổi sản phẩm trước hạn chót.,B1,,COLLOCATION,Retail Customer Service,TOEIC Collocation,7,2,,exchange an item,,Cụm từ thường gặp trong ngữ cảnh công việc và bài thi TOEIC.,"toeic,v4,collocation,retail-customer-service",Please exchange an item before the deadline.,YangLingo TOEIC Expansion v4
show a receipt,xuất trình biên lai,,phrase,Please show a receipt before the deadline.,Vui lòng xuất trình biên lai trước hạn chót.,B1,,COLLOCATION,Retail Customer Service,TOEIC Collocation,7,2,,show a receipt,,Cụm từ thường gặp trong ngữ cảnh công việc và bài thi TOEIC.,"toeic,v4,collocation,retail-customer-service",Please show a receipt before the deadline.,YangLingo TOEIC Expansion v4
process a payment,xử lý thanh toán,,phrase,Please process a payment before the deadline.,Vui lòng xử lý thanh toán trước hạn chót.,B1,,COLLOCATION,Retail Customer Service,TOEIC Collocation,7,2,,process a payment,,Cụm từ thường gặp trong ngữ cảnh công việc và bài thi TOEIC.,"toeic,v4,collocation,retail-customer-service",Please process a payment before the deadline.,YangLingo TOEIC Expansion v4
credit card payment,thanh toán bằng thẻ tín dụng,,phrase,The team discussed the credit card payment during the meeting.,Nhóm đã thảo luận về thanh toán bằng thẻ tín dụng trong cuộc họp.,B1,,COLLOCATION,Retail Customer Service,TOEIC Collocation,7,2,,credit card payment,,Cụm từ thường gặp trong ngữ cảnh công việc và bài thi TOEIC.,"toeic,v4,collocation,retail-customer-service",The team discussed the credit card payment during the meeting.,YangLingo TOEIC Expansion v4
cash register,máy tính tiền,,phrase,The team discussed the cash register during the meeting.,Nhóm đã thảo luận về máy tính tiền trong cuộc họp.,B1,,COLLOCATION,Retail Customer Service,TOEIC Collocation,7,2,,cash register,,Cụm từ thường gặp trong ngữ cảnh công việc và bài thi TOEIC.,"toeic,v4,collocation,retail-customer-service",The team discussed the cash register during the meeting.,YangLingo TOEIC Expansion v4
attend a seminar,tham dự hội thảo,,phrase,Please attend a seminar before the deadline.,Vui lòng tham dự hội thảo trước hạn chót.,B1,,COLLOCATION,Events Conferences,TOEIC Collocation,7,2,,attend a seminar,,Cụm từ thường gặp trong ngữ cảnh công việc và bài thi TOEIC.,"toeic,v4,collocation,events-conferences",Please attend a seminar before the deadline.,YangLingo TOEIC Expansion v4
host a workshop,tổ chức workshop,,phrase,Please host a workshop before the deadline.,Vui lòng tổ chức workshop trước hạn chót.,B1,,COLLOCATION,Events Conferences,TOEIC Collocation,7,2,,host a workshop,,Cụm từ thường gặp trong ngữ cảnh công việc và bài thi TOEIC.,"toeic,v4,collocation,events-conferences",Please host a workshop before the deadline.,YangLingo TOEIC Expansion v4
annual convention,hội nghị thường niên,,phrase,The team discussed the annual convention during the meeting.,Nhóm đã thảo luận về hội nghị thường niên trong cuộc họp.,B1,,COLLOCATION,Events Conferences,TOEIC Collocation,7,2,,annual convention,,Cụm từ thường gặp trong ngữ cảnh công việc và bài thi TOEIC.,"toeic,v4,collocation,events-conferences",The team discussed the annual convention during the meeting.,YangLingo TOEIC Expansion v4
exhibition hall,sảnh triển lãm,,phrase,The team discussed the exhibition hall during the meeting.,Nhóm đã thảo luận về sảnh triển lãm trong cuộc họp.,B1,,COLLOCATION,Events Conferences,TOEIC Collocation,7,2,,exhibition hall,,Cụm từ thường gặp trong ngữ cảnh công việc và bài thi TOEIC.,"toeic,v4,collocation,events-conferences",The team discussed the exhibition hall during the meeting.,YangLingo TOEIC Expansion v4
register for an event,đăng ký sự kiện,,phrase,Please register for an event before the deadline.,Vui lòng đăng ký sự kiện trước hạn chót.,B1,,COLLOCATION,Events Conferences,TOEIC Collocation,7,2,,register for an event,,Cụm từ thường gặp trong ngữ cảnh công việc và bài thi TOEIC.,"toeic,v4,collocation,events-conferences",Please register for an event before the deadline.,YangLingo TOEIC Expansion v4
keynote speaker,diễn giả chính,,phrase,The team discussed the keynote speaker during the meeting.,Nhóm đã thảo luận về diễn giả chính trong cuộc họp.,B1,,COLLOCATION,Events Conferences,TOEIC Collocation,7,2,,keynote speaker,,Cụm từ thường gặp trong ngữ cảnh công việc và bài thi TOEIC.,"toeic,v4,collocation,events-conferences",The team discussed the keynote speaker during the meeting.,YangLingo TOEIC Expansion v4
exhibition booth,gian hàng triển lãm,,phrase,The team discussed the exhibition booth during the meeting.,Nhóm đã thảo luận về gian hàng triển lãm trong cuộc họp.,B1,,COLLOCATION,Events Conferences,TOEIC Collocation,7,2,,exhibition booth,,Cụm từ thường gặp trong ngữ cảnh công việc và bài thi TOEIC.,"toeic,v4,collocation,events-conferences",The team discussed the exhibition booth during the meeting.,YangLingo TOEIC Expansion v4
admission fee,phí vào cửa,,phrase,The team discussed the admission fee during the meeting.,Nhóm đã thảo luận về phí vào cửa trong cuộc họp.,B1,,COLLOCATION,Events Conferences,TOEIC Collocation,7,2,,admission fee,,Cụm từ thường gặp trong ngữ cảnh công việc và bài thi TOEIC.,"toeic,v4,collocation,events-conferences",The team discussed the admission fee during the meeting.,YangLingo TOEIC Expansion v4
catering service,dịch vụ ăn uống sự kiện,,phrase,The team discussed the catering service during the meeting.,Nhóm đã thảo luận về dịch vụ ăn uống sự kiện trong cuộc họp.,B1,,COLLOCATION,Events Conferences,TOEIC Collocation,7,2,,catering service,,Cụm từ thường gặp trong ngữ cảnh công việc và bài thi TOEIC.,"toeic,v4,collocation,events-conferences",The team discussed the catering service during the meeting.,YangLingo TOEIC Expansion v4
corporate sponsor,nhà tài trợ doanh nghiệp,,phrase,The team discussed the corporate sponsor during the meeting.,Nhóm đã thảo luận về nhà tài trợ doanh nghiệp trong cuộc họp.,B1,,COLLOCATION,Events Conferences,TOEIC Collocation,7,2,,corporate sponsor,,Cụm từ thường gặp trong ngữ cảnh công việc và bài thi TOEIC.,"toeic,v4,collocation,events-conferences",The team discussed the corporate sponsor during the meeting.,YangLingo TOEIC Expansion v4
opening ceremony,lễ khai mạc,,phrase,The team discussed the opening ceremony during the meeting.,Nhóm đã thảo luận về lễ khai mạc trong cuộc họp.,B1,,COLLOCATION,Events Conferences,TOEIC Collocation,7,2,,opening ceremony,,Cụm từ thường gặp trong ngữ cảnh công việc và bài thi TOEIC.,"toeic,v4,collocation,events-conferences",The team discussed the opening ceremony during the meeting.,YangLingo TOEIC Expansion v4
Could you send me the revised report?,Bạn có thể gửi cho tôi báo cáo đã sửa được không?,,sentence,Could you send me the revised report?,Bạn có thể gửi cho tôi báo cáo đã sửa được không?,B1,,LISTENING,Workplace Communication,TOEIC Functional Phrase,2,1,,,,"Câu chức năng nên luyện nghe nhận diện, nối âm và shadowing.","toeic,v4,functional-phrase,workplace-communication",Could you send me the revised report?,YangLingo TOEIC Expansion v4
Have you received the revised report yet?,Bạn đã nhận được báo cáo đã sửa chưa?,,sentence,Have you received the revised report yet?,Bạn đã nhận được báo cáo đã sửa chưa?,B1,,LISTENING,Workplace Communication,TOEIC Functional Phrase,2,1,,,,"Câu chức năng nên luyện nghe nhận diện, nối âm và shadowing.","toeic,v4,functional-phrase,workplace-communication",Have you received the revised report yet?,YangLingo TOEIC Expansion v4
When do you need the revised report?,Khi nào bạn cần báo cáo đã sửa?,,sentence,When do you need the revised report?,Khi nào bạn cần báo cáo đã sửa?,B1,,LISTENING,Workplace Communication,TOEIC Functional Phrase,2,2,,,,"Câu chức năng nên luyện nghe nhận diện, nối âm và shadowing.","toeic,v4,functional-phrase,workplace-communication",When do you need the revised report?,YangLingo TOEIC Expansion v4
Could you send me the updated schedule?,Bạn có thể gửi cho tôi lịch đã cập nhật được không?,,sentence,Could you send me the updated schedule?,Bạn có thể gửi cho tôi lịch đã cập nhật được không?,B1,,LISTENING,Workplace Communication,TOEIC Functional Phrase,2,1,,,,"Câu chức năng nên luyện nghe nhận diện, nối âm và shadowing.","toeic,v4,functional-phrase,workplace-communication",Could you send me the updated schedule?,YangLingo TOEIC Expansion v4
Have you received the updated schedule yet?,Bạn đã nhận được lịch đã cập nhật chưa?,,sentence,Have you received the updated schedule yet?,Bạn đã nhận được lịch đã cập nhật chưa?,B1,,LISTENING,Workplace Communication,TOEIC Functional Phrase,2,1,,,,"Câu chức năng nên luyện nghe nhận diện, nối âm và shadowing.","toeic,v4,functional-phrase,workplace-communication",Have you received the updated schedule yet?,YangLingo TOEIC Expansion v4
When do you need the updated schedule?,Khi nào bạn cần lịch đã cập nhật?,,sentence,When do you need the updated schedule?,Khi nào bạn cần lịch đã cập nhật?,B1,,LISTENING,Workplace Communication,TOEIC Functional Phrase,2,2,,,,"Câu chức năng nên luyện nghe nhận diện, nối âm và shadowing.","toeic,v4,functional-phrase,workplace-communication",When do you need the updated schedule?,YangLingo TOEIC Expansion v4
Could you send me the invoice?,Bạn có thể gửi cho tôi hóa đơn được không?,,sentence,Could you send me the invoice?,Bạn có thể gửi cho tôi hóa đơn được không?,B1,,LISTENING,Workplace Communication,TOEIC Functional Phrase,2,1,,,,"Câu chức năng nên luyện nghe nhận diện, nối âm và shadowing.","toeic,v4,functional-phrase,workplace-communication",Could you send me the invoice?,YangLingo TOEIC Expansion v4
Have you received the invoice yet?,Bạn đã nhận được hóa đơn chưa?,,sentence,Have you received the invoice yet?,Bạn đã nhận được hóa đơn chưa?,B1,,LISTENING,Workplace Communication,TOEIC Functional Phrase,2,1,,,,"Câu chức năng nên luyện nghe nhận diện, nối âm và shadowing.","toeic,v4,functional-phrase,workplace-communication",Have you received the invoice yet?,YangLingo TOEIC Expansion v4
When do you need the invoice?,Khi nào bạn cần hóa đơn?,,sentence,When do you need the invoice?,Khi nào bạn cần hóa đơn?,B1,,LISTENING,Workplace Communication,TOEIC Functional Phrase,2,2,,,,"Câu chức năng nên luyện nghe nhận diện, nối âm và shadowing.","toeic,v4,functional-phrase,workplace-communication",When do you need the invoice?,YangLingo TOEIC Expansion v4
Could you send me the meeting agenda?,Bạn có thể gửi cho tôi chương trình họp được không?,,sentence,Could you send me the meeting agenda?,Bạn có thể gửi cho tôi chương trình họp được không?,B1,,LISTENING,Workplace Communication,TOEIC Functional Phrase,2,1,,,,"Câu chức năng nên luyện nghe nhận diện, nối âm và shadowing.","toeic,v4,functional-phrase,workplace-communication",Could you send me the meeting agenda?,YangLingo TOEIC Expansion v4
Have you received the meeting agenda yet?,Bạn đã nhận được chương trình họp chưa?,,sentence,Have you received the meeting agenda yet?,Bạn đã nhận được chương trình họp chưa?,B1,,LISTENING,Workplace Communication,TOEIC Functional Phrase,2,1,,,,"Câu chức năng nên luyện nghe nhận diện, nối âm và shadowing.","toeic,v4,functional-phrase,workplace-communication",Have you received the meeting agenda yet?,YangLingo TOEIC Expansion v4
When do you need the meeting agenda?,Khi nào bạn cần chương trình họp?,,sentence,When do you need the meeting agenda?,Khi nào bạn cần chương trình họp?,B1,,LISTENING,Workplace Communication,TOEIC Functional Phrase,2,2,,,,"Câu chức năng nên luyện nghe nhận diện, nối âm và shadowing.","toeic,v4,functional-phrase,workplace-communication",When do you need the meeting agenda?,YangLingo TOEIC Expansion v4
Could you send me the price quote?,Bạn có thể gửi cho tôi báo giá được không?,,sentence,Could you send me the price quote?,Bạn có thể gửi cho tôi báo giá được không?,B1,,LISTENING,Workplace Communication,TOEIC Functional Phrase,2,1,,,,"Câu chức năng nên luyện nghe nhận diện, nối âm và shadowing.","toeic,v4,functional-phrase,workplace-communication",Could you send me the price quote?,YangLingo TOEIC Expansion v4
Have you received the price quote yet?,Bạn đã nhận được báo giá chưa?,,sentence,Have you received the price quote yet?,Bạn đã nhận được báo giá chưa?,B1,,LISTENING,Workplace Communication,TOEIC Functional Phrase,2,1,,,,"Câu chức năng nên luyện nghe nhận diện, nối âm và shadowing.","toeic,v4,functional-phrase,workplace-communication",Have you received the price quote yet?,YangLingo TOEIC Expansion v4
When do you need the price quote?,Khi nào bạn cần báo giá?,,sentence,When do you need the price quote?,Khi nào bạn cần báo giá?,B1,,LISTENING,Workplace Communication,TOEIC Functional Phrase,2,2,,,,"Câu chức năng nên luyện nghe nhận diện, nối âm và shadowing.","toeic,v4,functional-phrase,workplace-communication",When do you need the price quote?,YangLingo TOEIC Expansion v4
Could you send me the confirmation email?,Bạn có thể gửi cho tôi email xác nhận được không?,,sentence,Could you send me the confirmation email?,Bạn có thể gửi cho tôi email xác nhận được không?,B1,,LISTENING,Workplace Communication,TOEIC Functional Phrase,2,1,,,,"Câu chức năng nên luyện nghe nhận diện, nối âm và shadowing.","toeic,v4,functional-phrase,workplace-communication",Could you send me the confirmation email?,YangLingo TOEIC Expansion v4
Have you received the confirmation email yet?,Bạn đã nhận được email xác nhận chưa?,,sentence,Have you received the confirmation email yet?,Bạn đã nhận được email xác nhận chưa?,B1,,LISTENING,Workplace Communication,TOEIC Functional Phrase,2,1,,,,"Câu chức năng nên luyện nghe nhận diện, nối âm và shadowing.","toeic,v4,functional-phrase,workplace-communication",Have you received the confirmation email yet?,YangLingo TOEIC Expansion v4
When do you need the confirmation email?,Khi nào bạn cần email xác nhận?,,sentence,When do you need the confirmation email?,Khi nào bạn cần email xác nhận?,B1,,LISTENING,Workplace Communication,TOEIC Functional Phrase,2,2,,,,"Câu chức năng nên luyện nghe nhận diện, nối âm và shadowing.","toeic,v4,functional-phrase,workplace-communication",When do you need the confirmation email?,YangLingo TOEIC Expansion v4
Could you send me the application form?,Bạn có thể gửi cho tôi đơn ứng tuyển được không?,,sentence,Could you send me the application form?,Bạn có thể gửi cho tôi đơn ứng tuyển được không?,B1,,LISTENING,Workplace Communication,TOEIC Functional Phrase,2,1,,,,"Câu chức năng nên luyện nghe nhận diện, nối âm và shadowing.","toeic,v4,functional-phrase,workplace-communication",Could you send me the application form?,YangLingo TOEIC Expansion v4
Have you received the application form yet?,Bạn đã nhận được đơn ứng tuyển chưa?,,sentence,Have you received the application form yet?,Bạn đã nhận được đơn ứng tuyển chưa?,B1,,LISTENING,Workplace Communication,TOEIC Functional Phrase,2,1,,,,"Câu chức năng nên luyện nghe nhận diện, nối âm và shadowing.","toeic,v4,functional-phrase,workplace-communication",Have you received the application form yet?,YangLingo TOEIC Expansion v4
When do you need the application form?,Khi nào bạn cần đơn ứng tuyển?,,sentence,When do you need the application form?,Khi nào bạn cần đơn ứng tuyển?,B1,,LISTENING,Workplace Communication,TOEIC Functional Phrase,2,2,,,,"Câu chức năng nên luyện nghe nhận diện, nối âm và shadowing.","toeic,v4,functional-phrase,workplace-communication",When do you need the application form?,YangLingo TOEIC Expansion v4
Could you send me the expense report?,Bạn có thể gửi cho tôi báo cáo chi phí được không?,,sentence,Could you send me the expense report?,Bạn có thể gửi cho tôi báo cáo chi phí được không?,B1,,LISTENING,Workplace Communication,TOEIC Functional Phrase,2,1,,,,"Câu chức năng nên luyện nghe nhận diện, nối âm và shadowing.","toeic,v4,functional-phrase,workplace-communication",Could you send me the expense report?,YangLingo TOEIC Expansion v4
Have you received the expense report yet?,Bạn đã nhận được báo cáo chi phí chưa?,,sentence,Have you received the expense report yet?,Bạn đã nhận được báo cáo chi phí chưa?,B1,,LISTENING,Workplace Communication,TOEIC Functional Phrase,2,1,,,,"Câu chức năng nên luyện nghe nhận diện, nối âm và shadowing.","toeic,v4,functional-phrase,workplace-communication",Have you received the expense report yet?,YangLingo TOEIC Expansion v4
When do you need the expense report?,Khi nào bạn cần báo cáo chi phí?,,sentence,When do you need the expense report?,Khi nào bạn cần báo cáo chi phí?,B1,,LISTENING,Workplace Communication,TOEIC Functional Phrase,2,2,,,,"Câu chức năng nên luyện nghe nhận diện, nối âm và shadowing.","toeic,v4,functional-phrase,workplace-communication",When do you need the expense report?,YangLingo TOEIC Expansion v4
Could you send me the purchase order?,Bạn có thể gửi cho tôi đơn đặt hàng được không?,,sentence,Could you send me the purchase order?,Bạn có thể gửi cho tôi đơn đặt hàng được không?,B1,,LISTENING,Workplace Communication,TOEIC Functional Phrase,2,1,,,,"Câu chức năng nên luyện nghe nhận diện, nối âm và shadowing.","toeic,v4,functional-phrase,workplace-communication",Could you send me the purchase order?,YangLingo TOEIC Expansion v4
Have you received the purchase order yet?,Bạn đã nhận được đơn đặt hàng chưa?,,sentence,Have you received the purchase order yet?,Bạn đã nhận được đơn đặt hàng chưa?,B1,,LISTENING,Workplace Communication,TOEIC Functional Phrase,2,1,,,,"Câu chức năng nên luyện nghe nhận diện, nối âm và shadowing.","toeic,v4,functional-phrase,workplace-communication",Have you received the purchase order yet?,YangLingo TOEIC Expansion v4
When do you need the purchase order?,Khi nào bạn cần đơn đặt hàng?,,sentence,When do you need the purchase order?,Khi nào bạn cần đơn đặt hàng?,B1,,LISTENING,Workplace Communication,TOEIC Functional Phrase,2,2,,,,"Câu chức năng nên luyện nghe nhận diện, nối âm và shadowing.","toeic,v4,functional-phrase,workplace-communication",When do you need the purchase order?,YangLingo TOEIC Expansion v4
Could you send me the delivery schedule?,Bạn có thể gửi cho tôi lịch giao hàng được không?,,sentence,Could you send me the delivery schedule?,Bạn có thể gửi cho tôi lịch giao hàng được không?,B1,,LISTENING,Workplace Communication,TOEIC Functional Phrase,2,1,,,,"Câu chức năng nên luyện nghe nhận diện, nối âm và shadowing.","toeic,v4,functional-phrase,workplace-communication",Could you send me the delivery schedule?,YangLingo TOEIC Expansion v4
Have you received the delivery schedule yet?,Bạn đã nhận được lịch giao hàng chưa?,,sentence,Have you received the delivery schedule yet?,Bạn đã nhận được lịch giao hàng chưa?,B1,,LISTENING,Workplace Communication,TOEIC Functional Phrase,2,1,,,,"Câu chức năng nên luyện nghe nhận diện, nối âm và shadowing.","toeic,v4,functional-phrase,workplace-communication",Have you received the delivery schedule yet?,YangLingo TOEIC Expansion v4
When do you need the delivery schedule?,Khi nào bạn cần lịch giao hàng?,,sentence,When do you need the delivery schedule?,Khi nào bạn cần lịch giao hàng?,B1,,LISTENING,Workplace Communication,TOEIC Functional Phrase,2,2,,,,"Câu chức năng nên luyện nghe nhận diện, nối âm và shadowing.","toeic,v4,functional-phrase,workplace-communication",When do you need the delivery schedule?,YangLingo TOEIC Expansion v4
Could you send me the project proposal?,Bạn có thể gửi cho tôi đề xuất dự án được không?,,sentence,Could you send me the project proposal?,Bạn có thể gửi cho tôi đề xuất dự án được không?,B1,,LISTENING,Workplace Communication,TOEIC Functional Phrase,2,1,,,,"Câu chức năng nên luyện nghe nhận diện, nối âm và shadowing.","toeic,v4,functional-phrase,workplace-communication",Could you send me the project proposal?,YangLingo TOEIC Expansion v4
Have you received the project proposal yet?,Bạn đã nhận được đề xuất dự án chưa?,,sentence,Have you received the project proposal yet?,Bạn đã nhận được đề xuất dự án chưa?,B1,,LISTENING,Workplace Communication,TOEIC Functional Phrase,2,1,,,,"Câu chức năng nên luyện nghe nhận diện, nối âm và shadowing.","toeic,v4,functional-phrase,workplace-communication",Have you received the project proposal yet?,YangLingo TOEIC Expansion v4
When do you need the project proposal?,Khi nào bạn cần đề xuất dự án?,,sentence,When do you need the project proposal?,Khi nào bạn cần đề xuất dự án?,B1,,LISTENING,Workplace Communication,TOEIC Functional Phrase,2,2,,,,"Câu chức năng nên luyện nghe nhận diện, nối âm và shadowing.","toeic,v4,functional-phrase,workplace-communication",When do you need the project proposal?,YangLingo TOEIC Expansion v4
Could you send me the presentation slides?,Bạn có thể gửi cho tôi slide thuyết trình được không?,,sentence,Could you send me the presentation slides?,Bạn có thể gửi cho tôi slide thuyết trình được không?,B1,,LISTENING,Workplace Communication,TOEIC Functional Phrase,2,1,,,,"Câu chức năng nên luyện nghe nhận diện, nối âm và shadowing.","toeic,v4,functional-phrase,workplace-communication",Could you send me the presentation slides?,YangLingo TOEIC Expansion v4
Have you received the presentation slides yet?,Bạn đã nhận được slide thuyết trình chưa?,,sentence,Have you received the presentation slides yet?,Bạn đã nhận được slide thuyết trình chưa?,B1,,LISTENING,Workplace Communication,TOEIC Functional Phrase,2,1,,,,"Câu chức năng nên luyện nghe nhận diện, nối âm và shadowing.","toeic,v4,functional-phrase,workplace-communication",Have you received the presentation slides yet?,YangLingo TOEIC Expansion v4
When do you need the presentation slides?,Khi nào bạn cần slide thuyết trình?,,sentence,When do you need the presentation slides?,Khi nào bạn cần slide thuyết trình?,B1,,LISTENING,Workplace Communication,TOEIC Functional Phrase,2,2,,,,"Câu chức năng nên luyện nghe nhận diện, nối âm và shadowing.","toeic,v4,functional-phrase,workplace-communication",When do you need the presentation slides?,YangLingo TOEIC Expansion v4
Could you send me the travel itinerary?,Bạn có thể gửi cho tôi lịch trình chuyến đi được không?,,sentence,Could you send me the travel itinerary?,Bạn có thể gửi cho tôi lịch trình chuyến đi được không?,B1,,LISTENING,Workplace Communication,TOEIC Functional Phrase,2,1,,,,"Câu chức năng nên luyện nghe nhận diện, nối âm và shadowing.","toeic,v4,functional-phrase,workplace-communication",Could you send me the travel itinerary?,YangLingo TOEIC Expansion v4
Have you received the travel itinerary yet?,Bạn đã nhận được lịch trình chuyến đi chưa?,,sentence,Have you received the travel itinerary yet?,Bạn đã nhận được lịch trình chuyến đi chưa?,B1,,LISTENING,Workplace Communication,TOEIC Functional Phrase,2,1,,,,"Câu chức năng nên luyện nghe nhận diện, nối âm và shadowing.","toeic,v4,functional-phrase,workplace-communication",Have you received the travel itinerary yet?,YangLingo TOEIC Expansion v4
When do you need the travel itinerary?,Khi nào bạn cần lịch trình chuyến đi?,,sentence,When do you need the travel itinerary?,Khi nào bạn cần lịch trình chuyến đi?,B1,,LISTENING,Workplace Communication,TOEIC Functional Phrase,2,2,,,,"Câu chức năng nên luyện nghe nhận diện, nối âm và shadowing.","toeic,v4,functional-phrase,workplace-communication",When do you need the travel itinerary?,YangLingo TOEIC Expansion v4
Could you send me the reservation details?,Bạn có thể gửi cho tôi chi tiết đặt chỗ được không?,,sentence,Could you send me the reservation details?,Bạn có thể gửi cho tôi chi tiết đặt chỗ được không?,B1,,LISTENING,Workplace Communication,TOEIC Functional Phrase,2,1,,,,"Câu chức năng nên luyện nghe nhận diện, nối âm và shadowing.","toeic,v4,functional-phrase,workplace-communication",Could you send me the reservation details?,YangLingo TOEIC Expansion v4
Have you received the reservation details yet?,Bạn đã nhận được chi tiết đặt chỗ chưa?,,sentence,Have you received the reservation details yet?,Bạn đã nhận được chi tiết đặt chỗ chưa?,B1,,LISTENING,Workplace Communication,TOEIC Functional Phrase,2,1,,,,"Câu chức năng nên luyện nghe nhận diện, nối âm và shadowing.","toeic,v4,functional-phrase,workplace-communication",Have you received the reservation details yet?,YangLingo TOEIC Expansion v4
When do you need the reservation details?,Khi nào bạn cần chi tiết đặt chỗ?,,sentence,When do you need the reservation details?,Khi nào bạn cần chi tiết đặt chỗ?,B1,,LISTENING,Workplace Communication,TOEIC Functional Phrase,2,2,,,,"Câu chức năng nên luyện nghe nhận diện, nối âm và shadowing.","toeic,v4,functional-phrase,workplace-communication",When do you need the reservation details?,YangLingo TOEIC Expansion v4
Could you send me the technical specification?,Bạn có thể gửi cho tôi thông số kỹ thuật được không?,,sentence,Could you send me the technical specification?,Bạn có thể gửi cho tôi thông số kỹ thuật được không?,B1,,LISTENING,Workplace Communication,TOEIC Functional Phrase,2,1,,,,"Câu chức năng nên luyện nghe nhận diện, nối âm và shadowing.","toeic,v4,functional-phrase,workplace-communication",Could you send me the technical specification?,YangLingo TOEIC Expansion v4
Have you received the technical specification yet?,Bạn đã nhận được thông số kỹ thuật chưa?,,sentence,Have you received the technical specification yet?,Bạn đã nhận được thông số kỹ thuật chưa?,B1,,LISTENING,Workplace Communication,TOEIC Functional Phrase,2,1,,,,"Câu chức năng nên luyện nghe nhận diện, nối âm và shadowing.","toeic,v4,functional-phrase,workplace-communication",Have you received the technical specification yet?,YangLingo TOEIC Expansion v4
When do you need the technical specification?,Khi nào bạn cần thông số kỹ thuật?,,sentence,When do you need the technical specification?,Khi nào bạn cần thông số kỹ thuật?,B1,,LISTENING,Workplace Communication,TOEIC Functional Phrase,2,2,,,,"Câu chức năng nên luyện nghe nhận diện, nối âm và shadowing.","toeic,v4,functional-phrase,workplace-communication",When do you need the technical specification?,YangLingo TOEIC Expansion v4
Could you send me the contract draft?,Bạn có thể gửi cho tôi bản dự thảo hợp đồng được không?,,sentence,Could you send me the contract draft?,Bạn có thể gửi cho tôi bản dự thảo hợp đồng được không?,B1,,LISTENING,Workplace Communication,TOEIC Functional Phrase,2,1,,,,"Câu chức năng nên luyện nghe nhận diện, nối âm và shadowing.","toeic,v4,functional-phrase,workplace-communication",Could you send me the contract draft?,YangLingo TOEIC Expansion v4
Have you received the contract draft yet?,Bạn đã nhận được bản dự thảo hợp đồng chưa?,,sentence,Have you received the contract draft yet?,Bạn đã nhận được bản dự thảo hợp đồng chưa?,B1,,LISTENING,Workplace Communication,TOEIC Functional Phrase,2,1,,,,"Câu chức năng nên luyện nghe nhận diện, nối âm và shadowing.","toeic,v4,functional-phrase,workplace-communication",Have you received the contract draft yet?,YangLingo TOEIC Expansion v4
When do you need the contract draft?,Khi nào bạn cần bản dự thảo hợp đồng?,,sentence,When do you need the contract draft?,Khi nào bạn cần bản dự thảo hợp đồng?,B1,,LISTENING,Workplace Communication,TOEIC Functional Phrase,2,2,,,,"Câu chức năng nên luyện nghe nhận diện, nối âm và shadowing.","toeic,v4,functional-phrase,workplace-communication",When do you need the contract draft?,YangLingo TOEIC Expansion v4
Could you send me the training materials?,Bạn có thể gửi cho tôi tài liệu đào tạo được không?,,sentence,Could you send me the training materials?,Bạn có thể gửi cho tôi tài liệu đào tạo được không?,B1,,LISTENING,Workplace Communication,TOEIC Functional Phrase,2,1,,,,"Câu chức năng nên luyện nghe nhận diện, nối âm và shadowing.","toeic,v4,functional-phrase,workplace-communication",Could you send me the training materials?,YangLingo TOEIC Expansion v4
Have you received the training materials yet?,Bạn đã nhận được tài liệu đào tạo chưa?,,sentence,Have you received the training materials yet?,Bạn đã nhận được tài liệu đào tạo chưa?,B1,,LISTENING,Workplace Communication,TOEIC Functional Phrase,2,1,,,,"Câu chức năng nên luyện nghe nhận diện, nối âm và shadowing.","toeic,v4,functional-phrase,workplace-communication",Have you received the training materials yet?,YangLingo TOEIC Expansion v4
When do you need the training materials?,Khi nào bạn cần tài liệu đào tạo?,,sentence,When do you need the training materials?,Khi nào bạn cần tài liệu đào tạo?,B1,,LISTENING,Workplace Communication,TOEIC Functional Phrase,2,2,,,,"Câu chức năng nên luyện nghe nhận diện, nối âm và shadowing.","toeic,v4,functional-phrase,workplace-communication",When do you need the training materials?,YangLingo TOEIC Expansion v4
Could you send me the customer feedback?,Bạn có thể gửi cho tôi phản hồi khách hàng được không?,,sentence,Could you send me the customer feedback?,Bạn có thể gửi cho tôi phản hồi khách hàng được không?,B1,,LISTENING,Workplace Communication,TOEIC Functional Phrase,2,1,,,,"Câu chức năng nên luyện nghe nhận diện, nối âm và shadowing.","toeic,v4,functional-phrase,workplace-communication",Could you send me the customer feedback?,YangLingo TOEIC Expansion v4
Have you received the customer feedback yet?,Bạn đã nhận được phản hồi khách hàng chưa?,,sentence,Have you received the customer feedback yet?,Bạn đã nhận được phản hồi khách hàng chưa?,B1,,LISTENING,Workplace Communication,TOEIC Functional Phrase,2,1,,,,"Câu chức năng nên luyện nghe nhận diện, nối âm và shadowing.","toeic,v4,functional-phrase,workplace-communication",Have you received the customer feedback yet?,YangLingo TOEIC Expansion v4
When do you need the customer feedback?,Khi nào bạn cần phản hồi khách hàng?,,sentence,When do you need the customer feedback?,Khi nào bạn cần phản hồi khách hàng?,B1,,LISTENING,Workplace Communication,TOEIC Functional Phrase,2,2,,,,"Câu chức năng nên luyện nghe nhận diện, nối âm và shadowing.","toeic,v4,functional-phrase,workplace-communication",When do you need the customer feedback?,YangLingo TOEIC Expansion v4
Could you send me the inventory report?,Bạn có thể gửi cho tôi báo cáo tồn kho được không?,,sentence,Could you send me the inventory report?,Bạn có thể gửi cho tôi báo cáo tồn kho được không?,B1,,LISTENING,Workplace Communication,TOEIC Functional Phrase,2,1,,,,"Câu chức năng nên luyện nghe nhận diện, nối âm và shadowing.","toeic,v4,functional-phrase,workplace-communication",Could you send me the inventory report?,YangLingo TOEIC Expansion v4
Have you received the inventory report yet?,Bạn đã nhận được báo cáo tồn kho chưa?,,sentence,Have you received the inventory report yet?,Bạn đã nhận được báo cáo tồn kho chưa?,B1,,LISTENING,Workplace Communication,TOEIC Functional Phrase,2,1,,,,"Câu chức năng nên luyện nghe nhận diện, nối âm và shadowing.","toeic,v4,functional-phrase,workplace-communication",Have you received the inventory report yet?,YangLingo TOEIC Expansion v4
When do you need the inventory report?,Khi nào bạn cần báo cáo tồn kho?,,sentence,When do you need the inventory report?,Khi nào bạn cần báo cáo tồn kho?,B1,,LISTENING,Workplace Communication,TOEIC Functional Phrase,2,2,,,,"Câu chức năng nên luyện nghe nhận diện, nối âm và shadowing.","toeic,v4,functional-phrase,workplace-communication",When do you need the inventory report?,YangLingo TOEIC Expansion v4
Could you send me the maintenance request?,Bạn có thể gửi cho tôi yêu cầu bảo trì được không?,,sentence,Could you send me the maintenance request?,Bạn có thể gửi cho tôi yêu cầu bảo trì được không?,B1,,LISTENING,Workplace Communication,TOEIC Functional Phrase,2,1,,,,"Câu chức năng nên luyện nghe nhận diện, nối âm và shadowing.","toeic,v4,functional-phrase,workplace-communication",Could you send me the maintenance request?,YangLingo TOEIC Expansion v4
Have you received the maintenance request yet?,Bạn đã nhận được yêu cầu bảo trì chưa?,,sentence,Have you received the maintenance request yet?,Bạn đã nhận được yêu cầu bảo trì chưa?,B1,,LISTENING,Workplace Communication,TOEIC Functional Phrase,2,1,,,,"Câu chức năng nên luyện nghe nhận diện, nối âm và shadowing.","toeic,v4,functional-phrase,workplace-communication",Have you received the maintenance request yet?,YangLingo TOEIC Expansion v4
When do you need the maintenance request?,Khi nào bạn cần yêu cầu bảo trì?,,sentence,When do you need the maintenance request?,Khi nào bạn cần yêu cầu bảo trì?,B1,,LISTENING,Workplace Communication,TOEIC Functional Phrase,2,2,,,,"Câu chức năng nên luyện nghe nhận diện, nối âm và shadowing.","toeic,v4,functional-phrase,workplace-communication",When do you need the maintenance request?,YangLingo TOEIC Expansion v4
The staff meeting has been rescheduled.,Cuộc họp nhân viên đã được đổi lịch.,,sentence,The staff meeting has been rescheduled.,Cuộc họp nhân viên đã được đổi lịch.,B1,,LISTENING,Scheduling Meetings,TOEIC Functional Phrase,2,1,,,,"Câu chức năng nên luyện nghe nhận diện, nối âm và shadowing.","toeic,v4,functional-phrase,scheduling-meetings",The staff meeting has been rescheduled.,YangLingo TOEIC Expansion v4
What time does the staff meeting start?,Cuộc họp nhân viên bắt đầu lúc mấy giờ?,,sentence,What time does the staff meeting start?,Cuộc họp nhân viên bắt đầu lúc mấy giờ?,B1,,LISTENING,Scheduling Meetings,TOEIC Functional Phrase,2,1,,,,"Câu chức năng nên luyện nghe nhận diện, nối âm và shadowing.","toeic,v4,functional-phrase,scheduling-meetings",What time does the staff meeting start?,YangLingo TOEIC Expansion v4
Please let me know if you can attend the staff meeting.,Vui lòng cho tôi biết bạn có thể tham dự cuộc họp nhân viên hay không.,,sentence,Please let me know if you can attend the staff meeting.,Vui lòng cho tôi biết bạn có thể tham dự cuộc họp nhân viên hay không.,B1,,LISTENING,Scheduling Meetings,TOEIC Functional Phrase,3,2,,,,"Câu chức năng nên luyện nghe nhận diện, nối âm và shadowing.","toeic,v4,functional-phrase,scheduling-meetings",Please let me know if you can attend the staff meeting.,YangLingo TOEIC Expansion v4
The client meeting has been rescheduled.,Cuộc họp với khách hàng đã được đổi lịch.,,sentence,The client meeting has been rescheduled.,Cuộc họp với khách hàng đã được đổi lịch.,B1,,LISTENING,Scheduling Meetings,TOEIC Functional Phrase,2,1,,,,"Câu chức năng nên luyện nghe nhận diện, nối âm và shadowing.","toeic,v4,functional-phrase,scheduling-meetings",The client meeting has been rescheduled.,YangLingo TOEIC Expansion v4
What time does the client meeting start?,Cuộc họp với khách hàng bắt đầu lúc mấy giờ?,,sentence,What time does the client meeting start?,Cuộc họp với khách hàng bắt đầu lúc mấy giờ?,B1,,LISTENING,Scheduling Meetings,TOEIC Functional Phrase,2,1,,,,"Câu chức năng nên luyện nghe nhận diện, nối âm và shadowing.","toeic,v4,functional-phrase,scheduling-meetings",What time does the client meeting start?,YangLingo TOEIC Expansion v4
Please let me know if you can attend the client meeting.,Vui lòng cho tôi biết bạn có thể tham dự cuộc họp với khách hàng hay không.,,sentence,Please let me know if you can attend the client meeting.,Vui lòng cho tôi biết bạn có thể tham dự cuộc họp với khách hàng hay không.,B1,,LISTENING,Scheduling Meetings,TOEIC Functional Phrase,3,2,,,,"Câu chức năng nên luyện nghe nhận diện, nối âm và shadowing.","toeic,v4,functional-phrase,scheduling-meetings",Please let me know if you can attend the client meeting.,YangLingo TOEIC Expansion v4
The training session has been rescheduled.,Buổi đào tạo đã được đổi lịch.,,sentence,The training session has been rescheduled.,Buổi đào tạo đã được đổi lịch.,B1,,LISTENING,Scheduling Meetings,TOEIC Functional Phrase,2,1,,,,"Câu chức năng nên luyện nghe nhận diện, nối âm và shadowing.","toeic,v4,functional-phrase,scheduling-meetings",The training session has been rescheduled.,YangLingo TOEIC Expansion v4
What time does the training session start?,Buổi đào tạo bắt đầu lúc mấy giờ?,,sentence,What time does the training session start?,Buổi đào tạo bắt đầu lúc mấy giờ?,B1,,LISTENING,Scheduling Meetings,TOEIC Functional Phrase,2,1,,,,"Câu chức năng nên luyện nghe nhận diện, nối âm và shadowing.","toeic,v4,functional-phrase,scheduling-meetings",What time does the training session start?,YangLingo TOEIC Expansion v4
Please let me know if you can attend the training session.,Vui lòng cho tôi biết bạn có thể tham dự buổi đào tạo hay không.,,sentence,Please let me know if you can attend the training session.,Vui lòng cho tôi biết bạn có thể tham dự buổi đào tạo hay không.,B1,,LISTENING,Scheduling Meetings,TOEIC Functional Phrase,3,2,,,,"Câu chức năng nên luyện nghe nhận diện, nối âm và shadowing.","toeic,v4,functional-phrase,scheduling-meetings",Please let me know if you can attend the training session.,YangLingo TOEIC Expansion v4
The job interview has been rescheduled.,Buổi phỏng vấn đã được đổi lịch.,,sentence,The job interview has been rescheduled.,Buổi phỏng vấn đã được đổi lịch.,B1,,LISTENING,Scheduling Meetings,TOEIC Functional Phrase,2,1,,,,"Câu chức năng nên luyện nghe nhận diện, nối âm và shadowing.","toeic,v4,functional-phrase,scheduling-meetings",The job interview has been rescheduled.,YangLingo TOEIC Expansion v4
What time does the job interview start?,Buổi phỏng vấn bắt đầu lúc mấy giờ?,,sentence,What time does the job interview start?,Buổi phỏng vấn bắt đầu lúc mấy giờ?,B1,,LISTENING,Scheduling Meetings,TOEIC Functional Phrase,2,1,,,,"Câu chức năng nên luyện nghe nhận diện, nối âm và shadowing.","toeic,v4,functional-phrase,scheduling-meetings",What time does the job interview start?,YangLingo TOEIC Expansion v4
Please let me know if you can attend the job interview.,Vui lòng cho tôi biết bạn có thể tham dự buổi phỏng vấn hay không.,,sentence,Please let me know if you can attend the job interview.,Vui lòng cho tôi biết bạn có thể tham dự buổi phỏng vấn hay không.,B1,,LISTENING,Scheduling Meetings,TOEIC Functional Phrase,3,2,,,,"Câu chức năng nên luyện nghe nhận diện, nối âm và shadowing.","toeic,v4,functional-phrase,scheduling-meetings",Please let me know if you can attend the job interview.,YangLingo TOEIC Expansion v4
The conference call has been rescheduled.,Cuộc họp qua điện thoại đã được đổi lịch.,,sentence,The conference call has been rescheduled.,Cuộc họp qua điện thoại đã được đổi lịch.,B1,,LISTENING,Scheduling Meetings,TOEIC Functional Phrase,2,1,,,,"Câu chức năng nên luyện nghe nhận diện, nối âm và shadowing.","toeic,v4,functional-phrase,scheduling-meetings",The conference call has been rescheduled.,YangLingo TOEIC Expansion v4
What time does the conference call start?,Cuộc họp qua điện thoại bắt đầu lúc mấy giờ?,,sentence,What time does the conference call start?,Cuộc họp qua điện thoại bắt đầu lúc mấy giờ?,B1,,LISTENING,Scheduling Meetings,TOEIC Functional Phrase,2,1,,,,"Câu chức năng nên luyện nghe nhận diện, nối âm và shadowing.","toeic,v4,functional-phrase,scheduling-meetings",What time does the conference call start?,YangLingo TOEIC Expansion v4
Please let me know if you can attend the conference call.,Vui lòng cho tôi biết bạn có thể tham dự cuộc họp qua điện thoại hay không.,,sentence,Please let me know if you can attend the conference call.,Vui lòng cho tôi biết bạn có thể tham dự cuộc họp qua điện thoại hay không.,B1,,LISTENING,Scheduling Meetings,TOEIC Functional Phrase,3,2,,,,"Câu chức năng nên luyện nghe nhận diện, nối âm và shadowing.","toeic,v4,functional-phrase,scheduling-meetings",Please let me know if you can attend the conference call.,YangLingo TOEIC Expansion v4
The product demonstration has been rescheduled.,Buổi trình diễn sản phẩm đã được đổi lịch.,,sentence,The product demonstration has been rescheduled.,Buổi trình diễn sản phẩm đã được đổi lịch.,B1,,LISTENING,Scheduling Meetings,TOEIC Functional Phrase,2,1,,,,"Câu chức năng nên luyện nghe nhận diện, nối âm và shadowing.","toeic,v4,functional-phrase,scheduling-meetings",The product demonstration has been rescheduled.,YangLingo TOEIC Expansion v4
What time does the product demonstration start?,Buổi trình diễn sản phẩm bắt đầu lúc mấy giờ?,,sentence,What time does the product demonstration start?,Buổi trình diễn sản phẩm bắt đầu lúc mấy giờ?,B1,,LISTENING,Scheduling Meetings,TOEIC Functional Phrase,2,1,,,,"Câu chức năng nên luyện nghe nhận diện, nối âm và shadowing.","toeic,v4,functional-phrase,scheduling-meetings",What time does the product demonstration start?,YangLingo TOEIC Expansion v4
Please let me know if you can attend the product demonstration.,Vui lòng cho tôi biết bạn có thể tham dự buổi trình diễn sản phẩm hay không.,,sentence,Please let me know if you can attend the product demonstration.,Vui lòng cho tôi biết bạn có thể tham dự buổi trình diễn sản phẩm hay không.,B1,,LISTENING,Scheduling Meetings,TOEIC Functional Phrase,3,2,,,,"Câu chức năng nên luyện nghe nhận diện, nối âm và shadowing.","toeic,v4,functional-phrase,scheduling-meetings",Please let me know if you can attend the product demonstration.,YangLingo TOEIC Expansion v4
The site inspection has been rescheduled.,Buổi kiểm tra hiện trường đã được đổi lịch.,,sentence,The site inspection has been rescheduled.,Buổi kiểm tra hiện trường đã được đổi lịch.,B1,,LISTENING,Scheduling Meetings,TOEIC Functional Phrase,2,1,,,,"Câu chức năng nên luyện nghe nhận diện, nối âm và shadowing.","toeic,v4,functional-phrase,scheduling-meetings",The site inspection has been rescheduled.,YangLingo TOEIC Expansion v4
What time does the site inspection start?,Buổi kiểm tra hiện trường bắt đầu lúc mấy giờ?,,sentence,What time does the site inspection start?,Buổi kiểm tra hiện trường bắt đầu lúc mấy giờ?,B1,,LISTENING,Scheduling Meetings,TOEIC Functional Phrase,2,1,,,,"Câu chức năng nên luyện nghe nhận diện, nối âm và shadowing.","toeic,v4,functional-phrase,scheduling-meetings",What time does the site inspection start?,YangLingo TOEIC Expansion v4
Please let me know if you can attend the site inspection.,Vui lòng cho tôi biết bạn có thể tham dự buổi kiểm tra hiện trường hay không.,,sentence,Please let me know if you can attend the site inspection.,Vui lòng cho tôi biết bạn có thể tham dự buổi kiểm tra hiện trường hay không.,B1,,LISTENING,Scheduling Meetings,TOEIC Functional Phrase,3,2,,,,"Câu chức năng nên luyện nghe nhận diện, nối âm và shadowing.","toeic,v4,functional-phrase,scheduling-meetings",Please let me know if you can attend the site inspection.,YangLingo TOEIC Expansion v4
The project review has been rescheduled.,Buổi đánh giá dự án đã được đổi lịch.,,sentence,The project review has been rescheduled.,Buổi đánh giá dự án đã được đổi lịch.,B1,,LISTENING,Scheduling Meetings,TOEIC Functional Phrase,2,1,,,,"Câu chức năng nên luyện nghe nhận diện, nối âm và shadowing.","toeic,v4,functional-phrase,scheduling-meetings",The project review has been rescheduled.,YangLingo TOEIC Expansion v4
What time does the project review start?,Buổi đánh giá dự án bắt đầu lúc mấy giờ?,,sentence,What time does the project review start?,Buổi đánh giá dự án bắt đầu lúc mấy giờ?,B1,,LISTENING,Scheduling Meetings,TOEIC Functional Phrase,2,1,,,,"Câu chức năng nên luyện nghe nhận diện, nối âm và shadowing.","toeic,v4,functional-phrase,scheduling-meetings",What time does the project review start?,YangLingo TOEIC Expansion v4
Please let me know if you can attend the project review.,Vui lòng cho tôi biết bạn có thể tham dự buổi đánh giá dự án hay không.,,sentence,Please let me know if you can attend the project review.,Vui lòng cho tôi biết bạn có thể tham dự buổi đánh giá dự án hay không.,B1,,LISTENING,Scheduling Meetings,TOEIC Functional Phrase,3,2,,,,"Câu chức năng nên luyện nghe nhận diện, nối âm và shadowing.","toeic,v4,functional-phrase,scheduling-meetings",Please let me know if you can attend the project review.,YangLingo TOEIC Expansion v4
The budget meeting has been rescheduled.,Cuộc họp ngân sách đã được đổi lịch.,,sentence,The budget meeting has been rescheduled.,Cuộc họp ngân sách đã được đổi lịch.,B1,,LISTENING,Scheduling Meetings,TOEIC Functional Phrase,2,1,,,,"Câu chức năng nên luyện nghe nhận diện, nối âm và shadowing.","toeic,v4,functional-phrase,scheduling-meetings",The budget meeting has been rescheduled.,YangLingo TOEIC Expansion v4
What time does the budget meeting start?,Cuộc họp ngân sách bắt đầu lúc mấy giờ?,,sentence,What time does the budget meeting start?,Cuộc họp ngân sách bắt đầu lúc mấy giờ?,B1,,LISTENING,Scheduling Meetings,TOEIC Functional Phrase,2,1,,,,"Câu chức năng nên luyện nghe nhận diện, nối âm và shadowing.","toeic,v4,functional-phrase,scheduling-meetings",What time does the budget meeting start?,YangLingo TOEIC Expansion v4
Please let me know if you can attend the budget meeting.,Vui lòng cho tôi biết bạn có thể tham dự cuộc họp ngân sách hay không.,,sentence,Please let me know if you can attend the budget meeting.,Vui lòng cho tôi biết bạn có thể tham dự cuộc họp ngân sách hay không.,B1,,LISTENING,Scheduling Meetings,TOEIC Functional Phrase,3,2,,,,"Câu chức năng nên luyện nghe nhận diện, nối âm và shadowing.","toeic,v4,functional-phrase,scheduling-meetings",Please let me know if you can attend the budget meeting.,YangLingo TOEIC Expansion v4
The sales presentation has been rescheduled.,Buổi thuyết trình bán hàng đã được đổi lịch.,,sentence,The sales presentation has been rescheduled.,Buổi thuyết trình bán hàng đã được đổi lịch.,B1,,LISTENING,Scheduling Meetings,TOEIC Functional Phrase,2,1,,,,"Câu chức năng nên luyện nghe nhận diện, nối âm và shadowing.","toeic,v4,functional-phrase,scheduling-meetings",The sales presentation has been rescheduled.,YangLingo TOEIC Expansion v4
What time does the sales presentation start?,Buổi thuyết trình bán hàng bắt đầu lúc mấy giờ?,,sentence,What time does the sales presentation start?,Buổi thuyết trình bán hàng bắt đầu lúc mấy giờ?,B1,,LISTENING,Scheduling Meetings,TOEIC Functional Phrase,2,1,,,,"Câu chức năng nên luyện nghe nhận diện, nối âm và shadowing.","toeic,v4,functional-phrase,scheduling-meetings",What time does the sales presentation start?,YangLingo TOEIC Expansion v4
Please let me know if you can attend the sales presentation.,Vui lòng cho tôi biết bạn có thể tham dự buổi thuyết trình bán hàng hay không.,,sentence,Please let me know if you can attend the sales presentation.,Vui lòng cho tôi biết bạn có thể tham dự buổi thuyết trình bán hàng hay không.,B1,,LISTENING,Scheduling Meetings,TOEIC Functional Phrase,3,2,,,,"Câu chức năng nên luyện nghe nhận diện, nối âm và shadowing.","toeic,v4,functional-phrase,scheduling-meetings",Please let me know if you can attend the sales presentation.,YangLingo TOEIC Expansion v4
Please submit the form by Friday.,Vui lòng nộp biểu mẫu trước thứ Sáu.,,sentence,Please submit the form by Friday.,Vui lòng nộp biểu mẫu trước thứ Sáu.,B1,,LISTENING,Workplace Communication,TOEIC Functional Phrase,2,1,,,,"Câu chức năng nên luyện nghe nhận diện, nối âm và shadowing.","toeic,v4,functional-phrase,workplace-communication",Please submit the form by Friday.,YangLingo TOEIC Expansion v4
I will submit the form this afternoon.,Tôi sẽ nộp biểu mẫu vào chiều nay.,,sentence,I will submit the form this afternoon.,Tôi sẽ nộp biểu mẫu vào chiều nay.,B1,,LISTENING,Workplace Communication,TOEIC Functional Phrase,2,2,,,,"Câu chức năng nên luyện nghe nhận diện, nối âm và shadowing.","toeic,v4,functional-phrase,workplace-communication",I will submit the form this afternoon.,YangLingo TOEIC Expansion v4
We need to submit the form before the deadline.,Chúng ta cần nộp biểu mẫu trước hạn chót.,,sentence,We need to submit the form before the deadline.,Chúng ta cần nộp biểu mẫu trước hạn chót.,B1,,LISTENING,Workplace Communication,TOEIC Functional Phrase,3,2,,,,"Câu chức năng nên luyện nghe nhận diện, nối âm và shadowing.","toeic,v4,functional-phrase,workplace-communication",We need to submit the form before the deadline.,YangLingo TOEIC Expansion v4
Please sign the document by Friday.,Vui lòng ký tài liệu trước thứ Sáu.,,sentence,Please sign the document by Friday.,Vui lòng ký tài liệu trước thứ Sáu.,B1,,LISTENING,Workplace Communication,TOEIC Functional Phrase,2,1,,,,"Câu chức năng nên luyện nghe nhận diện, nối âm và shadowing.","toeic,v4,functional-phrase,workplace-communication",Please sign the document by Friday.,YangLingo TOEIC Expansion v4
I will sign the document this afternoon.,Tôi sẽ ký tài liệu vào chiều nay.,,sentence,I will sign the document this afternoon.,Tôi sẽ ký tài liệu vào chiều nay.,B1,,LISTENING,Workplace Communication,TOEIC Functional Phrase,2,2,,,,"Câu chức năng nên luyện nghe nhận diện, nối âm và shadowing.","toeic,v4,functional-phrase,workplace-communication",I will sign the document this afternoon.,YangLingo TOEIC Expansion v4
We need to sign the document before the deadline.,Chúng ta cần ký tài liệu trước hạn chót.,,sentence,We need to sign the document before the deadline.,Chúng ta cần ký tài liệu trước hạn chót.,B1,,LISTENING,Workplace Communication,TOEIC Functional Phrase,3,2,,,,"Câu chức năng nên luyện nghe nhận diện, nối âm và shadowing.","toeic,v4,functional-phrase,workplace-communication",We need to sign the document before the deadline.,YangLingo TOEIC Expansion v4
Please review the report by Friday.,Vui lòng xem lại báo cáo trước thứ Sáu.,,sentence,Please review the report by Friday.,Vui lòng xem lại báo cáo trước thứ Sáu.,B1,,LISTENING,Workplace Communication,TOEIC Functional Phrase,2,1,,,,"Câu chức năng nên luyện nghe nhận diện, nối âm và shadowing.","toeic,v4,functional-phrase,workplace-communication",Please review the report by Friday.,YangLingo TOEIC Expansion v4
I will review the report this afternoon.,Tôi sẽ xem lại báo cáo vào chiều nay.,,sentence,I will review the report this afternoon.,Tôi sẽ xem lại báo cáo vào chiều nay.,B1,,LISTENING,Workplace Communication,TOEIC Functional Phrase,2,2,,,,"Câu chức năng nên luyện nghe nhận diện, nối âm và shadowing.","toeic,v4,functional-phrase,workplace-communication",I will review the report this afternoon.,YangLingo TOEIC Expansion v4
We need to review the report before the deadline.,Chúng ta cần xem lại báo cáo trước hạn chót.,,sentence,We need to review the report before the deadline.,Chúng ta cần xem lại báo cáo trước hạn chót.,B1,,LISTENING,Workplace Communication,TOEIC Functional Phrase,3,2,,,,"Câu chức năng nên luyện nghe nhận diện, nối âm và shadowing.","toeic,v4,functional-phrase,workplace-communication",We need to review the report before the deadline.,YangLingo TOEIC Expansion v4
Please confirm the reservation by Friday.,Vui lòng xác nhận đặt chỗ trước thứ Sáu.,,sentence,Please confirm the reservation by Friday.,Vui lòng xác nhận đặt chỗ trước thứ Sáu.,B1,,LISTENING,Workplace Communication,TOEIC Functional Phrase,2,1,,,,"Câu chức năng nên luyện nghe nhận diện, nối âm và shadowing.","toeic,v4,functional-phrase,workplace-communication",Please confirm the reservation by Friday.,YangLingo TOEIC Expansion v4
I will confirm the reservation this afternoon.,Tôi sẽ xác nhận đặt chỗ vào chiều nay.,,sentence,I will confirm the reservation this afternoon.,Tôi sẽ xác nhận đặt chỗ vào chiều nay.,B1,,LISTENING,Workplace Communication,TOEIC Functional Phrase,2,2,,,,"Câu chức năng nên luyện nghe nhận diện, nối âm và shadowing.","toeic,v4,functional-phrase,workplace-communication",I will confirm the reservation this afternoon.,YangLingo TOEIC Expansion v4
We need to confirm the reservation before the deadline.,Chúng ta cần xác nhận đặt chỗ trước hạn chót.,,sentence,We need to confirm the reservation before the deadline.,Chúng ta cần xác nhận đặt chỗ trước hạn chót.,B1,,LISTENING,Workplace Communication,TOEIC Functional Phrase,3,2,,,,"Câu chức năng nên luyện nghe nhận diện, nối âm và shadowing.","toeic,v4,functional-phrase,workplace-communication",We need to confirm the reservation before the deadline.,YangLingo TOEIC Expansion v4
Please approve the budget by Friday.,Vui lòng phê duyệt ngân sách trước thứ Sáu.,,sentence,Please approve the budget by Friday.,Vui lòng phê duyệt ngân sách trước thứ Sáu.,B1,,LISTENING,Workplace Communication,TOEIC Functional Phrase,2,1,,,,"Câu chức năng nên luyện nghe nhận diện, nối âm và shadowing.","toeic,v4,functional-phrase,workplace-communication",Please approve the budget by Friday.,YangLingo TOEIC Expansion v4
I will approve the budget this afternoon.,Tôi sẽ phê duyệt ngân sách vào chiều nay.,,sentence,I will approve the budget this afternoon.,Tôi sẽ phê duyệt ngân sách vào chiều nay.,B1,,LISTENING,Workplace Communication,TOEIC Functional Phrase,2,2,,,,"Câu chức năng nên luyện nghe nhận diện, nối âm và shadowing.","toeic,v4,functional-phrase,workplace-communication",I will approve the budget this afternoon.,YangLingo TOEIC Expansion v4
We need to approve the budget before the deadline.,Chúng ta cần phê duyệt ngân sách trước hạn chót.,,sentence,We need to approve the budget before the deadline.,Chúng ta cần phê duyệt ngân sách trước hạn chót.,B1,,LISTENING,Workplace Communication,TOEIC Functional Phrase,3,2,,,,"Câu chức năng nên luyện nghe nhận diện, nối âm và shadowing.","toeic,v4,functional-phrase,workplace-communication",We need to approve the budget before the deadline.,YangLingo TOEIC Expansion v4
Please contact the supplier by Friday.,Vui lòng liên hệ nhà cung cấp trước thứ Sáu.,,sentence,Please contact the supplier by Friday.,Vui lòng liên hệ nhà cung cấp trước thứ Sáu.,B1,,LISTENING,Workplace Communication,TOEIC Functional Phrase,2,1,,,,"Câu chức năng nên luyện nghe nhận diện, nối âm và shadowing.","toeic,v4,functional-phrase,workplace-communication",Please contact the supplier by Friday.,YangLingo TOEIC Expansion v4
I will contact the supplier this afternoon.,Tôi sẽ liên hệ nhà cung cấp vào chiều nay.,,sentence,I will contact the supplier this afternoon.,Tôi sẽ liên hệ nhà cung cấp vào chiều nay.,B1,,LISTENING,Workplace Communication,TOEIC Functional Phrase,2,2,,,,"Câu chức năng nên luyện nghe nhận diện, nối âm và shadowing.","toeic,v4,functional-phrase,workplace-communication",I will contact the supplier this afternoon.,YangLingo TOEIC Expansion v4
We need to contact the supplier before the deadline.,Chúng ta cần liên hệ nhà cung cấp trước hạn chót.,,sentence,We need to contact the supplier before the deadline.,Chúng ta cần liên hệ nhà cung cấp trước hạn chót.,B1,,LISTENING,Workplace Communication,TOEIC Functional Phrase,3,2,,,,"Câu chức năng nên luyện nghe nhận diện, nối âm và shadowing.","toeic,v4,functional-phrase,workplace-communication",We need to contact the supplier before the deadline.,YangLingo TOEIC Expansion v4
Please call the client by Friday.,Vui lòng gọi cho khách hàng trước thứ Sáu.,,sentence,Please call the client by Friday.,Vui lòng gọi cho khách hàng trước thứ Sáu.,B1,,LISTENING,Workplace Communication,TOEIC Functional Phrase,2,1,,,,"Câu chức năng nên luyện nghe nhận diện, nối âm và shadowing.","toeic,v4,functional-phrase,workplace-communication",Please call the client by Friday.,YangLingo TOEIC Expansion v4
I will call the client this afternoon.,Tôi sẽ gọi cho khách hàng vào chiều nay.,,sentence,I will call the client this afternoon.,Tôi sẽ gọi cho khách hàng vào chiều nay.,B1,,LISTENING,Workplace Communication,TOEIC Functional Phrase,2,2,,,,"Câu chức năng nên luyện nghe nhận diện, nối âm và shadowing.","toeic,v4,functional-phrase,workplace-communication",I will call the client this afternoon.,YangLingo TOEIC Expansion v4
We need to call the client before the deadline.,Chúng ta cần gọi cho khách hàng trước hạn chót.,,sentence,We need to call the client before the deadline.,Chúng ta cần gọi cho khách hàng trước hạn chót.,B1,,LISTENING,Workplace Communication,TOEIC Functional Phrase,3,2,,,,"Câu chức năng nên luyện nghe nhận diện, nối âm và shadowing.","toeic,v4,functional-phrase,workplace-communication",We need to call the client before the deadline.,YangLingo TOEIC Expansion v4
Please update the schedule by Friday.,Vui lòng cập nhật lịch trước thứ Sáu.,,sentence,Please update the schedule by Friday.,Vui lòng cập nhật lịch trước thứ Sáu.,B1,,LISTENING,Workplace Communication,TOEIC Functional Phrase,2,1,,,,"Câu chức năng nên luyện nghe nhận diện, nối âm và shadowing.","toeic,v4,functional-phrase,workplace-communication",Please update the schedule by Friday.,YangLingo TOEIC Expansion v4
I will update the schedule this afternoon.,Tôi sẽ cập nhật lịch vào chiều nay.,,sentence,I will update the schedule this afternoon.,Tôi sẽ cập nhật lịch vào chiều nay.,B1,,LISTENING,Workplace Communication,TOEIC Functional Phrase,2,2,,,,"Câu chức năng nên luyện nghe nhận diện, nối âm và shadowing.","toeic,v4,functional-phrase,workplace-communication",I will update the schedule this afternoon.,YangLingo TOEIC Expansion v4
We need to update the schedule before the deadline.,Chúng ta cần cập nhật lịch trước hạn chót.,,sentence,We need to update the schedule before the deadline.,Chúng ta cần cập nhật lịch trước hạn chót.,B1,,LISTENING,Workplace Communication,TOEIC Functional Phrase,3,2,,,,"Câu chức năng nên luyện nghe nhận diện, nối âm và shadowing.","toeic,v4,functional-phrase,workplace-communication",We need to update the schedule before the deadline.,YangLingo TOEIC Expansion v4
Please check the inventory by Friday.,Vui lòng kiểm tra hàng tồn kho trước thứ Sáu.,,sentence,Please check the inventory by Friday.,Vui lòng kiểm tra hàng tồn kho trước thứ Sáu.,B1,,LISTENING,Workplace Communication,TOEIC Functional Phrase,2,1,,,,"Câu chức năng nên luyện nghe nhận diện, nối âm và shadowing.","toeic,v4,functional-phrase,workplace-communication",Please check the inventory by Friday.,YangLingo TOEIC Expansion v4
I will check the inventory this afternoon.,Tôi sẽ kiểm tra hàng tồn kho vào chiều nay.,,sentence,I will check the inventory this afternoon.,Tôi sẽ kiểm tra hàng tồn kho vào chiều nay.,B1,,LISTENING,Workplace Communication,TOEIC Functional Phrase,2,2,,,,"Câu chức năng nên luyện nghe nhận diện, nối âm và shadowing.","toeic,v4,functional-phrase,workplace-communication",I will check the inventory this afternoon.,YangLingo TOEIC Expansion v4
We need to check the inventory before the deadline.,Chúng ta cần kiểm tra hàng tồn kho trước hạn chót.,,sentence,We need to check the inventory before the deadline.,Chúng ta cần kiểm tra hàng tồn kho trước hạn chót.,B1,,LISTENING,Workplace Communication,TOEIC Functional Phrase,3,2,,,,"Câu chức năng nên luyện nghe nhận diện, nối âm và shadowing.","toeic,v4,functional-phrase,workplace-communication",We need to check the inventory before the deadline.,YangLingo TOEIC Expansion v4
Please process the payment by Friday.,Vui lòng xử lý thanh toán trước thứ Sáu.,,sentence,Please process the payment by Friday.,Vui lòng xử lý thanh toán trước thứ Sáu.,B1,,LISTENING,Workplace Communication,TOEIC Functional Phrase,2,1,,,,"Câu chức năng nên luyện nghe nhận diện, nối âm và shadowing.","toeic,v4,functional-phrase,workplace-communication",Please process the payment by Friday.,YangLingo TOEIC Expansion v4
I will process the payment this afternoon.,Tôi sẽ xử lý thanh toán vào chiều nay.,,sentence,I will process the payment this afternoon.,Tôi sẽ xử lý thanh toán vào chiều nay.,B1,,LISTENING,Workplace Communication,TOEIC Functional Phrase,2,2,,,,"Câu chức năng nên luyện nghe nhận diện, nối âm và shadowing.","toeic,v4,functional-phrase,workplace-communication",I will process the payment this afternoon.,YangLingo TOEIC Expansion v4
We need to process the payment before the deadline.,Chúng ta cần xử lý thanh toán trước hạn chót.,,sentence,We need to process the payment before the deadline.,Chúng ta cần xử lý thanh toán trước hạn chót.,B1,,LISTENING,Workplace Communication,TOEIC Functional Phrase,3,2,,,,"Câu chức năng nên luyện nghe nhận diện, nối âm và shadowing.","toeic,v4,functional-phrase,workplace-communication",We need to process the payment before the deadline.,YangLingo TOEIC Expansion v4
Please send the invoice by Friday.,Vui lòng gửi hóa đơn trước thứ Sáu.,,sentence,Please send the invoice by Friday.,Vui lòng gửi hóa đơn trước thứ Sáu.,B1,,LISTENING,Workplace Communication,TOEIC Functional Phrase,2,1,,,,"Câu chức năng nên luyện nghe nhận diện, nối âm và shadowing.","toeic,v4,functional-phrase,workplace-communication",Please send the invoice by Friday.,YangLingo TOEIC Expansion v4
I will send the invoice this afternoon.,Tôi sẽ gửi hóa đơn vào chiều nay.,,sentence,I will send the invoice this afternoon.,Tôi sẽ gửi hóa đơn vào chiều nay.,B1,,LISTENING,Workplace Communication,TOEIC Functional Phrase,2,2,,,,"Câu chức năng nên luyện nghe nhận diện, nối âm và shadowing.","toeic,v4,functional-phrase,workplace-communication",I will send the invoice this afternoon.,YangLingo TOEIC Expansion v4
We need to send the invoice before the deadline.,Chúng ta cần gửi hóa đơn trước hạn chót.,,sentence,We need to send the invoice before the deadline.,Chúng ta cần gửi hóa đơn trước hạn chót.,B1,,LISTENING,Workplace Communication,TOEIC Functional Phrase,3,2,,,,"Câu chức năng nên luyện nghe nhận diện, nối âm và shadowing.","toeic,v4,functional-phrase,workplace-communication",We need to send the invoice before the deadline.,YangLingo TOEIC Expansion v4
Please renew the contract by Friday.,Vui lòng gia hạn hợp đồng trước thứ Sáu.,,sentence,Please renew the contract by Friday.,Vui lòng gia hạn hợp đồng trước thứ Sáu.,B1,,LISTENING,Workplace Communication,TOEIC Functional Phrase,2,1,,,,"Câu chức năng nên luyện nghe nhận diện, nối âm và shadowing.","toeic,v4,functional-phrase,workplace-communication",Please renew the contract by Friday.,YangLingo TOEIC Expansion v4
I will renew the contract this afternoon.,Tôi sẽ gia hạn hợp đồng vào chiều nay.,,sentence,I will renew the contract this afternoon.,Tôi sẽ gia hạn hợp đồng vào chiều nay.,B1,,LISTENING,Workplace Communication,TOEIC Functional Phrase,2,2,,,,"Câu chức năng nên luyện nghe nhận diện, nối âm và shadowing.","toeic,v4,functional-phrase,workplace-communication",I will renew the contract this afternoon.,YangLingo TOEIC Expansion v4
We need to renew the contract before the deadline.,Chúng ta cần gia hạn hợp đồng trước hạn chót.,,sentence,We need to renew the contract before the deadline.,Chúng ta cần gia hạn hợp đồng trước hạn chót.,B1,,LISTENING,Workplace Communication,TOEIC Functional Phrase,3,2,,,,"Câu chức năng nên luyện nghe nhận diện, nối âm và shadowing.","toeic,v4,functional-phrase,workplace-communication",We need to renew the contract before the deadline.,YangLingo TOEIC Expansion v4
Please back up the files by Friday.,Vui lòng sao lưu tệp trước thứ Sáu.,,sentence,Please back up the files by Friday.,Vui lòng sao lưu tệp trước thứ Sáu.,B1,,LISTENING,Workplace Communication,TOEIC Functional Phrase,2,1,,,,"Câu chức năng nên luyện nghe nhận diện, nối âm và shadowing.","toeic,v4,functional-phrase,workplace-communication",Please back up the files by Friday.,YangLingo TOEIC Expansion v4
I will back up the files this afternoon.,Tôi sẽ sao lưu tệp vào chiều nay.,,sentence,I will back up the files this afternoon.,Tôi sẽ sao lưu tệp vào chiều nay.,B1,,LISTENING,Workplace Communication,TOEIC Functional Phrase,2,2,,,,"Câu chức năng nên luyện nghe nhận diện, nối âm và shadowing.","toeic,v4,functional-phrase,workplace-communication",I will back up the files this afternoon.,YangLingo TOEIC Expansion v4
We need to back up the files before the deadline.,Chúng ta cần sao lưu tệp trước hạn chót.,,sentence,We need to back up the files before the deadline.,Chúng ta cần sao lưu tệp trước hạn chót.,B1,,LISTENING,Workplace Communication,TOEIC Functional Phrase,3,2,,,,"Câu chức năng nên luyện nghe nhận diện, nối âm và shadowing.","toeic,v4,functional-phrase,workplace-communication",We need to back up the files before the deadline.,YangLingo TOEIC Expansion v4
Please install the update by Friday.,Vui lòng cài đặt bản cập nhật trước thứ Sáu.,,sentence,Please install the update by Friday.,Vui lòng cài đặt bản cập nhật trước thứ Sáu.,B1,,LISTENING,Workplace Communication,TOEIC Functional Phrase,2,1,,,,"Câu chức năng nên luyện nghe nhận diện, nối âm và shadowing.","toeic,v4,functional-phrase,workplace-communication",Please install the update by Friday.,YangLingo TOEIC Expansion v4
I will install the update this afternoon.,Tôi sẽ cài đặt bản cập nhật vào chiều nay.,,sentence,I will install the update this afternoon.,Tôi sẽ cài đặt bản cập nhật vào chiều nay.,B1,,LISTENING,Workplace Communication,TOEIC Functional Phrase,2,2,,,,"Câu chức năng nên luyện nghe nhận diện, nối âm và shadowing.","toeic,v4,functional-phrase,workplace-communication",I will install the update this afternoon.,YangLingo TOEIC Expansion v4
We need to install the update before the deadline.,Chúng ta cần cài đặt bản cập nhật trước hạn chót.,,sentence,We need to install the update before the deadline.,Chúng ta cần cài đặt bản cập nhật trước hạn chót.,B1,,LISTENING,Workplace Communication,TOEIC Functional Phrase,3,2,,,,"Câu chức năng nên luyện nghe nhận diện, nối âm và shadowing.","toeic,v4,functional-phrase,workplace-communication",We need to install the update before the deadline.,YangLingo TOEIC Expansion v4
Please prepare the presentation by Friday.,Vui lòng chuẩn bị bài thuyết trình trước thứ Sáu.,,sentence,Please prepare the presentation by Friday.,Vui lòng chuẩn bị bài thuyết trình trước thứ Sáu.,B1,,LISTENING,Workplace Communication,TOEIC Functional Phrase,2,1,,,,"Câu chức năng nên luyện nghe nhận diện, nối âm và shadowing.","toeic,v4,functional-phrase,workplace-communication",Please prepare the presentation by Friday.,YangLingo TOEIC Expansion v4
I will prepare the presentation this afternoon.,Tôi sẽ chuẩn bị bài thuyết trình vào chiều nay.,,sentence,I will prepare the presentation this afternoon.,Tôi sẽ chuẩn bị bài thuyết trình vào chiều nay.,B1,,LISTENING,Workplace Communication,TOEIC Functional Phrase,2,2,,,,"Câu chức năng nên luyện nghe nhận diện, nối âm và shadowing.","toeic,v4,functional-phrase,workplace-communication",I will prepare the presentation this afternoon.,YangLingo TOEIC Expansion v4
We need to prepare the presentation before the deadline.,Chúng ta cần chuẩn bị bài thuyết trình trước hạn chót.,,sentence,We need to prepare the presentation before the deadline.,Chúng ta cần chuẩn bị bài thuyết trình trước hạn chót.,B1,,LISTENING,Workplace Communication,TOEIC Functional Phrase,3,2,,,,"Câu chức năng nên luyện nghe nhận diện, nối âm và shadowing.","toeic,v4,functional-phrase,workplace-communication",We need to prepare the presentation before the deadline.,YangLingo TOEIC Expansion v4
Please book the conference room by Friday.,Vui lòng đặt phòng họp trước thứ Sáu.,,sentence,Please book the conference room by Friday.,Vui lòng đặt phòng họp trước thứ Sáu.,B1,,LISTENING,Workplace Communication,TOEIC Functional Phrase,2,1,,,,"Câu chức năng nên luyện nghe nhận diện, nối âm và shadowing.","toeic,v4,functional-phrase,workplace-communication",Please book the conference room by Friday.,YangLingo TOEIC Expansion v4
I will book the conference room this afternoon.,Tôi sẽ đặt phòng họp vào chiều nay.,,sentence,I will book the conference room this afternoon.,Tôi sẽ đặt phòng họp vào chiều nay.,B1,,LISTENING,Workplace Communication,TOEIC Functional Phrase,2,2,,,,"Câu chức năng nên luyện nghe nhận diện, nối âm và shadowing.","toeic,v4,functional-phrase,workplace-communication",I will book the conference room this afternoon.,YangLingo TOEIC Expansion v4
We need to book the conference room before the deadline.,Chúng ta cần đặt phòng họp trước hạn chót.,,sentence,We need to book the conference room before the deadline.,Chúng ta cần đặt phòng họp trước hạn chót.,B1,,LISTENING,Workplace Communication,TOEIC Functional Phrase,3,2,,,,"Câu chức năng nên luyện nghe nhận diện, nối âm và shadowing.","toeic,v4,functional-phrase,workplace-communication",We need to book the conference room before the deadline.,YangLingo TOEIC Expansion v4
Please arrange the shipment by Friday.,Vui lòng sắp xếp lô hàng trước thứ Sáu.,,sentence,Please arrange the shipment by Friday.,Vui lòng sắp xếp lô hàng trước thứ Sáu.,B1,,LISTENING,Workplace Communication,TOEIC Functional Phrase,2,1,,,,"Câu chức năng nên luyện nghe nhận diện, nối âm và shadowing.","toeic,v4,functional-phrase,workplace-communication",Please arrange the shipment by Friday.,YangLingo TOEIC Expansion v4
I will arrange the shipment this afternoon.,Tôi sẽ sắp xếp lô hàng vào chiều nay.,,sentence,I will arrange the shipment this afternoon.,Tôi sẽ sắp xếp lô hàng vào chiều nay.,B1,,LISTENING,Workplace Communication,TOEIC Functional Phrase,2,2,,,,"Câu chức năng nên luyện nghe nhận diện, nối âm và shadowing.","toeic,v4,functional-phrase,workplace-communication",I will arrange the shipment this afternoon.,YangLingo TOEIC Expansion v4
We need to arrange the shipment before the deadline.,Chúng ta cần sắp xếp lô hàng trước hạn chót.,,sentence,We need to arrange the shipment before the deadline.,Chúng ta cần sắp xếp lô hàng trước hạn chót.,B1,,LISTENING,Workplace Communication,TOEIC Functional Phrase,3,2,,,,"Câu chức năng nên luyện nghe nhận diện, nối âm và shadowing.","toeic,v4,functional-phrase,workplace-communication",We need to arrange the shipment before the deadline.,YangLingo TOEIC Expansion v4
Please follow up with the customer by Friday.,Vui lòng liên hệ lại với khách hàng trước thứ Sáu.,,sentence,Please follow up with the customer by Friday.,Vui lòng liên hệ lại với khách hàng trước thứ Sáu.,B1,,LISTENING,Workplace Communication,TOEIC Functional Phrase,2,1,,,,"Câu chức năng nên luyện nghe nhận diện, nối âm và shadowing.","toeic,v4,functional-phrase,workplace-communication",Please follow up with the customer by Friday.,YangLingo TOEIC Expansion v4
I will follow up with the customer this afternoon.,Tôi sẽ liên hệ lại với khách hàng vào chiều nay.,,sentence,I will follow up with the customer this afternoon.,Tôi sẽ liên hệ lại với khách hàng vào chiều nay.,B1,,LISTENING,Workplace Communication,TOEIC Functional Phrase,2,2,,,,"Câu chức năng nên luyện nghe nhận diện, nối âm và shadowing.","toeic,v4,functional-phrase,workplace-communication",I will follow up with the customer this afternoon.,YangLingo TOEIC Expansion v4
We need to follow up with the customer before the deadline.,Chúng ta cần liên hệ lại với khách hàng trước hạn chót.,,sentence,We need to follow up with the customer before the deadline.,Chúng ta cần liên hệ lại với khách hàng trước hạn chót.,B1,,LISTENING,Workplace Communication,TOEIC Functional Phrase,3,2,,,,"Câu chức năng nên luyện nghe nhận diện, nối âm và shadowing.","toeic,v4,functional-phrase,workplace-communication",We need to follow up with the customer before the deadline.,YangLingo TOEIC Expansion v4
Please complete the survey by Friday.,Vui lòng hoàn thành khảo sát trước thứ Sáu.,,sentence,Please complete the survey by Friday.,Vui lòng hoàn thành khảo sát trước thứ Sáu.,B1,,LISTENING,Workplace Communication,TOEIC Functional Phrase,2,1,,,,"Câu chức năng nên luyện nghe nhận diện, nối âm và shadowing.","toeic,v4,functional-phrase,workplace-communication",Please complete the survey by Friday.,YangLingo TOEIC Expansion v4
I will complete the survey this afternoon.,Tôi sẽ hoàn thành khảo sát vào chiều nay.,,sentence,I will complete the survey this afternoon.,Tôi sẽ hoàn thành khảo sát vào chiều nay.,B1,,LISTENING,Workplace Communication,TOEIC Functional Phrase,2,2,,,,"Câu chức năng nên luyện nghe nhận diện, nối âm và shadowing.","toeic,v4,functional-phrase,workplace-communication",I will complete the survey this afternoon.,YangLingo TOEIC Expansion v4
We need to complete the survey before the deadline.,Chúng ta cần hoàn thành khảo sát trước hạn chót.,,sentence,We need to complete the survey before the deadline.,Chúng ta cần hoàn thành khảo sát trước hạn chót.,B1,,LISTENING,Workplace Communication,TOEIC Functional Phrase,3,2,,,,"Câu chức năng nên luyện nghe nhận diện, nối âm và shadowing.","toeic,v4,functional-phrase,workplace-communication",We need to complete the survey before the deadline.,YangLingo TOEIC Expansion v4
Please request a refund by Friday.,Vui lòng yêu cầu hoàn tiền trước thứ Sáu.,,sentence,Please request a refund by Friday.,Vui lòng yêu cầu hoàn tiền trước thứ Sáu.,B1,,LISTENING,Workplace Communication,TOEIC Functional Phrase,2,1,,,,"Câu chức năng nên luyện nghe nhận diện, nối âm và shadowing.","toeic,v4,functional-phrase,workplace-communication",Please request a refund by Friday.,YangLingo TOEIC Expansion v4
I will request a refund this afternoon.,Tôi sẽ yêu cầu hoàn tiền vào chiều nay.,,sentence,I will request a refund this afternoon.,Tôi sẽ yêu cầu hoàn tiền vào chiều nay.,B1,,LISTENING,Workplace Communication,TOEIC Functional Phrase,2,2,,,,"Câu chức năng nên luyện nghe nhận diện, nối âm và shadowing.","toeic,v4,functional-phrase,workplace-communication",I will request a refund this afternoon.,YangLingo TOEIC Expansion v4
We need to request a refund before the deadline.,Chúng ta cần yêu cầu hoàn tiền trước hạn chót.,,sentence,We need to request a refund before the deadline.,Chúng ta cần yêu cầu hoàn tiền trước hạn chót.,B1,,LISTENING,Workplace Communication,TOEIC Functional Phrase,3,2,,,,"Câu chức năng nên luyện nghe nhận diện, nối âm và shadowing.","toeic,v4,functional-phrase,workplace-communication",We need to request a refund before the deadline.,YangLingo TOEIC Expansion v4
Your order will arrive tomorrow.,Đơn hàng của bạn sẽ đến vào ngày mai.,,sentence,Your order will arrive tomorrow.,Đơn hàng của bạn sẽ đến vào ngày mai.,B1,,LISTENING,Customer Service Listening,TOEIC Functional Phrase,3,2,,,,"Câu chức năng nên luyện nghe nhận diện, nối âm và shadowing.","toeic,v4,functional-phrase,customer-service-listening",Your order will arrive tomorrow.,YangLingo TOEIC Expansion v4
The item is currently out of stock.,Sản phẩm hiện đang hết hàng.,,sentence,The item is currently out of stock.,Sản phẩm hiện đang hết hàng.,B1,,LISTENING,Customer Service Listening,TOEIC Functional Phrase,3,2,,,,"Câu chức năng nên luyện nghe nhận diện, nối âm và shadowing.","toeic,v4,functional-phrase,customer-service-listening",The item is currently out of stock.,YangLingo TOEIC Expansion v4
A replacement will be sent today.,Sản phẩm thay thế sẽ được gửi hôm nay.,,sentence,A replacement will be sent today.,Sản phẩm thay thế sẽ được gửi hôm nay.,B1,,LISTENING,Customer Service Listening,TOEIC Functional Phrase,3,2,,,,"Câu chức năng nên luyện nghe nhận diện, nối âm và shadowing.","toeic,v4,functional-phrase,customer-service-listening",A replacement will be sent today.,YangLingo TOEIC Expansion v4
Your refund has been processed.,Khoản hoàn tiền của bạn đã được xử lý.,,sentence,Your refund has been processed.,Khoản hoàn tiền của bạn đã được xử lý.,B1,,LISTENING,Customer Service Listening,TOEIC Functional Phrase,3,2,,,,"Câu chức năng nên luyện nghe nhận diện, nối âm và shadowing.","toeic,v4,functional-phrase,customer-service-listening",Your refund has been processed.,YangLingo TOEIC Expansion v4
The warranty is valid for one year.,Bảo hành có hiệu lực trong một năm.,,sentence,The warranty is valid for one year.,Bảo hành có hiệu lực trong một năm.,B1,,LISTENING,Customer Service Listening,TOEIC Functional Phrase,3,2,,,,"Câu chức năng nên luyện nghe nhận diện, nối âm và shadowing.","toeic,v4,functional-phrase,customer-service-listening",The warranty is valid for one year.,YangLingo TOEIC Expansion v4
Your reservation has been confirmed.,Đặt chỗ của bạn đã được xác nhận.,,sentence,Your reservation has been confirmed.,Đặt chỗ của bạn đã được xác nhận.,B1,,LISTENING,Customer Service Listening,TOEIC Functional Phrase,3,2,,,,"Câu chức năng nên luyện nghe nhận diện, nối âm và shadowing.","toeic,v4,functional-phrase,customer-service-listening",Your reservation has been confirmed.,YangLingo TOEIC Expansion v4
The flight has been delayed by thirty minutes.,Chuyến bay đã bị hoãn ba mươi phút.,,sentence,The flight has been delayed by thirty minutes.,Chuyến bay đã bị hoãn ba mươi phút.,B1,,LISTENING,Customer Service Listening,TOEIC Functional Phrase,3,2,,,,"Câu chức năng nên luyện nghe nhận diện, nối âm và shadowing.","toeic,v4,functional-phrase,customer-service-listening",The flight has been delayed by thirty minutes.,YangLingo TOEIC Expansion v4
The shuttle leaves every twenty minutes.,Xe đưa đón khởi hành mỗi hai mươi phút.,,sentence,The shuttle leaves every twenty minutes.,Xe đưa đón khởi hành mỗi hai mươi phút.,B1,,LISTENING,Customer Service Listening,TOEIC Functional Phrase,3,2,,,,"Câu chức năng nên luyện nghe nhận diện, nối âm và shadowing.","toeic,v4,functional-phrase,customer-service-listening",The shuttle leaves every twenty minutes.,YangLingo TOEIC Expansion v4
Breakfast is included in the room rate.,Bữa sáng đã bao gồm trong giá phòng.,,sentence,Breakfast is included in the room rate.,Bữa sáng đã bao gồm trong giá phòng.,B1,,LISTENING,Customer Service Listening,TOEIC Functional Phrase,3,2,,,,"Câu chức năng nên luyện nghe nhận diện, nối âm và shadowing.","toeic,v4,functional-phrase,customer-service-listening",Breakfast is included in the room rate.,YangLingo TOEIC Expansion v4
Check-out is at eleven o’clock.,Giờ trả phòng là mười một giờ.,,sentence,Check-out is at eleven o’clock.,Giờ trả phòng là mười một giờ.,B1,,LISTENING,Customer Service Listening,TOEIC Functional Phrase,3,2,,,,"Câu chức năng nên luyện nghe nhận diện, nối âm và shadowing.","toeic,v4,functional-phrase,customer-service-listening",Check-out is at eleven o’clock.,YangLingo TOEIC Expansion v4
The conference room is available after two.,Phòng họp còn trống sau hai giờ.,,sentence,The conference room is available after two.,Phòng họp còn trống sau hai giờ.,B1,,LISTENING,Customer Service Listening,TOEIC Functional Phrase,3,2,,,,"Câu chức năng nên luyện nghe nhận diện, nối âm và shadowing.","toeic,v4,functional-phrase,customer-service-listening",The conference room is available after two.,YangLingo TOEIC Expansion v4
The technician will arrive this afternoon.,Kỹ thuật viên sẽ đến vào chiều nay.,,sentence,The technician will arrive this afternoon.,Kỹ thuật viên sẽ đến vào chiều nay.,B1,,LISTENING,Customer Service Listening,TOEIC Functional Phrase,3,2,,,,"Câu chức năng nên luyện nghe nhận diện, nối âm và shadowing.","toeic,v4,functional-phrase,customer-service-listening",The technician will arrive this afternoon.,YangLingo TOEIC Expansion v4
The system is temporarily unavailable.,Hệ thống tạm thời không khả dụng.,,sentence,The system is temporarily unavailable.,Hệ thống tạm thời không khả dụng.,B1,,LISTENING,Customer Service Listening,TOEIC Functional Phrase,3,2,,,,"Câu chức năng nên luyện nghe nhận diện, nối âm và shadowing.","toeic,v4,functional-phrase,customer-service-listening",The system is temporarily unavailable.,YangLingo TOEIC Expansion v4
Please keep your receipt for returns.,Vui lòng giữ biên lai để đổi trả hàng.,,sentence,Please keep your receipt for returns.,Vui lòng giữ biên lai để đổi trả hàng.,B1,,LISTENING,Customer Service Listening,TOEIC Functional Phrase,3,2,,,,"Câu chức năng nên luyện nghe nhận diện, nối âm và shadowing.","toeic,v4,functional-phrase,customer-service-listening",Please keep your receipt for returns.,YangLingo TOEIC Expansion v4
The promotion ends at the end of the month.,Chương trình khuyến mãi kết thúc vào cuối tháng.,,sentence,The promotion ends at the end of the month.,Chương trình khuyến mãi kết thúc vào cuối tháng.,B1,,LISTENING,Customer Service Listening,TOEIC Functional Phrase,3,2,,,,"Câu chức năng nên luyện nghe nhận diện, nối âm và shadowing.","toeic,v4,functional-phrase,customer-service-listening",The promotion ends at the end of the month.,YangLingo TOEIC Expansion v4
The registration desk is on the first floor.,Quầy đăng ký ở tầng một.,,sentence,The registration desk is on the first floor.,Quầy đăng ký ở tầng một.,B1,,LISTENING,Customer Service Listening,TOEIC Functional Phrase,3,2,,,,"Câu chức năng nên luyện nghe nhận diện, nối âm và shadowing.","toeic,v4,functional-phrase,customer-service-listening",The registration desk is on the first floor.,YangLingo TOEIC Expansion v4
The workshop is free for registered members.,Buổi workshop miễn phí cho thành viên đã đăng ký.,,sentence,The workshop is free for registered members.,Buổi workshop miễn phí cho thành viên đã đăng ký.,B1,,LISTENING,Customer Service Listening,TOEIC Functional Phrase,3,2,,,,"Câu chức năng nên luyện nghe nhận diện, nối âm và shadowing.","toeic,v4,functional-phrase,customer-service-listening",The workshop is free for registered members.,YangLingo TOEIC Expansion v4
The shipment has already left the warehouse.,Lô hàng đã rời kho.,,sentence,The shipment has already left the warehouse.,Lô hàng đã rời kho.,B1,,LISTENING,Customer Service Listening,TOEIC Functional Phrase,3,2,,,,"Câu chức năng nên luyện nghe nhận diện, nối âm và shadowing.","toeic,v4,functional-phrase,customer-service-listening",The shipment has already left the warehouse.,YangLingo TOEIC Expansion v4
The invoice is due next Monday.,Hóa đơn đến hạn vào thứ Hai tới.,,sentence,The invoice is due next Monday.,Hóa đơn đến hạn vào thứ Hai tới.,B1,,LISTENING,Customer Service Listening,TOEIC Functional Phrase,3,2,,,,"Câu chức năng nên luyện nghe nhận diện, nối âm và shadowing.","toeic,v4,functional-phrase,customer-service-listening",The invoice is due next Monday.,YangLingo TOEIC Expansion v4
The position requires at least two years of experience.,Vị trí này yêu cầu ít nhất hai năm kinh nghiệm.,,sentence,The position requires at least two years of experience.,Vị trí này yêu cầu ít nhất hai năm kinh nghiệm.,B1,,LISTENING,Customer Service Listening,TOEIC Functional Phrase,3,2,,,,"Câu chức năng nên luyện nghe nhận diện, nối âm và shadowing.","toeic,v4,functional-phrase,customer-service-listening",The position requires at least two years of experience.,YangLingo TOEIC Expansion v4
"Could you repeat that, please?",Bạn có thể nhắc lại được không?,,sentence,"Could you repeat that, please?",Bạn có thể nhắc lại được không?,B1,,LISTENING,Workplace Communication,TOEIC Functional Phrase,2,1,,,,"Câu chức năng nên luyện nghe nhận diện, nối âm và shadowing.","toeic,v4,functional-phrase,workplace-communication","Could you repeat that, please?",YangLingo TOEIC Expansion v4
Could you speak a little more slowly?,Bạn có thể nói chậm hơn một chút được không?,,sentence,Could you speak a little more slowly?,Bạn có thể nói chậm hơn một chút được không?,B1,,LISTENING,Workplace Communication,TOEIC Functional Phrase,2,1,,,,"Câu chức năng nên luyện nghe nhận diện, nối âm và shadowing.","toeic,v4,functional-phrase,workplace-communication",Could you speak a little more slowly?,YangLingo TOEIC Expansion v4
Could you clarify what you mean?,Bạn có thể làm rõ ý của mình không?,,sentence,Could you clarify what you mean?,Bạn có thể làm rõ ý của mình không?,B1,,LISTENING,Workplace Communication,TOEIC Functional Phrase,2,1,,,,"Câu chức năng nên luyện nghe nhận diện, nối âm và shadowing.","toeic,v4,functional-phrase,workplace-communication",Could you clarify what you mean?,YangLingo TOEIC Expansion v4
Let me check that for you.,Để tôi kiểm tra giúp bạn.,,sentence,Let me check that for you.,Để tôi kiểm tra giúp bạn.,B1,,LISTENING,Workplace Communication,TOEIC Functional Phrase,2,1,,,,"Câu chức năng nên luyện nghe nhận diện, nối âm và shadowing.","toeic,v4,functional-phrase,workplace-communication",Let me check that for you.,YangLingo TOEIC Expansion v4
I will get back to you this afternoon.,Tôi sẽ phản hồi lại cho bạn vào chiều nay.,,sentence,I will get back to you this afternoon.,Tôi sẽ phản hồi lại cho bạn vào chiều nay.,B1,,LISTENING,Workplace Communication,TOEIC Functional Phrase,2,1,,,,"Câu chức năng nên luyện nghe nhận diện, nối âm và shadowing.","toeic,v4,functional-phrase,workplace-communication",I will get back to you this afternoon.,YangLingo TOEIC Expansion v4
I am calling about your recent order.,Tôi gọi về đơn hàng gần đây của bạn.,,sentence,I am calling about your recent order.,Tôi gọi về đơn hàng gần đây của bạn.,B1,,LISTENING,Workplace Communication,TOEIC Functional Phrase,2,1,,,,"Câu chức năng nên luyện nghe nhận diện, nối âm và shadowing.","toeic,v4,functional-phrase,workplace-communication",I am calling about your recent order.,YangLingo TOEIC Expansion v4
I am following up on my previous email.,Tôi đang liên hệ lại về email trước của mình.,,sentence,I am following up on my previous email.,Tôi đang liên hệ lại về email trước của mình.,B1,,LISTENING,Workplace Communication,TOEIC Functional Phrase,2,1,,,,"Câu chức năng nên luyện nghe nhận diện, nối âm và shadowing.","toeic,v4,functional-phrase,workplace-communication",I am following up on my previous email.,YangLingo TOEIC Expansion v4
Would you mind sending it again?,Bạn có phiền gửi lại không?,,sentence,Would you mind sending it again?,Bạn có phiền gửi lại không?,B1,,LISTENING,Workplace Communication,TOEIC Functional Phrase,2,1,,,,"Câu chức năng nên luyện nghe nhận diện, nối âm và shadowing.","toeic,v4,functional-phrase,workplace-communication",Would you mind sending it again?,YangLingo TOEIC Expansion v4
Do you have a moment to discuss this?,Bạn có chút thời gian để trao đổi việc này không?,,sentence,Do you have a moment to discuss this?,Bạn có chút thời gian để trao đổi việc này không?,B1,,LISTENING,Workplace Communication,TOEIC Functional Phrase,2,1,,,,"Câu chức năng nên luyện nghe nhận diện, nối âm và shadowing.","toeic,v4,functional-phrase,workplace-communication",Do you have a moment to discuss this?,YangLingo TOEIC Expansion v4
That works for me.,Thời gian hoặc phương án đó phù hợp với tôi.,,sentence,That works for me.,Thời gian hoặc phương án đó phù hợp với tôi.,B1,,LISTENING,Workplace Communication,TOEIC Functional Phrase,2,1,,,,"Câu chức năng nên luyện nghe nhận diện, nối âm và shadowing.","toeic,v4,functional-phrase,workplace-communication",That works for me.,YangLingo TOEIC Expansion v4
I am afraid I will not be available then.,Tôi e rằng lúc đó tôi không rảnh.,,sentence,I am afraid I will not be available then.,Tôi e rằng lúc đó tôi không rảnh.,B1,,LISTENING,Workplace Communication,TOEIC Functional Phrase,2,1,,,,"Câu chức năng nên luyện nghe nhận diện, nối âm và shadowing.","toeic,v4,functional-phrase,workplace-communication",I am afraid I will not be available then.,YangLingo TOEIC Expansion v4
Can we move it to tomorrow morning?,Chúng ta có thể chuyển sang sáng mai không?,,sentence,Can we move it to tomorrow morning?,Chúng ta có thể chuyển sang sáng mai không?,B1,,LISTENING,Workplace Communication,TOEIC Functional Phrase,2,1,,,,"Câu chức năng nên luyện nghe nhận diện, nối âm và shadowing.","toeic,v4,functional-phrase,workplace-communication",Can we move it to tomorrow morning?,YangLingo TOEIC Expansion v4
I will make the necessary arrangements.,Tôi sẽ thực hiện các sắp xếp cần thiết.,,sentence,I will make the necessary arrangements.,Tôi sẽ thực hiện các sắp xếp cần thiết.,B1,,LISTENING,Workplace Communication,TOEIC Functional Phrase,2,1,,,,"Câu chức năng nên luyện nghe nhận diện, nối âm và shadowing.","toeic,v4,functional-phrase,workplace-communication",I will make the necessary arrangements.,YangLingo TOEIC Expansion v4
Thank you for bringing this to my attention.,Cảm ơn bạn đã thông báo việc này cho tôi.,,sentence,Thank you for bringing this to my attention.,Cảm ơn bạn đã thông báo việc này cho tôi.,B1,,LISTENING,Workplace Communication,TOEIC Functional Phrase,2,1,,,,"Câu chức năng nên luyện nghe nhận diện, nối âm và shadowing.","toeic,v4,functional-phrase,workplace-communication",Thank you for bringing this to my attention.,YangLingo TOEIC Expansion v4
Please leave a message after the tone.,Vui lòng để lại lời nhắn sau tiếng bíp.,,sentence,Please leave a message after the tone.,Vui lòng để lại lời nhắn sau tiếng bíp.,B1,,LISTENING,Workplace Communication,TOEIC Functional Phrase,2,1,,,,"Câu chức năng nên luyện nghe nhận diện, nối âm và shadowing.","toeic,v4,functional-phrase,workplace-communication",Please leave a message after the tone.,YangLingo TOEIC Expansion v4
Please hold for a moment.,Vui lòng giữ máy trong giây lát.,,sentence,Please hold for a moment.,Vui lòng giữ máy trong giây lát.,B1,,LISTENING,Workplace Communication,TOEIC Functional Phrase,2,1,,,,"Câu chức năng nên luyện nghe nhận diện, nối âm và shadowing.","toeic,v4,functional-phrase,workplace-communication",Please hold for a moment.,YangLingo TOEIC Expansion v4
I will call you back in ten minutes.,Tôi sẽ gọi lại cho bạn sau mười phút.,,sentence,I will call you back in ten minutes.,Tôi sẽ gọi lại cho bạn sau mười phút.,B1,,LISTENING,Workplace Communication,TOEIC Functional Phrase,2,1,,,,"Câu chức năng nên luyện nghe nhận diện, nối âm và shadowing.","toeic,v4,functional-phrase,workplace-communication",I will call you back in ten minutes.,YangLingo TOEIC Expansion v4
The line is busy right now.,Đường dây hiện đang bận.,,sentence,The line is busy right now.,Đường dây hiện đang bận.,B1,,LISTENING,Workplace Communication,TOEIC Functional Phrase,2,1,,,,"Câu chức năng nên luyện nghe nhận diện, nối âm và shadowing.","toeic,v4,functional-phrase,workplace-communication",The line is busy right now.,YangLingo TOEIC Expansion v4
I will transfer your call to the sales department.,Tôi sẽ chuyển cuộc gọi của bạn đến bộ phận bán hàng.,,sentence,I will transfer your call to the sales department.,Tôi sẽ chuyển cuộc gọi của bạn đến bộ phận bán hàng.,B1,,LISTENING,Workplace Communication,TOEIC Functional Phrase,2,1,,,,"Câu chức năng nên luyện nghe nhận diện, nối âm và shadowing.","toeic,v4,functional-phrase,workplace-communication",I will transfer your call to the sales department.,YangLingo TOEIC Expansion v4
Could I take a message?,Tôi có thể ghi lại lời nhắn không?,,sentence,Could I take a message?,Tôi có thể ghi lại lời nhắn không?,B1,,LISTENING,Workplace Communication,TOEIC Functional Phrase,2,1,,,,"Câu chức năng nên luyện nghe nhận diện, nối âm và shadowing.","toeic,v4,functional-phrase,workplace-communication",Could I take a message?,YangLingo TOEIC Expansion v4
The manager is away from the office today.,Hôm nay người quản lý không có mặt tại văn phòng.,,sentence,The manager is away from the office today.,Hôm nay người quản lý không có mặt tại văn phòng.,B1,,LISTENING,Workplace Communication,TOEIC Functional Phrase,2,1,,,,"Câu chức năng nên luyện nghe nhận diện, nối âm và shadowing.","toeic,v4,functional-phrase,workplace-communication",The manager is away from the office today.,YangLingo TOEIC Expansion v4
I have attached the revised document.,Tôi đã đính kèm tài liệu đã sửa.,,sentence,I have attached the revised document.,Tôi đã đính kèm tài liệu đã sửa.,B1,,LISTENING,Workplace Communication,TOEIC Functional Phrase,2,1,,,,"Câu chức năng nên luyện nghe nhận diện, nối âm và shadowing.","toeic,v4,functional-phrase,workplace-communication",I have attached the revised document.,YangLingo TOEIC Expansion v4
Please see the attached file.,Vui lòng xem tệp đính kèm.,,sentence,Please see the attached file.,Vui lòng xem tệp đính kèm.,B1,,LISTENING,Workplace Communication,TOEIC Functional Phrase,2,1,,,,"Câu chức năng nên luyện nghe nhận diện, nối âm và shadowing.","toeic,v4,functional-phrase,workplace-communication",Please see the attached file.,YangLingo TOEIC Expansion v4
Thank you for your prompt response.,Cảm ơn bạn đã phản hồi nhanh chóng.,,sentence,Thank you for your prompt response.,Cảm ơn bạn đã phản hồi nhanh chóng.,B1,,LISTENING,Workplace Communication,TOEIC Functional Phrase,2,1,,,,"Câu chức năng nên luyện nghe nhận diện, nối âm và shadowing.","toeic,v4,functional-phrase,workplace-communication",Thank you for your prompt response.,YangLingo TOEIC Expansion v4
Please confirm receipt of this email.,Vui lòng xác nhận đã nhận được email này.,,sentence,Please confirm receipt of this email.,Vui lòng xác nhận đã nhận được email này.,B1,,LISTENING,Workplace Communication,TOEIC Functional Phrase,2,1,,,,"Câu chức năng nên luyện nghe nhận diện, nối âm và shadowing.","toeic,v4,functional-phrase,workplace-communication",Please confirm receipt of this email.,YangLingo TOEIC Expansion v4
I would like to request more information.,Tôi muốn yêu cầu thêm thông tin.,,sentence,I would like to request more information.,Tôi muốn yêu cầu thêm thông tin.,B1,,LISTENING,Workplace Communication,TOEIC Functional Phrase,2,1,,,,"Câu chức năng nên luyện nghe nhận diện, nối âm và shadowing.","toeic,v4,functional-phrase,workplace-communication",I would like to request more information.,YangLingo TOEIC Expansion v4
When would be a convenient time for you?,Khi nào là thời gian thuận tiện cho bạn?,,sentence,When would be a convenient time for you?,Khi nào là thời gian thuận tiện cho bạn?,B1,,LISTENING,Workplace Communication,TOEIC Functional Phrase,2,1,,,,"Câu chức năng nên luyện nghe nhận diện, nối âm và shadowing.","toeic,v4,functional-phrase,workplace-communication",When would be a convenient time for you?,YangLingo TOEIC Expansion v4
I will check my calendar and let you know.,Tôi sẽ kiểm tra lịch và báo lại cho bạn.,,sentence,I will check my calendar and let you know.,Tôi sẽ kiểm tra lịch và báo lại cho bạn.,B1,,LISTENING,Workplace Communication,TOEIC Functional Phrase,2,1,,,,"Câu chức năng nên luyện nghe nhận diện, nối âm và shadowing.","toeic,v4,functional-phrase,workplace-communication",I will check my calendar and let you know.,YangLingo TOEIC Expansion v4
The deadline has been extended until Friday.,Hạn chót đã được gia hạn đến thứ Sáu.,,sentence,The deadline has been extended until Friday.,Hạn chót đã được gia hạn đến thứ Sáu.,B1,,LISTENING,Workplace Communication,TOEIC Functional Phrase,2,1,,,,"Câu chức năng nên luyện nghe nhận diện, nối âm và shadowing.","toeic,v4,functional-phrase,workplace-communication",The deadline has been extended until Friday.,YangLingo TOEIC Expansion v4
There has been a change in the schedule.,Lịch trình đã có thay đổi.,,sentence,There has been a change in the schedule.,Lịch trình đã có thay đổi.,B1,,LISTENING,Workplace Communication,TOEIC Functional Phrase,2,1,,,,"Câu chức năng nên luyện nghe nhận diện, nối âm và shadowing.","toeic,v4,functional-phrase,workplace-communication",There has been a change in the schedule.,YangLingo TOEIC Expansion v4
Where can I find the conference room?,Tôi có thể tìm phòng họp ở đâu?,,sentence,Where can I find the conference room?,Tôi có thể tìm phòng họp ở đâu?,B1,,LISTENING,TOEIC Question Response,TOEIC Functional Phrase,2,1,,,,"Câu chức năng nên luyện nghe nhận diện, nối âm và shadowing.","toeic,v4,functional-phrase,toeic-question-response",Where can I find the conference room?,YangLingo TOEIC Expansion v4
Has the conference room been updated yet?,Phòng họp đã được cập nhật chưa?,,sentence,Has the conference room been updated yet?,Phòng họp đã được cập nhật chưa?,B1,,LISTENING,TOEIC Question Response,TOEIC Functional Phrase,2,2,,,,"Câu chức năng nên luyện nghe nhận diện, nối âm và shadowing.","toeic,v4,functional-phrase,toeic-question-response",Has the conference room been updated yet?,YangLingo TOEIC Expansion v4
Who is responsible for the conference room?,Ai chịu trách nhiệm về phòng họp?,,sentence,Who is responsible for the conference room?,Ai chịu trách nhiệm về phòng họp?,B1,,LISTENING,TOEIC Question Response,TOEIC Functional Phrase,2,2,,,,"Câu chức năng nên luyện nghe nhận diện, nối âm và shadowing.","toeic,v4,functional-phrase,toeic-question-response",Who is responsible for the conference room?,YangLingo TOEIC Expansion v4
Where can I find the training room?,Tôi có thể tìm phòng đào tạo ở đâu?,,sentence,Where can I find the training room?,Tôi có thể tìm phòng đào tạo ở đâu?,B1,,LISTENING,TOEIC Question Response,TOEIC Functional Phrase,2,1,,,,"Câu chức năng nên luyện nghe nhận diện, nối âm và shadowing.","toeic,v4,functional-phrase,toeic-question-response",Where can I find the training room?,YangLingo TOEIC Expansion v4
Has the training room been updated yet?,Phòng đào tạo đã được cập nhật chưa?,,sentence,Has the training room been updated yet?,Phòng đào tạo đã được cập nhật chưa?,B1,,LISTENING,TOEIC Question Response,TOEIC Functional Phrase,2,2,,,,"Câu chức năng nên luyện nghe nhận diện, nối âm và shadowing.","toeic,v4,functional-phrase,toeic-question-response",Has the training room been updated yet?,YangLingo TOEIC Expansion v4
Who is responsible for the training room?,Ai chịu trách nhiệm về phòng đào tạo?,,sentence,Who is responsible for the training room?,Ai chịu trách nhiệm về phòng đào tạo?,B1,,LISTENING,TOEIC Question Response,TOEIC Functional Phrase,2,2,,,,"Câu chức năng nên luyện nghe nhận diện, nối âm và shadowing.","toeic,v4,functional-phrase,toeic-question-response",Who is responsible for the training room?,YangLingo TOEIC Expansion v4
Where can I find the registration desk?,Tôi có thể tìm quầy đăng ký ở đâu?,,sentence,Where can I find the registration desk?,Tôi có thể tìm quầy đăng ký ở đâu?,B1,,LISTENING,TOEIC Question Response,TOEIC Functional Phrase,2,1,,,,"Câu chức năng nên luyện nghe nhận diện, nối âm và shadowing.","toeic,v4,functional-phrase,toeic-question-response",Where can I find the registration desk?,YangLingo TOEIC Expansion v4
Has the registration desk been updated yet?,Quầy đăng ký đã được cập nhật chưa?,,sentence,Has the registration desk been updated yet?,Quầy đăng ký đã được cập nhật chưa?,B1,,LISTENING,TOEIC Question Response,TOEIC Functional Phrase,2,2,,,,"Câu chức năng nên luyện nghe nhận diện, nối âm và shadowing.","toeic,v4,functional-phrase,toeic-question-response",Has the registration desk been updated yet?,YangLingo TOEIC Expansion v4
Who is responsible for the registration desk?,Ai chịu trách nhiệm về quầy đăng ký?,,sentence,Who is responsible for the registration desk?,Ai chịu trách nhiệm về quầy đăng ký?,B1,,LISTENING,TOEIC Question Response,TOEIC Functional Phrase,2,2,,,,"Câu chức năng nên luyện nghe nhận diện, nối âm và shadowing.","toeic,v4,functional-phrase,toeic-question-response",Who is responsible for the registration desk?,YangLingo TOEIC Expansion v4
Where can I find the customer service desk?,Tôi có thể tìm quầy dịch vụ khách hàng ở đâu?,,sentence,Where can I find the customer service desk?,Tôi có thể tìm quầy dịch vụ khách hàng ở đâu?,B1,,LISTENING,TOEIC Question Response,TOEIC Functional Phrase,2,1,,,,"Câu chức năng nên luyện nghe nhận diện, nối âm và shadowing.","toeic,v4,functional-phrase,toeic-question-response",Where can I find the customer service desk?,YangLingo TOEIC Expansion v4
Has the customer service desk been updated yet?,Quầy dịch vụ khách hàng đã được cập nhật chưa?,,sentence,Has the customer service desk been updated yet?,Quầy dịch vụ khách hàng đã được cập nhật chưa?,B1,,LISTENING,TOEIC Question Response,TOEIC Functional Phrase,2,2,,,,"Câu chức năng nên luyện nghe nhận diện, nối âm và shadowing.","toeic,v4,functional-phrase,toeic-question-response",Has the customer service desk been updated yet?,YangLingo TOEIC Expansion v4
Who is responsible for the customer service desk?,Ai chịu trách nhiệm về quầy dịch vụ khách hàng?,,sentence,Who is responsible for the customer service desk?,Ai chịu trách nhiệm về quầy dịch vụ khách hàng?,B1,,LISTENING,TOEIC Question Response,TOEIC Functional Phrase,2,2,,,,"Câu chức năng nên luyện nghe nhận diện, nối âm và shadowing.","toeic,v4,functional-phrase,toeic-question-response",Who is responsible for the customer service desk?,YangLingo TOEIC Expansion v4
Where can I find the shipping department?,Tôi có thể tìm bộ phận vận chuyển ở đâu?,,sentence,Where can I find the shipping department?,Tôi có thể tìm bộ phận vận chuyển ở đâu?,B1,,LISTENING,TOEIC Question Response,TOEIC Functional Phrase,2,1,,,,"Câu chức năng nên luyện nghe nhận diện, nối âm và shadowing.","toeic,v4,functional-phrase,toeic-question-response",Where can I find the shipping department?,YangLingo TOEIC Expansion v4
Has the shipping department been updated yet?,Bộ phận vận chuyển đã được cập nhật chưa?,,sentence,Has the shipping department been updated yet?,Bộ phận vận chuyển đã được cập nhật chưa?,B1,,LISTENING,TOEIC Question Response,TOEIC Functional Phrase,2,2,,,,"Câu chức năng nên luyện nghe nhận diện, nối âm và shadowing.","toeic,v4,functional-phrase,toeic-question-response",Has the shipping department been updated yet?,YangLingo TOEIC Expansion v4
Who is responsible for the shipping department?,Ai chịu trách nhiệm về bộ phận vận chuyển?,,sentence,Who is responsible for the shipping department?,Ai chịu trách nhiệm về bộ phận vận chuyển?,B1,,LISTENING,TOEIC Question Response,TOEIC Functional Phrase,2,2,,,,"Câu chức năng nên luyện nghe nhận diện, nối âm và shadowing.","toeic,v4,functional-phrase,toeic-question-response",Who is responsible for the shipping department?,YangLingo TOEIC Expansion v4
Where can I find the human resources office?,Tôi có thể tìm phòng nhân sự ở đâu?,,sentence,Where can I find the human resources office?,Tôi có thể tìm phòng nhân sự ở đâu?,B1,,LISTENING,TOEIC Question Response,TOEIC Functional Phrase,2,1,,,,"Câu chức năng nên luyện nghe nhận diện, nối âm và shadowing.","toeic,v4,functional-phrase,toeic-question-response",Where can I find the human resources office?,YangLingo TOEIC Expansion v4
Has the human resources office been updated yet?,Phòng nhân sự đã được cập nhật chưa?,,sentence,Has the human resources office been updated yet?,Phòng nhân sự đã được cập nhật chưa?,B1,,LISTENING,TOEIC Question Response,TOEIC Functional Phrase,2,2,,,,"Câu chức năng nên luyện nghe nhận diện, nối âm và shadowing.","toeic,v4,functional-phrase,toeic-question-response",Has the human resources office been updated yet?,YangLingo TOEIC Expansion v4
Who is responsible for the human resources office?,Ai chịu trách nhiệm về phòng nhân sự?,,sentence,Who is responsible for the human resources office?,Ai chịu trách nhiệm về phòng nhân sự?,B1,,LISTENING,TOEIC Question Response,TOEIC Functional Phrase,2,2,,,,"Câu chức năng nên luyện nghe nhận diện, nối âm và shadowing.","toeic,v4,functional-phrase,toeic-question-response",Who is responsible for the human resources office?,YangLingo TOEIC Expansion v4
Where can I find the accounting department?,Tôi có thể tìm phòng kế toán ở đâu?,,sentence,Where can I find the accounting department?,Tôi có thể tìm phòng kế toán ở đâu?,B1,,LISTENING,TOEIC Question Response,TOEIC Functional Phrase,2,1,,,,"Câu chức năng nên luyện nghe nhận diện, nối âm và shadowing.","toeic,v4,functional-phrase,toeic-question-response",Where can I find the accounting department?,YangLingo TOEIC Expansion v4
Has the accounting department been updated yet?,Phòng kế toán đã được cập nhật chưa?,,sentence,Has the accounting department been updated yet?,Phòng kế toán đã được cập nhật chưa?,B1,,LISTENING,TOEIC Question Response,TOEIC Functional Phrase,2,2,,,,"Câu chức năng nên luyện nghe nhận diện, nối âm và shadowing.","toeic,v4,functional-phrase,toeic-question-response",Has the accounting department been updated yet?,YangLingo TOEIC Expansion v4
Who is responsible for the accounting department?,Ai chịu trách nhiệm về phòng kế toán?,,sentence,Who is responsible for the accounting department?,Ai chịu trách nhiệm về phòng kế toán?,B1,,LISTENING,TOEIC Question Response,TOEIC Functional Phrase,2,2,,,,"Câu chức năng nên luyện nghe nhận diện, nối âm và shadowing.","toeic,v4,functional-phrase,toeic-question-response",Who is responsible for the accounting department?,YangLingo TOEIC Expansion v4
Where can I find the parking garage?,Tôi có thể tìm nhà để xe ở đâu?,,sentence,Where can I find the parking garage?,Tôi có thể tìm nhà để xe ở đâu?,B1,,LISTENING,TOEIC Question Response,TOEIC Functional Phrase,2,1,,,,"Câu chức năng nên luyện nghe nhận diện, nối âm và shadowing.","toeic,v4,functional-phrase,toeic-question-response",Where can I find the parking garage?,YangLingo TOEIC Expansion v4
Has the parking garage been updated yet?,Nhà để xe đã được cập nhật chưa?,,sentence,Has the parking garage been updated yet?,Nhà để xe đã được cập nhật chưa?,B1,,LISTENING,TOEIC Question Response,TOEIC Functional Phrase,2,2,,,,"Câu chức năng nên luyện nghe nhận diện, nối âm và shadowing.","toeic,v4,functional-phrase,toeic-question-response",Has the parking garage been updated yet?,YangLingo TOEIC Expansion v4
Who is responsible for the parking garage?,Ai chịu trách nhiệm về nhà để xe?,,sentence,Who is responsible for the parking garage?,Ai chịu trách nhiệm về nhà để xe?,B1,,LISTENING,TOEIC Question Response,TOEIC Functional Phrase,2,2,,,,"Câu chức năng nên luyện nghe nhận diện, nối âm và shadowing.","toeic,v4,functional-phrase,toeic-question-response",Who is responsible for the parking garage?,YangLingo TOEIC Expansion v4
Where can I find the cafeteria?,Tôi có thể tìm căng tin ở đâu?,,sentence,Where can I find the cafeteria?,Tôi có thể tìm căng tin ở đâu?,B1,,LISTENING,TOEIC Question Response,TOEIC Functional Phrase,2,1,,,,"Câu chức năng nên luyện nghe nhận diện, nối âm và shadowing.","toeic,v4,functional-phrase,toeic-question-response",Where can I find the cafeteria?,YangLingo TOEIC Expansion v4
Has the cafeteria been updated yet?,Căng tin đã được cập nhật chưa?,,sentence,Has the cafeteria been updated yet?,Căng tin đã được cập nhật chưa?,B1,,LISTENING,TOEIC Question Response,TOEIC Functional Phrase,2,2,,,,"Câu chức năng nên luyện nghe nhận diện, nối âm và shadowing.","toeic,v4,functional-phrase,toeic-question-response",Has the cafeteria been updated yet?,YangLingo TOEIC Expansion v4
Who is responsible for the cafeteria?,Ai chịu trách nhiệm về căng tin?,,sentence,Who is responsible for the cafeteria?,Ai chịu trách nhiệm về căng tin?,B1,,LISTENING,TOEIC Question Response,TOEIC Functional Phrase,2,2,,,,"Câu chức năng nên luyện nghe nhận diện, nối âm và shadowing.","toeic,v4,functional-phrase,toeic-question-response",Who is responsible for the cafeteria?,YangLingo TOEIC Expansion v4
Where can I find the main entrance?,Tôi có thể tìm lối vào chính ở đâu?,,sentence,Where can I find the main entrance?,Tôi có thể tìm lối vào chính ở đâu?,B1,,LISTENING,TOEIC Question Response,TOEIC Functional Phrase,2,1,,,,"Câu chức năng nên luyện nghe nhận diện, nối âm và shadowing.","toeic,v4,functional-phrase,toeic-question-response",Where can I find the main entrance?,YangLingo TOEIC Expansion v4
Has the main entrance been updated yet?,Lối vào chính đã được cập nhật chưa?,,sentence,Has the main entrance been updated yet?,Lối vào chính đã được cập nhật chưa?,B1,,LISTENING,TOEIC Question Response,TOEIC Functional Phrase,2,2,,,,"Câu chức năng nên luyện nghe nhận diện, nối âm và shadowing.","toeic,v4,functional-phrase,toeic-question-response",Has the main entrance been updated yet?,YangLingo TOEIC Expansion v4
Who is responsible for the main entrance?,Ai chịu trách nhiệm về lối vào chính?,,sentence,Who is responsible for the main entrance?,Ai chịu trách nhiệm về lối vào chính?,B1,,LISTENING,TOEIC Question Response,TOEIC Functional Phrase,2,2,,,,"Câu chức năng nên luyện nghe nhận diện, nối âm và shadowing.","toeic,v4,functional-phrase,toeic-question-response",Who is responsible for the main entrance?,YangLingo TOEIC Expansion v4
Where can I find the copy machine?,Tôi có thể tìm máy photocopy ở đâu?,,sentence,Where can I find the copy machine?,Tôi có thể tìm máy photocopy ở đâu?,B1,,LISTENING,TOEIC Question Response,TOEIC Functional Phrase,2,1,,,,"Câu chức năng nên luyện nghe nhận diện, nối âm và shadowing.","toeic,v4,functional-phrase,toeic-question-response",Where can I find the copy machine?,YangLingo TOEIC Expansion v4
Has the copy machine been updated yet?,Máy photocopy đã được cập nhật chưa?,,sentence,Has the copy machine been updated yet?,Máy photocopy đã được cập nhật chưa?,B1,,LISTENING,TOEIC Question Response,TOEIC Functional Phrase,2,2,,,,"Câu chức năng nên luyện nghe nhận diện, nối âm và shadowing.","toeic,v4,functional-phrase,toeic-question-response",Has the copy machine been updated yet?,YangLingo TOEIC Expansion v4
Who is responsible for the copy machine?,Ai chịu trách nhiệm về máy photocopy?,,sentence,Who is responsible for the copy machine?,Ai chịu trách nhiệm về máy photocopy?,B1,,LISTENING,TOEIC Question Response,TOEIC Functional Phrase,2,2,,,,"Câu chức năng nên luyện nghe nhận diện, nối âm và shadowing.","toeic,v4,functional-phrase,toeic-question-response",Who is responsible for the copy machine?,YangLingo TOEIC Expansion v4
Where can I find the printer?,Tôi có thể tìm máy in ở đâu?,,sentence,Where can I find the printer?,Tôi có thể tìm máy in ở đâu?,B1,,LISTENING,TOEIC Question Response,TOEIC Functional Phrase,2,1,,,,"Câu chức năng nên luyện nghe nhận diện, nối âm và shadowing.","toeic,v4,functional-phrase,toeic-question-response",Where can I find the printer?,YangLingo TOEIC Expansion v4
Has the printer been updated yet?,Máy in đã được cập nhật chưa?,,sentence,Has the printer been updated yet?,Máy in đã được cập nhật chưa?,B1,,LISTENING,TOEIC Question Response,TOEIC Functional Phrase,2,2,,,,"Câu chức năng nên luyện nghe nhận diện, nối âm và shadowing.","toeic,v4,functional-phrase,toeic-question-response",Has the printer been updated yet?,YangLingo TOEIC Expansion v4
Who is responsible for the printer?,Ai chịu trách nhiệm về máy in?,,sentence,Who is responsible for the printer?,Ai chịu trách nhiệm về máy in?,B1,,LISTENING,TOEIC Question Response,TOEIC Functional Phrase,2,2,,,,"Câu chức năng nên luyện nghe nhận diện, nối âm và shadowing.","toeic,v4,functional-phrase,toeic-question-response",Who is responsible for the printer?,YangLingo TOEIC Expansion v4
Where can I find the project file?,Tôi có thể tìm hồ sơ dự án ở đâu?,,sentence,Where can I find the project file?,Tôi có thể tìm hồ sơ dự án ở đâu?,B1,,LISTENING,TOEIC Question Response,TOEIC Functional Phrase,2,1,,,,"Câu chức năng nên luyện nghe nhận diện, nối âm và shadowing.","toeic,v4,functional-phrase,toeic-question-response",Where can I find the project file?,YangLingo TOEIC Expansion v4
Has the project file been updated yet?,Hồ sơ dự án đã được cập nhật chưa?,,sentence,Has the project file been updated yet?,Hồ sơ dự án đã được cập nhật chưa?,B1,,LISTENING,TOEIC Question Response,TOEIC Functional Phrase,2,2,,,,"Câu chức năng nên luyện nghe nhận diện, nối âm và shadowing.","toeic,v4,functional-phrase,toeic-question-response",Has the project file been updated yet?,YangLingo TOEIC Expansion v4
Who is responsible for the project file?,Ai chịu trách nhiệm về hồ sơ dự án?,,sentence,Who is responsible for the project file?,Ai chịu trách nhiệm về hồ sơ dự án?,B1,,LISTENING,TOEIC Question Response,TOEIC Functional Phrase,2,2,,,,"Câu chức năng nên luyện nghe nhận diện, nối âm và shadowing.","toeic,v4,functional-phrase,toeic-question-response",Who is responsible for the project file?,YangLingo TOEIC Expansion v4
Where can I find the purchase order?,Tôi có thể tìm đơn đặt hàng ở đâu?,,sentence,Where can I find the purchase order?,Tôi có thể tìm đơn đặt hàng ở đâu?,B1,,LISTENING,TOEIC Question Response,TOEIC Functional Phrase,2,1,,,,"Câu chức năng nên luyện nghe nhận diện, nối âm và shadowing.","toeic,v4,functional-phrase,toeic-question-response",Where can I find the purchase order?,YangLingo TOEIC Expansion v4
Has the purchase order been updated yet?,Đơn đặt hàng đã được cập nhật chưa?,,sentence,Has the purchase order been updated yet?,Đơn đặt hàng đã được cập nhật chưa?,B1,,LISTENING,TOEIC Question Response,TOEIC Functional Phrase,2,2,,,,"Câu chức năng nên luyện nghe nhận diện, nối âm và shadowing.","toeic,v4,functional-phrase,toeic-question-response",Has the purchase order been updated yet?,YangLingo TOEIC Expansion v4
Who is responsible for the purchase order?,Ai chịu trách nhiệm về đơn đặt hàng?,,sentence,Who is responsible for the purchase order?,Ai chịu trách nhiệm về đơn đặt hàng?,B1,,LISTENING,TOEIC Question Response,TOEIC Functional Phrase,2,2,,,,"Câu chức năng nên luyện nghe nhận diện, nối âm và shadowing.","toeic,v4,functional-phrase,toeic-question-response",Who is responsible for the purchase order?,YangLingo TOEIC Expansion v4
Where can I find the expense form?,Tôi có thể tìm biểu mẫu chi phí ở đâu?,,sentence,Where can I find the expense form?,Tôi có thể tìm biểu mẫu chi phí ở đâu?,B1,,LISTENING,TOEIC Question Response,TOEIC Functional Phrase,2,1,,,,"Câu chức năng nên luyện nghe nhận diện, nối âm và shadowing.","toeic,v4,functional-phrase,toeic-question-response",Where can I find the expense form?,YangLingo TOEIC Expansion v4
Has the expense form been updated yet?,Biểu mẫu chi phí đã được cập nhật chưa?,,sentence,Has the expense form been updated yet?,Biểu mẫu chi phí đã được cập nhật chưa?,B1,,LISTENING,TOEIC Question Response,TOEIC Functional Phrase,2,2,,,,"Câu chức năng nên luyện nghe nhận diện, nối âm và shadowing.","toeic,v4,functional-phrase,toeic-question-response",Has the expense form been updated yet?,YangLingo TOEIC Expansion v4
Who is responsible for the expense form?,Ai chịu trách nhiệm về biểu mẫu chi phí?,,sentence,Who is responsible for the expense form?,Ai chịu trách nhiệm về biểu mẫu chi phí?,B1,,LISTENING,TOEIC Question Response,TOEIC Functional Phrase,2,2,,,,"Câu chức năng nên luyện nghe nhận diện, nối âm và shadowing.","toeic,v4,functional-phrase,toeic-question-response",Who is responsible for the expense form?,YangLingo TOEIC Expansion v4
Where can I find the maintenance request?,Tôi có thể tìm yêu cầu bảo trì ở đâu?,,sentence,Where can I find the maintenance request?,Tôi có thể tìm yêu cầu bảo trì ở đâu?,B1,,LISTENING,TOEIC Question Response,TOEIC Functional Phrase,2,1,,,,"Câu chức năng nên luyện nghe nhận diện, nối âm và shadowing.","toeic,v4,functional-phrase,toeic-question-response",Where can I find the maintenance request?,YangLingo TOEIC Expansion v4
Has the maintenance request been updated yet?,Yêu cầu bảo trì đã được cập nhật chưa?,,sentence,Has the maintenance request been updated yet?,Yêu cầu bảo trì đã được cập nhật chưa?,B1,,LISTENING,TOEIC Question Response,TOEIC Functional Phrase,2,2,,,,"Câu chức năng nên luyện nghe nhận diện, nối âm và shadowing.","toeic,v4,functional-phrase,toeic-question-response",Has the maintenance request been updated yet?,YangLingo TOEIC Expansion v4
Who is responsible for the maintenance request?,Ai chịu trách nhiệm về yêu cầu bảo trì?,,sentence,Who is responsible for the maintenance request?,Ai chịu trách nhiệm về yêu cầu bảo trì?,B1,,LISTENING,TOEIC Question Response,TOEIC Functional Phrase,2,2,,,,"Câu chức năng nên luyện nghe nhận diện, nối âm và shadowing.","toeic,v4,functional-phrase,toeic-question-response",Who is responsible for the maintenance request?,YangLingo TOEIC Expansion v4
Where can I find the delivery receipt?,Tôi có thể tìm biên nhận giao hàng ở đâu?,,sentence,Where can I find the delivery receipt?,Tôi có thể tìm biên nhận giao hàng ở đâu?,B1,,LISTENING,TOEIC Question Response,TOEIC Functional Phrase,2,1,,,,"Câu chức năng nên luyện nghe nhận diện, nối âm và shadowing.","toeic,v4,functional-phrase,toeic-question-response",Where can I find the delivery receipt?,YangLingo TOEIC Expansion v4
Has the delivery receipt been updated yet?,Biên nhận giao hàng đã được cập nhật chưa?,,sentence,Has the delivery receipt been updated yet?,Biên nhận giao hàng đã được cập nhật chưa?,B1,,LISTENING,TOEIC Question Response,TOEIC Functional Phrase,2,2,,,,"Câu chức năng nên luyện nghe nhận diện, nối âm và shadowing.","toeic,v4,functional-phrase,toeic-question-response",Has the delivery receipt been updated yet?,YangLingo TOEIC Expansion v4
Who is responsible for the delivery receipt?,Ai chịu trách nhiệm về biên nhận giao hàng?,,sentence,Who is responsible for the delivery receipt?,Ai chịu trách nhiệm về biên nhận giao hàng?,B1,,LISTENING,TOEIC Question Response,TOEIC Functional Phrase,2,2,,,,"Câu chức năng nên luyện nghe nhận diện, nối âm và shadowing.","toeic,v4,functional-phrase,toeic-question-response",Who is responsible for the delivery receipt?,YangLingo TOEIC Expansion v4
Where can I find the meeting agenda?,Tôi có thể tìm chương trình họp ở đâu?,,sentence,Where can I find the meeting agenda?,Tôi có thể tìm chương trình họp ở đâu?,B1,,LISTENING,TOEIC Question Response,TOEIC Functional Phrase,2,1,,,,"Câu chức năng nên luyện nghe nhận diện, nối âm và shadowing.","toeic,v4,functional-phrase,toeic-question-response",Where can I find the meeting agenda?,YangLingo TOEIC Expansion v4
Has the meeting agenda been updated yet?,Chương trình họp đã được cập nhật chưa?,,sentence,Has the meeting agenda been updated yet?,Chương trình họp đã được cập nhật chưa?,B1,,LISTENING,TOEIC Question Response,TOEIC Functional Phrase,2,2,,,,"Câu chức năng nên luyện nghe nhận diện, nối âm và shadowing.","toeic,v4,functional-phrase,toeic-question-response",Has the meeting agenda been updated yet?,YangLingo TOEIC Expansion v4
Who is responsible for the meeting agenda?,Ai chịu trách nhiệm về chương trình họp?,,sentence,Who is responsible for the meeting agenda?,Ai chịu trách nhiệm về chương trình họp?,B1,,LISTENING,TOEIC Question Response,TOEIC Functional Phrase,2,2,,,,"Câu chức năng nên luyện nghe nhận diện, nối âm và shadowing.","toeic,v4,functional-phrase,toeic-question-response",Who is responsible for the meeting agenda?,YangLingo TOEIC Expansion v4
Where can I find the updated price list?,Tôi có thể tìm bảng giá cập nhật ở đâu?,,sentence,Where can I find the updated price list?,Tôi có thể tìm bảng giá cập nhật ở đâu?,B1,,LISTENING,TOEIC Question Response,TOEIC Functional Phrase,2,1,,,,"Câu chức năng nên luyện nghe nhận diện, nối âm và shadowing.","toeic,v4,functional-phrase,toeic-question-response",Where can I find the updated price list?,YangLingo TOEIC Expansion v4
Has the updated price list been updated yet?,Bảng giá cập nhật đã được cập nhật chưa?,,sentence,Has the updated price list been updated yet?,Bảng giá cập nhật đã được cập nhật chưa?,B1,,LISTENING,TOEIC Question Response,TOEIC Functional Phrase,2,2,,,,"Câu chức năng nên luyện nghe nhận diện, nối âm và shadowing.","toeic,v4,functional-phrase,toeic-question-response",Has the updated price list been updated yet?,YangLingo TOEIC Expansion v4
Who is responsible for the updated price list?,Ai chịu trách nhiệm về bảng giá cập nhật?,,sentence,Who is responsible for the updated price list?,Ai chịu trách nhiệm về bảng giá cập nhật?,B1,,LISTENING,TOEIC Question Response,TOEIC Functional Phrase,2,2,,,,"Câu chức năng nên luyện nghe nhận diện, nối âm và shadowing.","toeic,v4,functional-phrase,toeic-question-response",Who is responsible for the updated price list?,YangLingo TOEIC Expansion v4
Where can I find the employee handbook?,Tôi có thể tìm sổ tay nhân viên ở đâu?,,sentence,Where can I find the employee handbook?,Tôi có thể tìm sổ tay nhân viên ở đâu?,B1,,LISTENING,TOEIC Question Response,TOEIC Functional Phrase,2,1,,,,"Câu chức năng nên luyện nghe nhận diện, nối âm và shadowing.","toeic,v4,functional-phrase,toeic-question-response",Where can I find the employee handbook?,YangLingo TOEIC Expansion v4
Has the employee handbook been updated yet?,Sổ tay nhân viên đã được cập nhật chưa?,,sentence,Has the employee handbook been updated yet?,Sổ tay nhân viên đã được cập nhật chưa?,B1,,LISTENING,TOEIC Question Response,TOEIC Functional Phrase,2,2,,,,"Câu chức năng nên luyện nghe nhận diện, nối âm và shadowing.","toeic,v4,functional-phrase,toeic-question-response",Has the employee handbook been updated yet?,YangLingo TOEIC Expansion v4
Who is responsible for the employee handbook?,Ai chịu trách nhiệm về sổ tay nhân viên?,,sentence,Who is responsible for the employee handbook?,Ai chịu trách nhiệm về sổ tay nhân viên?,B1,,LISTENING,TOEIC Question Response,TOEIC Functional Phrase,2,2,,,,"Câu chức năng nên luyện nghe nhận diện, nối âm và shadowing.","toeic,v4,functional-phrase,toeic-question-response",Who is responsible for the employee handbook?,YangLingo TOEIC Expansion v4
The office will close early this Friday.,Văn phòng sẽ đóng cửa sớm vào thứ Sáu này.,,sentence,The office will close early this Friday.,Văn phòng sẽ đóng cửa sớm vào thứ Sáu này.,B1,,LISTENING,TOEIC Announcements,TOEIC Functional Phrase,4,2,,,,"Câu chức năng nên luyện nghe nhận diện, nối âm và shadowing.","toeic,v4,announcement,toeic-announcements",The office will close early this Friday.,YangLingo TOEIC Expansion v4
The parking area will be unavailable tomorrow morning.,Khu vực đỗ xe sẽ không sử dụng được vào sáng mai.,,sentence,The parking area will be unavailable tomorrow morning.,Khu vực đỗ xe sẽ không sử dụng được vào sáng mai.,B1,,LISTENING,TOEIC Announcements,TOEIC Functional Phrase,4,2,,,,"Câu chức năng nên luyện nghe nhận diện, nối âm và shadowing.","toeic,v4,announcement,toeic-announcements",The parking area will be unavailable tomorrow morning.,YangLingo TOEIC Expansion v4
The elevator on the east side is under maintenance.,Thang máy phía đông đang được bảo trì.,,sentence,The elevator on the east side is under maintenance.,Thang máy phía đông đang được bảo trì.,B1,,LISTENING,TOEIC Announcements,TOEIC Functional Phrase,4,2,,,,"Câu chức năng nên luyện nghe nhận diện, nối âm và shadowing.","toeic,v4,announcement,toeic-announcements",The elevator on the east side is under maintenance.,YangLingo TOEIC Expansion v4
Employees are asked to wear their identification badges.,Nhân viên được yêu cầu đeo thẻ nhận diện.,,sentence,Employees are asked to wear their identification badges.,Nhân viên được yêu cầu đeo thẻ nhận diện.,B1,,LISTENING,TOEIC Announcements,TOEIC Functional Phrase,4,2,,,,"Câu chức năng nên luyện nghe nhận diện, nối âm và shadowing.","toeic,v4,announcement,toeic-announcements",Employees are asked to wear their identification badges.,YangLingo TOEIC Expansion v4
Visitors must sign in at the reception desk.,Khách đến phải đăng ký tại quầy lễ tân.,,sentence,Visitors must sign in at the reception desk.,Khách đến phải đăng ký tại quầy lễ tân.,B1,,LISTENING,TOEIC Announcements,TOEIC Functional Phrase,4,2,,,,"Câu chức năng nên luyện nghe nhận diện, nối âm và shadowing.","toeic,v4,announcement,toeic-announcements",Visitors must sign in at the reception desk.,YangLingo TOEIC Expansion v4
The cafeteria will reopen after the renovation.,Căng tin sẽ mở cửa lại sau khi cải tạo.,,sentence,The cafeteria will reopen after the renovation.,Căng tin sẽ mở cửa lại sau khi cải tạo.,B1,,LISTENING,TOEIC Announcements,TOEIC Functional Phrase,4,2,,,,"Câu chức năng nên luyện nghe nhận diện, nối âm và shadowing.","toeic,v4,announcement,toeic-announcements",The cafeteria will reopen after the renovation.,YangLingo TOEIC Expansion v4
The training session will begin at nine sharp.,Buổi đào tạo sẽ bắt đầu đúng chín giờ.,,sentence,The training session will begin at nine sharp.,Buổi đào tạo sẽ bắt đầu đúng chín giờ.,B1,,LISTENING,TOEIC Announcements,TOEIC Functional Phrase,4,2,,,,"Câu chức năng nên luyện nghe nhận diện, nối âm và shadowing.","toeic,v4,announcement,toeic-announcements",The training session will begin at nine sharp.,YangLingo TOEIC Expansion v4
Please submit all expense reports by the end of the month.,Vui lòng nộp tất cả báo cáo chi phí trước cuối tháng.,,sentence,Please submit all expense reports by the end of the month.,Vui lòng nộp tất cả báo cáo chi phí trước cuối tháng.,B1,,LISTENING,TOEIC Announcements,TOEIC Functional Phrase,4,2,,,,"Câu chức năng nên luyện nghe nhận diện, nối âm và shadowing.","toeic,v4,announcement,toeic-announcements",Please submit all expense reports by the end of the month.,YangLingo TOEIC Expansion v4
The new software will be installed over the weekend.,Phần mềm mới sẽ được cài đặt vào cuối tuần.,,sentence,The new software will be installed over the weekend.,Phần mềm mới sẽ được cài đặt vào cuối tuần.,B1,,LISTENING,TOEIC Announcements,TOEIC Functional Phrase,4,2,,,,"Câu chức năng nên luyện nghe nhận diện, nối âm và shadowing.","toeic,v4,announcement,toeic-announcements",The new software will be installed over the weekend.,YangLingo TOEIC Expansion v4
A safety inspection is scheduled for next Tuesday.,Một buổi kiểm tra an toàn được lên lịch vào thứ Ba tới.,,sentence,A safety inspection is scheduled for next Tuesday.,Một buổi kiểm tra an toàn được lên lịch vào thứ Ba tới.,B1,,LISTENING,TOEIC Announcements,TOEIC Functional Phrase,4,2,,,,"Câu chức năng nên luyện nghe nhận diện, nối âm và shadowing.","toeic,v4,announcement,toeic-announcements",A safety inspection is scheduled for next Tuesday.,YangLingo TOEIC Expansion v4
The annual conference will take place at the downtown hotel.,Hội nghị thường niên sẽ diễn ra tại khách sạn trung tâm thành phố.,,sentence,The annual conference will take place at the downtown hotel.,Hội nghị thường niên sẽ diễn ra tại khách sạn trung tâm thành phố.,B1,,LISTENING,TOEIC Announcements,TOEIC Functional Phrase,4,2,,,,"Câu chức năng nên luyện nghe nhận diện, nối âm và shadowing.","toeic,v4,announcement,toeic-announcements",The annual conference will take place at the downtown hotel.,YangLingo TOEIC Expansion v4
Registration closes thirty minutes before the workshop.,Đăng ký đóng trước buổi workshop ba mươi phút.,,sentence,Registration closes thirty minutes before the workshop.,Đăng ký đóng trước buổi workshop ba mươi phút.,B1,,LISTENING,TOEIC Announcements,TOEIC Functional Phrase,4,2,,,,"Câu chức năng nên luyện nghe nhận diện, nối âm và shadowing.","toeic,v4,announcement,toeic-announcements",Registration closes thirty minutes before the workshop.,YangLingo TOEIC Expansion v4
The keynote speech has been moved to the main hall.,Bài phát biểu chính đã được chuyển sang hội trường chính.,,sentence,The keynote speech has been moved to the main hall.,Bài phát biểu chính đã được chuyển sang hội trường chính.,B1,,LISTENING,TOEIC Announcements,TOEIC Functional Phrase,4,2,,,,"Câu chức năng nên luyện nghe nhận diện, nối âm và shadowing.","toeic,v4,announcement,toeic-announcements",The keynote speech has been moved to the main hall.,YangLingo TOEIC Expansion v4
Complimentary refreshments will be served during the break.,Đồ ăn nhẹ miễn phí sẽ được phục vụ trong giờ giải lao.,,sentence,Complimentary refreshments will be served during the break.,Đồ ăn nhẹ miễn phí sẽ được phục vụ trong giờ giải lao.,B1,,LISTENING,TOEIC Announcements,TOEIC Functional Phrase,4,2,,,,"Câu chức năng nên luyện nghe nhận diện, nối âm và shadowing.","toeic,v4,announcement,toeic-announcements",Complimentary refreshments will be served during the break.,YangLingo TOEIC Expansion v4
The product demonstration starts immediately after lunch.,Buổi trình diễn sản phẩm bắt đầu ngay sau bữa trưa.,,sentence,The product demonstration starts immediately after lunch.,Buổi trình diễn sản phẩm bắt đầu ngay sau bữa trưa.,B1,,LISTENING,TOEIC Announcements,TOEIC Functional Phrase,4,2,,,,"Câu chức năng nên luyện nghe nhận diện, nối âm và shadowing.","toeic,v4,announcement,toeic-announcements",The product demonstration starts immediately after lunch.,YangLingo TOEIC Expansion v4
The warehouse will conduct inventory counts this weekend.,Kho hàng sẽ kiểm kê tồn kho vào cuối tuần này.,,sentence,The warehouse will conduct inventory counts this weekend.,Kho hàng sẽ kiểm kê tồn kho vào cuối tuần này.,B1,,LISTENING,TOEIC Announcements,TOEIC Functional Phrase,4,2,,,,"Câu chức năng nên luyện nghe nhận diện, nối âm và shadowing.","toeic,v4,announcement,toeic-announcements",The warehouse will conduct inventory counts this weekend.,YangLingo TOEIC Expansion v4
Deliveries may be delayed because of severe weather.,Việc giao hàng có thể bị chậm do thời tiết xấu.,,sentence,Deliveries may be delayed because of severe weather.,Việc giao hàng có thể bị chậm do thời tiết xấu.,B1,,LISTENING,TOEIC Announcements,TOEIC Functional Phrase,4,2,,,,"Câu chức năng nên luyện nghe nhận diện, nối âm và shadowing.","toeic,v4,announcement,toeic-announcements",Deliveries may be delayed because of severe weather.,YangLingo TOEIC Expansion v4
Customers can track their orders using the confirmation number.,Khách hàng có thể theo dõi đơn hàng bằng mã xác nhận.,,sentence,Customers can track their orders using the confirmation number.,Khách hàng có thể theo dõi đơn hàng bằng mã xác nhận.,B1,,LISTENING,TOEIC Announcements,TOEIC Functional Phrase,4,2,,,,"Câu chức năng nên luyện nghe nhận diện, nối âm và shadowing.","toeic,v4,announcement,toeic-announcements",Customers can track their orders using the confirmation number.,YangLingo TOEIC Expansion v4
The return policy has been extended to thirty days.,Thời hạn đổi trả đã được kéo dài lên ba mươi ngày.,,sentence,The return policy has been extended to thirty days.,Thời hạn đổi trả đã được kéo dài lên ba mươi ngày.,B1,,LISTENING,TOEIC Announcements,TOEIC Functional Phrase,4,2,,,,"Câu chức năng nên luyện nghe nhận diện, nối âm và shadowing.","toeic,v4,announcement,toeic-announcements",The return policy has been extended to thirty days.,YangLingo TOEIC Expansion v4
A temporary service interruption is expected tonight.,Dự kiến sẽ có gián đoạn dịch vụ tạm thời tối nay.,,sentence,A temporary service interruption is expected tonight.,Dự kiến sẽ có gián đoạn dịch vụ tạm thời tối nay.,B1,,LISTENING,TOEIC Announcements,TOEIC Functional Phrase,4,2,,,,"Câu chức năng nên luyện nghe nhận diện, nối âm và shadowing.","toeic,v4,announcement,toeic-announcements",A temporary service interruption is expected tonight.,YangLingo TOEIC Expansion v4
The finance department has approved the revised budget.,Phòng tài chính đã phê duyệt ngân sách sửa đổi.,,sentence,The finance department has approved the revised budget.,Phòng tài chính đã phê duyệt ngân sách sửa đổi.,B1,,LISTENING,TOEIC Announcements,TOEIC Functional Phrase,4,2,,,,"Câu chức năng nên luyện nghe nhận diện, nối âm và shadowing.","toeic,v4,announcement,toeic-announcements",The finance department has approved the revised budget.,YangLingo TOEIC Expansion v4
All invoices must include a purchase order number.,Tất cả hóa đơn phải có số đơn đặt hàng.,,sentence,All invoices must include a purchase order number.,Tất cả hóa đơn phải có số đơn đặt hàng.,B1,,LISTENING,TOEIC Announcements,TOEIC Functional Phrase,4,2,,,,"Câu chức năng nên luyện nghe nhận diện, nối âm và shadowing.","toeic,v4,announcement,toeic-announcements",All invoices must include a purchase order number.,YangLingo TOEIC Expansion v4
The supplier has agreed to replace the defective units.,Nhà cung cấp đã đồng ý thay thế các sản phẩm lỗi.,,sentence,The supplier has agreed to replace the defective units.,Nhà cung cấp đã đồng ý thay thế các sản phẩm lỗi.,B1,,LISTENING,TOEIC Announcements,TOEIC Functional Phrase,4,2,,,,"Câu chức năng nên luyện nghe nhận diện, nối âm và shadowing.","toeic,v4,announcement,toeic-announcements",The supplier has agreed to replace the defective units.,YangLingo TOEIC Expansion v4
The shipment is expected to arrive before noon.,Lô hàng dự kiến sẽ đến trước buổi trưa.,,sentence,The shipment is expected to arrive before noon.,Lô hàng dự kiến sẽ đến trước buổi trưa.,B1,,LISTENING,TOEIC Announcements,TOEIC Functional Phrase,4,2,,,,"Câu chức năng nên luyện nghe nhận diện, nối âm và shadowing.","toeic,v4,announcement,toeic-announcements",The shipment is expected to arrive before noon.,YangLingo TOEIC Expansion v4
The client requested several changes to the proposal.,Khách hàng đã yêu cầu một số thay đổi đối với đề xuất.,,sentence,The client requested several changes to the proposal.,Khách hàng đã yêu cầu một số thay đổi đối với đề xuất.,B1,,LISTENING,TOEIC Announcements,TOEIC Functional Phrase,4,2,,,,"Câu chức năng nên luyện nghe nhận diện, nối âm và shadowing.","toeic,v4,announcement,toeic-announcements",The client requested several changes to the proposal.,YangLingo TOEIC Expansion v4
The marketing campaign will launch next month.,Chiến dịch marketing sẽ được khởi động vào tháng tới.,,sentence,The marketing campaign will launch next month.,Chiến dịch marketing sẽ được khởi động vào tháng tới.,B1,,LISTENING,TOEIC Announcements,TOEIC Functional Phrase,4,2,,,,"Câu chức năng nên luyện nghe nhận diện, nối âm và shadowing.","toeic,v4,announcement,toeic-announcements",The marketing campaign will launch next month.,YangLingo TOEIC Expansion v4
Sales increased after the new promotion began.,Doanh số đã tăng sau khi chương trình khuyến mãi mới bắt đầu.,,sentence,Sales increased after the new promotion began.,Doanh số đã tăng sau khi chương trình khuyến mãi mới bắt đầu.,B1,,LISTENING,TOEIC Announcements,TOEIC Functional Phrase,4,2,,,,"Câu chức năng nên luyện nghe nhận diện, nối âm và shadowing.","toeic,v4,announcement,toeic-announcements",Sales increased after the new promotion began.,YangLingo TOEIC Expansion v4
The company is seeking applicants with management experience.,Công ty đang tìm ứng viên có kinh nghiệm quản lý.,,sentence,The company is seeking applicants with management experience.,Công ty đang tìm ứng viên có kinh nghiệm quản lý.,B1,,LISTENING,TOEIC Announcements,TOEIC Functional Phrase,4,2,,,,"Câu chức năng nên luyện nghe nhận diện, nối âm và shadowing.","toeic,v4,announcement,toeic-announcements",The company is seeking applicants with management experience.,YangLingo TOEIC Expansion v4
New employees must complete orientation before starting work.,Nhân viên mới phải hoàn thành định hướng trước khi bắt đầu làm việc.,,sentence,New employees must complete orientation before starting work.,Nhân viên mới phải hoàn thành định hướng trước khi bắt đầu làm việc.,B1,,LISTENING,TOEIC Announcements,TOEIC Functional Phrase,4,2,,,,"Câu chức năng nên luyện nghe nhận diện, nối âm và shadowing.","toeic,v4,announcement,toeic-announcements",New employees must complete orientation before starting work.,YangLingo TOEIC Expansion v4
Performance evaluations are conducted twice a year.,Đánh giá hiệu suất được thực hiện hai lần mỗi năm.,,sentence,Performance evaluations are conducted twice a year.,Đánh giá hiệu suất được thực hiện hai lần mỗi năm.,B1,,LISTENING,TOEIC Announcements,TOEIC Functional Phrase,4,2,,,,"Câu chức năng nên luyện nghe nhận diện, nối âm và shadowing.","toeic,v4,announcement,toeic-announcements",Performance evaluations are conducted twice a year.,YangLingo TOEIC Expansion v4
The project deadline has been moved to the end of the quarter.,Hạn chót dự án đã được chuyển đến cuối quý.,,sentence,The project deadline has been moved to the end of the quarter.,Hạn chót dự án đã được chuyển đến cuối quý.,B1,,LISTENING,TOEIC Announcements,TOEIC Functional Phrase,4,2,,,,"Câu chức năng nên luyện nghe nhận diện, nối âm và shadowing.","toeic,v4,announcement,toeic-announcements",The project deadline has been moved to the end of the quarter.,YangLingo TOEIC Expansion v4
The team will provide a progress update at the next meeting.,Nhóm sẽ cung cấp cập nhật tiến độ tại cuộc họp tiếp theo.,,sentence,The team will provide a progress update at the next meeting.,Nhóm sẽ cung cấp cập nhật tiến độ tại cuộc họp tiếp theo.,B1,,LISTENING,TOEIC Announcements,TOEIC Functional Phrase,4,2,,,,"Câu chức năng nên luyện nghe nhận diện, nối âm và shadowing.","toeic,v4,announcement,toeic-announcements",The team will provide a progress update at the next meeting.,YangLingo TOEIC Expansion v4
Please review the draft before it is sent to the client.,Vui lòng xem lại bản nháp trước khi gửi cho khách hàng.,,sentence,Please review the draft before it is sent to the client.,Vui lòng xem lại bản nháp trước khi gửi cho khách hàng.,B1,,LISTENING,TOEIC Announcements,TOEIC Functional Phrase,4,2,,,,"Câu chức năng nên luyện nghe nhận diện, nối âm và shadowing.","toeic,v4,announcement,toeic-announcements",Please review the draft before it is sent to the client.,YangLingo TOEIC Expansion v4
The contract will automatically renew unless it is canceled.,Hợp đồng sẽ tự động gia hạn trừ khi bị hủy.,,sentence,The contract will automatically renew unless it is canceled.,Hợp đồng sẽ tự động gia hạn trừ khi bị hủy.,B1,,LISTENING,TOEIC Announcements,TOEIC Functional Phrase,4,2,,,,"Câu chức năng nên luyện nghe nhận diện, nối âm và shadowing.","toeic,v4,announcement,toeic-announcements",The contract will automatically renew unless it is canceled.,YangLingo TOEIC Expansion v4
The lease expires at the end of September.,Hợp đồng thuê hết hạn vào cuối tháng Chín.,,sentence,The lease expires at the end of September.,Hợp đồng thuê hết hạn vào cuối tháng Chín.,B1,,LISTENING,TOEIC Announcements,TOEIC Functional Phrase,4,2,,,,"Câu chức năng nên luyện nghe nhận diện, nối âm và shadowing.","toeic,v4,announcement,toeic-announcements",The lease expires at the end of September.,YangLingo TOEIC Expansion v4
The technician identified the cause of the network outage.,Kỹ thuật viên đã xác định nguyên nhân của sự cố mạng.,,sentence,The technician identified the cause of the network outage.,Kỹ thuật viên đã xác định nguyên nhân của sự cố mạng.,B1,,LISTENING,TOEIC Announcements,TOEIC Functional Phrase,4,2,,,,"Câu chức năng nên luyện nghe nhận diện, nối âm và shadowing.","toeic,v4,announcement,toeic-announcements",The technician identified the cause of the network outage.,YangLingo TOEIC Expansion v4
Please back up your files before installing the update.,Vui lòng sao lưu tệp trước khi cài đặt bản cập nhật.,,sentence,Please back up your files before installing the update.,Vui lòng sao lưu tệp trước khi cài đặt bản cập nhật.,B1,,LISTENING,TOEIC Announcements,TOEIC Functional Phrase,4,2,,,,"Câu chức năng nên luyện nghe nhận diện, nối âm và shadowing.","toeic,v4,announcement,toeic-announcements",Please back up your files before installing the update.,YangLingo TOEIC Expansion v4
The help desk is available twenty-four hours a day.,Bộ phận hỗ trợ hoạt động hai mươi bốn giờ mỗi ngày.,,sentence,The help desk is available twenty-four hours a day.,Bộ phận hỗ trợ hoạt động hai mươi bốn giờ mỗi ngày.,B1,,LISTENING,TOEIC Announcements,TOEIC Functional Phrase,4,2,,,,"Câu chức năng nên luyện nghe nhận diện, nối âm và shadowing.","toeic,v4,announcement,toeic-announcements",The help desk is available twenty-four hours a day.,YangLingo TOEIC Expansion v4
The factory has increased production capacity this year.,Nhà máy đã tăng công suất sản xuất trong năm nay.,,sentence,The factory has increased production capacity this year.,Nhà máy đã tăng công suất sản xuất trong năm nay.,B1,,LISTENING,TOEIC Announcements,TOEIC Functional Phrase,4,2,,,,"Câu chức năng nên luyện nghe nhận diện, nối âm và shadowing.","toeic,v4,announcement,toeic-announcements",The factory has increased production capacity this year.,YangLingo TOEIC Expansion v4
All products must pass a quality inspection before shipping.,Tất cả sản phẩm phải qua kiểm tra chất lượng trước khi vận chuyển.,,sentence,All products must pass a quality inspection before shipping.,Tất cả sản phẩm phải qua kiểm tra chất lượng trước khi vận chuyển.,B1,,LISTENING,TOEIC Announcements,TOEIC Functional Phrase,4,2,,,,"Câu chức năng nên luyện nghe nhận diện, nối âm và shadowing.","toeic,v4,announcement,toeic-announcements",All products must pass a quality inspection before shipping.,YangLingo TOEIC Expansion v4
Would you like me to reserve a meeting room?,Bạn có muốn tôi đặt phòng họp không?,,sentence,Would you like me to reserve a meeting room?,Bạn có muốn tôi đặt phòng họp không?,B1,,LISTENING,TOEIC Question Response,TOEIC Functional Phrase,2,2,,,,"Câu chức năng nên luyện nghe nhận diện, nối âm và shadowing.","toeic,v4,functional-phrase,toeic-question-response",Would you like me to reserve a meeting room?,YangLingo TOEIC Expansion v4
Why do we need to reserve a meeting room?,Tại sao chúng ta cần đặt phòng họp?,,sentence,Why do we need to reserve a meeting room?,Tại sao chúng ta cần đặt phòng họp?,B1,,LISTENING,TOEIC Question Response,TOEIC Functional Phrase,2,2,,,,"Câu chức năng nên luyện nghe nhận diện, nối âm và shadowing.","toeic,v4,functional-phrase,toeic-question-response",Why do we need to reserve a meeting room?,YangLingo TOEIC Expansion v4
Would you like me to contact the vendor?,Bạn có muốn tôi liên hệ nhà cung cấp không?,,sentence,Would you like me to contact the vendor?,Bạn có muốn tôi liên hệ nhà cung cấp không?,B1,,LISTENING,TOEIC Question Response,TOEIC Functional Phrase,2,2,,,,"Câu chức năng nên luyện nghe nhận diện, nối âm và shadowing.","toeic,v4,functional-phrase,toeic-question-response",Would you like me to contact the vendor?,YangLingo TOEIC Expansion v4
Why do we need to contact the vendor?,Tại sao chúng ta cần liên hệ nhà cung cấp?,,sentence,Why do we need to contact the vendor?,Tại sao chúng ta cần liên hệ nhà cung cấp?,B1,,LISTENING,TOEIC Question Response,TOEIC Functional Phrase,2,2,,,,"Câu chức năng nên luyện nghe nhận diện, nối âm và shadowing.","toeic,v4,functional-phrase,toeic-question-response",Why do we need to contact the vendor?,YangLingo TOEIC Expansion v4
Would you like me to print another copy?,Bạn có muốn tôi in thêm một bản không?,,sentence,Would you like me to print another copy?,Bạn có muốn tôi in thêm một bản không?,B1,,LISTENING,TOEIC Question Response,TOEIC Functional Phrase,2,2,,,,"Câu chức năng nên luyện nghe nhận diện, nối âm và shadowing.","toeic,v4,functional-phrase,toeic-question-response",Would you like me to print another copy?,YangLingo TOEIC Expansion v4
Why do we need to print another copy?,Tại sao chúng ta cần in thêm một bản?,,sentence,Why do we need to print another copy?,Tại sao chúng ta cần in thêm một bản?,B1,,LISTENING,TOEIC Question Response,TOEIC Functional Phrase,2,2,,,,"Câu chức năng nên luyện nghe nhận diện, nối âm và shadowing.","toeic,v4,functional-phrase,toeic-question-response",Why do we need to print another copy?,YangLingo TOEIC Expansion v4
Would you like me to send a reminder?,Bạn có muốn tôi gửi lời nhắc không?,,sentence,Would you like me to send a reminder?,Bạn có muốn tôi gửi lời nhắc không?,B1,,LISTENING,TOEIC Question Response,TOEIC Functional Phrase,2,2,,,,"Câu chức năng nên luyện nghe nhận diện, nối âm và shadowing.","toeic,v4,functional-phrase,toeic-question-response",Would you like me to send a reminder?,YangLingo TOEIC Expansion v4
Why do we need to send a reminder?,Tại sao chúng ta cần gửi lời nhắc?,,sentence,Why do we need to send a reminder?,Tại sao chúng ta cần gửi lời nhắc?,B1,,LISTENING,TOEIC Question Response,TOEIC Functional Phrase,2,2,,,,"Câu chức năng nên luyện nghe nhận diện, nối âm và shadowing.","toeic,v4,functional-phrase,toeic-question-response",Why do we need to send a reminder?,YangLingo TOEIC Expansion v4
Would you like me to check the delivery status?,Bạn có muốn tôi kiểm tra tình trạng giao hàng không?,,sentence,Would you like me to check the delivery status?,Bạn có muốn tôi kiểm tra tình trạng giao hàng không?,B1,,LISTENING,TOEIC Question Response,TOEIC Functional Phrase,2,2,,,,"Câu chức năng nên luyện nghe nhận diện, nối âm và shadowing.","toeic,v4,functional-phrase,toeic-question-response",Would you like me to check the delivery status?,YangLingo TOEIC Expansion v4
Why do we need to check the delivery status?,Tại sao chúng ta cần kiểm tra tình trạng giao hàng?,,sentence,Why do we need to check the delivery status?,Tại sao chúng ta cần kiểm tra tình trạng giao hàng?,B1,,LISTENING,TOEIC Question Response,TOEIC Functional Phrase,2,2,,,,"Câu chức năng nên luyện nghe nhận diện, nối âm và shadowing.","toeic,v4,functional-phrase,toeic-question-response",Why do we need to check the delivery status?,YangLingo TOEIC Expansion v4
Would you like me to update the client?,Bạn có muốn tôi cập nhật cho khách hàng không?,,sentence,Would you like me to update the client?,Bạn có muốn tôi cập nhật cho khách hàng không?,B1,,LISTENING,TOEIC Question Response,TOEIC Functional Phrase,2,2,,,,"Câu chức năng nên luyện nghe nhận diện, nối âm và shadowing.","toeic,v4,functional-phrase,toeic-question-response",Would you like me to update the client?,YangLingo TOEIC Expansion v4
Why do we need to update the client?,Tại sao chúng ta cần cập nhật cho khách hàng?,,sentence,Why do we need to update the client?,Tại sao chúng ta cần cập nhật cho khách hàng?,B1,,LISTENING,TOEIC Question Response,TOEIC Functional Phrase,2,2,,,,"Câu chức năng nên luyện nghe nhận diện, nối âm và shadowing.","toeic,v4,functional-phrase,toeic-question-response",Why do we need to update the client?,YangLingo TOEIC Expansion v4
Would you like me to prepare the agenda?,Bạn có muốn tôi chuẩn bị chương trình họp không?,,sentence,Would you like me to prepare the agenda?,Bạn có muốn tôi chuẩn bị chương trình họp không?,B1,,LISTENING,TOEIC Question Response,TOEIC Functional Phrase,2,2,,,,"Câu chức năng nên luyện nghe nhận diện, nối âm và shadowing.","toeic,v4,functional-phrase,toeic-question-response",Would you like me to prepare the agenda?,YangLingo TOEIC Expansion v4
Why do we need to prepare the agenda?,Tại sao chúng ta cần chuẩn bị chương trình họp?,,sentence,Why do we need to prepare the agenda?,Tại sao chúng ta cần chuẩn bị chương trình họp?,B1,,LISTENING,TOEIC Question Response,TOEIC Functional Phrase,2,2,,,,"Câu chức năng nên luyện nghe nhận diện, nối âm và shadowing.","toeic,v4,functional-phrase,toeic-question-response",Why do we need to prepare the agenda?,YangLingo TOEIC Expansion v4
Would you like me to review the contract?,Bạn có muốn tôi xem lại hợp đồng không?,,sentence,Would you like me to review the contract?,Bạn có muốn tôi xem lại hợp đồng không?,B1,,LISTENING,TOEIC Question Response,TOEIC Functional Phrase,2,2,,,,"Câu chức năng nên luyện nghe nhận diện, nối âm và shadowing.","toeic,v4,functional-phrase,toeic-question-response",Would you like me to review the contract?,YangLingo TOEIC Expansion v4
Why do we need to review the contract?,Tại sao chúng ta cần xem lại hợp đồng?,,sentence,Why do we need to review the contract?,Tại sao chúng ta cần xem lại hợp đồng?,B1,,LISTENING,TOEIC Question Response,TOEIC Functional Phrase,2,2,,,,"Câu chức năng nên luyện nghe nhận diện, nối âm và shadowing.","toeic,v4,functional-phrase,toeic-question-response",Why do we need to review the contract?,YangLingo TOEIC Expansion v4
Would you like me to book a later flight?,Bạn có muốn tôi đặt chuyến bay muộn hơn không?,,sentence,Would you like me to book a later flight?,Bạn có muốn tôi đặt chuyến bay muộn hơn không?,B1,,LISTENING,TOEIC Question Response,TOEIC Functional Phrase,2,2,,,,"Câu chức năng nên luyện nghe nhận diện, nối âm và shadowing.","toeic,v4,functional-phrase,toeic-question-response",Would you like me to book a later flight?,YangLingo TOEIC Expansion v4
Why do we need to book a later flight?,Tại sao chúng ta cần đặt chuyến bay muộn hơn?,,sentence,Why do we need to book a later flight?,Tại sao chúng ta cần đặt chuyến bay muộn hơn?,B1,,LISTENING,TOEIC Question Response,TOEIC Functional Phrase,2,2,,,,"Câu chức năng nên luyện nghe nhận diện, nối âm và shadowing.","toeic,v4,functional-phrase,toeic-question-response",Why do we need to book a later flight?,YangLingo TOEIC Expansion v4
Would you like me to call technical support?,Bạn có muốn tôi gọi bộ phận hỗ trợ kỹ thuật không?,,sentence,Would you like me to call technical support?,Bạn có muốn tôi gọi bộ phận hỗ trợ kỹ thuật không?,B1,,LISTENING,TOEIC Question Response,TOEIC Functional Phrase,2,2,,,,"Câu chức năng nên luyện nghe nhận diện, nối âm và shadowing.","toeic,v4,functional-phrase,toeic-question-response",Would you like me to call technical support?,YangLingo TOEIC Expansion v4
Why do we need to call technical support?,Tại sao chúng ta cần gọi bộ phận hỗ trợ kỹ thuật?,,sentence,Why do we need to call technical support?,Tại sao chúng ta cần gọi bộ phận hỗ trợ kỹ thuật?,B1,,LISTENING,TOEIC Question Response,TOEIC Functional Phrase,2,2,,,,"Câu chức năng nên luyện nghe nhận diện, nối âm và shadowing.","toeic,v4,functional-phrase,toeic-question-response",Why do we need to call technical support?,YangLingo TOEIC Expansion v4
Would you like me to order more supplies?,Bạn có muốn tôi đặt thêm vật tư không?,,sentence,Would you like me to order more supplies?,Bạn có muốn tôi đặt thêm vật tư không?,B1,,LISTENING,TOEIC Question Response,TOEIC Functional Phrase,2,2,,,,"Câu chức năng nên luyện nghe nhận diện, nối âm và shadowing.","toeic,v4,functional-phrase,toeic-question-response",Would you like me to order more supplies?,YangLingo TOEIC Expansion v4
Why do we need to order more supplies?,Tại sao chúng ta cần đặt thêm vật tư?,,sentence,Why do we need to order more supplies?,Tại sao chúng ta cần đặt thêm vật tư?,B1,,LISTENING,TOEIC Question Response,TOEIC Functional Phrase,2,2,,,,"Câu chức năng nên luyện nghe nhận diện, nối âm và shadowing.","toeic,v4,functional-phrase,toeic-question-response",Why do we need to order more supplies?,YangLingo TOEIC Expansion v4
Would you like me to schedule a repair?,Bạn có muốn tôi lên lịch sửa chữa không?,,sentence,Would you like me to schedule a repair?,Bạn có muốn tôi lên lịch sửa chữa không?,B1,,LISTENING,TOEIC Question Response,TOEIC Functional Phrase,2,2,,,,"Câu chức năng nên luyện nghe nhận diện, nối âm và shadowing.","toeic,v4,functional-phrase,toeic-question-response",Would you like me to schedule a repair?,YangLingo TOEIC Expansion v4
Why do we need to schedule a repair?,Tại sao chúng ta cần lên lịch sửa chữa?,,sentence,Why do we need to schedule a repair?,Tại sao chúng ta cần lên lịch sửa chữa?,B1,,LISTENING,TOEIC Question Response,TOEIC Functional Phrase,2,2,,,,"Câu chức năng nên luyện nghe nhận diện, nối âm và shadowing.","toeic,v4,functional-phrase,toeic-question-response",Why do we need to schedule a repair?,YangLingo TOEIC Expansion v4
Would you like me to confirm the appointment?,Bạn có muốn tôi xác nhận cuộc hẹn không?,,sentence,Would you like me to confirm the appointment?,Bạn có muốn tôi xác nhận cuộc hẹn không?,B1,,LISTENING,TOEIC Question Response,TOEIC Functional Phrase,2,2,,,,"Câu chức năng nên luyện nghe nhận diện, nối âm và shadowing.","toeic,v4,functional-phrase,toeic-question-response",Would you like me to confirm the appointment?,YangLingo TOEIC Expansion v4
Why do we need to confirm the appointment?,Tại sao chúng ta cần xác nhận cuộc hẹn?,,sentence,Why do we need to confirm the appointment?,Tại sao chúng ta cần xác nhận cuộc hẹn?,B1,,LISTENING,TOEIC Question Response,TOEIC Functional Phrase,2,2,,,,"Câu chức năng nên luyện nghe nhận diện, nối âm và shadowing.","toeic,v4,functional-phrase,toeic-question-response",Why do we need to confirm the appointment?,YangLingo TOEIC Expansion v4
Would you like me to forward the message?,Bạn có muốn tôi chuyển tiếp lời nhắn không?,,sentence,Would you like me to forward the message?,Bạn có muốn tôi chuyển tiếp lời nhắn không?,B1,,LISTENING,TOEIC Question Response,TOEIC Functional Phrase,2,2,,,,"Câu chức năng nên luyện nghe nhận diện, nối âm và shadowing.","toeic,v4,functional-phrase,toeic-question-response",Would you like me to forward the message?,YangLingo TOEIC Expansion v4
Why do we need to forward the message?,Tại sao chúng ta cần chuyển tiếp lời nhắn?,,sentence,Why do we need to forward the message?,Tại sao chúng ta cần chuyển tiếp lời nhắn?,B1,,LISTENING,TOEIC Question Response,TOEIC Functional Phrase,2,2,,,,"Câu chức năng nên luyện nghe nhận diện, nối âm và shadowing.","toeic,v4,functional-phrase,toeic-question-response",Why do we need to forward the message?,YangLingo TOEIC Expansion v4
Would you like me to arrange transportation?,Bạn có muốn tôi sắp xếp phương tiện đi lại không?,,sentence,Would you like me to arrange transportation?,Bạn có muốn tôi sắp xếp phương tiện đi lại không?,B1,,LISTENING,TOEIC Question Response,TOEIC Functional Phrase,2,2,,,,"Câu chức năng nên luyện nghe nhận diện, nối âm và shadowing.","toeic,v4,functional-phrase,toeic-question-response",Would you like me to arrange transportation?,YangLingo TOEIC Expansion v4
Why do we need to arrange transportation?,Tại sao chúng ta cần sắp xếp phương tiện đi lại?,,sentence,Why do we need to arrange transportation?,Tại sao chúng ta cần sắp xếp phương tiện đi lại?,B1,,LISTENING,TOEIC Question Response,TOEIC Functional Phrase,2,2,,,,"Câu chức năng nên luyện nghe nhận diện, nối âm và shadowing.","toeic,v4,functional-phrase,toeic-question-response",Why do we need to arrange transportation?,YangLingo TOEIC Expansion v4
Would you like me to request a quotation?,Bạn có muốn tôi yêu cầu báo giá không?,,sentence,Would you like me to request a quotation?,Bạn có muốn tôi yêu cầu báo giá không?,B1,,LISTENING,TOEIC Question Response,TOEIC Functional Phrase,2,2,,,,"Câu chức năng nên luyện nghe nhận diện, nối âm và shadowing.","toeic,v4,functional-phrase,toeic-question-response",Would you like me to request a quotation?,YangLingo TOEIC Expansion v4
Why do we need to request a quotation?,Tại sao chúng ta cần yêu cầu báo giá?,,sentence,Why do we need to request a quotation?,Tại sao chúng ta cần yêu cầu báo giá?,B1,,LISTENING,TOEIC Question Response,TOEIC Functional Phrase,2,2,,,,"Câu chức năng nên luyện nghe nhận diện, nối âm và shadowing.","toeic,v4,functional-phrase,toeic-question-response",Why do we need to request a quotation?,YangLingo TOEIC Expansion v4
Would you like me to submit the application?,Bạn có muốn tôi nộp đơn ứng tuyển không?,,sentence,Would you like me to submit the application?,Bạn có muốn tôi nộp đơn ứng tuyển không?,B1,,LISTENING,TOEIC Question Response,TOEIC Functional Phrase,2,2,,,,"Câu chức năng nên luyện nghe nhận diện, nối âm và shadowing.","toeic,v4,functional-phrase,toeic-question-response",Would you like me to submit the application?,YangLingo TOEIC Expansion v4
Why do we need to submit the application?,Tại sao chúng ta cần nộp đơn ứng tuyển?,,sentence,Why do we need to submit the application?,Tại sao chúng ta cần nộp đơn ứng tuyển?,B1,,LISTENING,TOEIC Question Response,TOEIC Functional Phrase,2,2,,,,"Câu chức năng nên luyện nghe nhận diện, nối âm và shadowing.","toeic,v4,functional-phrase,toeic-question-response",Why do we need to submit the application?,YangLingo TOEIC Expansion v4
Would you like me to check the budget?,Bạn có muốn tôi kiểm tra ngân sách không?,,sentence,Would you like me to check the budget?,Bạn có muốn tôi kiểm tra ngân sách không?,B1,,LISTENING,TOEIC Question Response,TOEIC Functional Phrase,2,2,,,,"Câu chức năng nên luyện nghe nhận diện, nối âm và shadowing.","toeic,v4,functional-phrase,toeic-question-response",Would you like me to check the budget?,YangLingo TOEIC Expansion v4
Why do we need to check the budget?,Tại sao chúng ta cần kiểm tra ngân sách?,,sentence,Why do we need to check the budget?,Tại sao chúng ta cần kiểm tra ngân sách?,B1,,LISTENING,TOEIC Question Response,TOEIC Functional Phrase,2,2,,,,"Câu chức năng nên luyện nghe nhận diện, nối âm và shadowing.","toeic,v4,functional-phrase,toeic-question-response",Why do we need to check the budget?,YangLingo TOEIC Expansion v4
Would you like me to reserve a table?,Bạn có muốn tôi đặt bàn không?,,sentence,Would you like me to reserve a table?,Bạn có muốn tôi đặt bàn không?,B1,,LISTENING,TOEIC Question Response,TOEIC Functional Phrase,2,2,,,,"Câu chức năng nên luyện nghe nhận diện, nối âm và shadowing.","toeic,v4,functional-phrase,toeic-question-response",Would you like me to reserve a table?,YangLingo TOEIC Expansion v4
Why do we need to reserve a table?,Tại sao chúng ta cần đặt bàn?,,sentence,Why do we need to reserve a table?,Tại sao chúng ta cần đặt bàn?,B1,,LISTENING,TOEIC Question Response,TOEIC Functional Phrase,2,2,,,,"Câu chức năng nên luyện nghe nhận diện, nối âm và shadowing.","toeic,v4,functional-phrase,toeic-question-response",Why do we need to reserve a table?,YangLingo TOEIC Expansion v4
Would you like me to extend the deadline?,Bạn có muốn tôi gia hạn thời hạn không?,,sentence,Would you like me to extend the deadline?,Bạn có muốn tôi gia hạn thời hạn không?,B1,,LISTENING,TOEIC Question Response,TOEIC Functional Phrase,2,2,,,,"Câu chức năng nên luyện nghe nhận diện, nối âm và shadowing.","toeic,v4,functional-phrase,toeic-question-response",Would you like me to extend the deadline?,YangLingo TOEIC Expansion v4
Why do we need to extend the deadline?,Tại sao chúng ta cần gia hạn thời hạn?,,sentence,Why do we need to extend the deadline?,Tại sao chúng ta cần gia hạn thời hạn?,B1,,LISTENING,TOEIC Question Response,TOEIC Functional Phrase,2,2,,,,"Câu chức năng nên luyện nghe nhận diện, nối âm và shadowing.","toeic,v4,functional-phrase,toeic-question-response",Why do we need to extend the deadline?,YangLingo TOEIC Expansion v4
