external_key,item_type,term,meaning_vi,definition_en,example_en,example_vi,topic,level,metadata_json,content_hash
base-0001,VOCABULARY,agenda,chương trình nghị sự,,The manager reviewed the agenda before the meeting.,Người quản lý đã xem lại chương trình nghị sự trước cuộc họp.,Office Administration,B1,"{""part_of_speech"": ""noun"", ""subtopic"": ""TOEIC Workplace"", ""toeic_part"": ""5"", ""difficulty"": ""2"", ""explanation"": ""Từ vựng trọng tâm theo ngữ cảnh TOEIC; học cùng ví dụ, word family và collocation."", ""tags"": ""toeic,v4,office-administration,workplace"", ""audio_text"": ""The manager reviewed the agenda before the meeting."", ""source"": ""YangLingo TOEIC Expansion v4""}",1d0970b69e57383c6c51ca1f6e3e8a0944a81cec
base-0002,VOCABULARY,appointment,cuộc hẹn,,The manager reviewed the appointment before the meeting.,Người quản lý đã xem lại cuộc hẹn trước cuộc họp.,Office Administration,B1,"{""part_of_speech"": ""noun"", ""subtopic"": ""TOEIC Workplace"", ""toeic_part"": ""5"", ""difficulty"": ""2"", ""collocations"": ""confirm an appointment; make an appointment"", ""explanation"": ""Từ vựng trọng tâm theo ngữ cảnh TOEIC; học cùng ví dụ, word family và collocation."", ""tags"": ""toeic,v4,office-administration,workplace"", ""audio_text"": ""The manager reviewed the appointment before the meeting."", ""source"": ""YangLingo TOEIC Expansion v4""}",2cc311b81424ee4b3845bef20e9733c212e9cb9a
base-0003,VOCABULARY,attachment,tệp đính kèm,,The manager reviewed the attachment before the meeting.,Người quản lý đã xem lại tệp đính kèm trước cuộc họp.,Office Administration,B1,"{""part_of_speech"": ""noun"", ""subtopic"": ""TOEIC Workplace"", ""toeic_part"": ""5"", ""difficulty"": ""2"", ""collocations"": ""download an attachment"", ""explanation"": ""Từ vựng trọng tâm theo ngữ cảnh TOEIC; học cùng ví dụ, word family và collocation."", ""tags"": ""toeic,v4,office-administration,workplace"", ""audio_text"": ""The manager reviewed the attachment before the meeting."", ""source"": ""YangLingo TOEIC Expansion v4""}",69074ed4aa92e20f7e7735985989fe346b9d3d26
base-0004,VOCABULARY,authorization,"sự cho phép, ủy quyền",,The manager reviewed the authorization before the meeting.,"Người quản lý đã xem lại sự cho phép, ủy quyền trước cuộc họp.",Office Administration,B1,"{""part_of_speech"": ""noun"", ""subtopic"": ""TOEIC Workplace"", ""toeic_part"": ""5"", ""difficulty"": ""2"", ""collocations"": ""obtain authorization"", ""word_family"": ""authorize (v) → authorization (n)"", ""explanation"": ""Từ vựng trọng tâm theo ngữ cảnh TOEIC; học cùng ví dụ, word family và collocation."", ""tags"": ""toeic,v4,office-administration,workplace"", ""audio_text"": ""The manager reviewed the authorization before the meeting."", ""source"": ""YangLingo TOEIC Expansion v4""}",be56f1832d24bbb347679de08f5b860e98862483
base-0005,VOCABULARY,briefing,buổi phổ biến thông tin ngắn,,The manager reviewed the briefing before the meeting.,Người quản lý đã xem lại buổi phổ biến thông tin ngắn trước cuộc họp.,Office Administration,B1,"{""part_of_speech"": ""noun"", ""subtopic"": ""TOEIC Workplace"", ""toeic_part"": ""5"", ""difficulty"": ""2"", ""explanation"": ""Từ vựng trọng tâm theo ngữ cảnh TOEIC; học cùng ví dụ, word family và collocation."", ""tags"": ""toeic,v4,office-administration,workplace"", ""audio_text"": ""The manager reviewed the briefing before the meeting."", ""source"": ""YangLingo TOEIC Expansion v4""}",f26c41d0c8e84403fbc6eb15fd7bea86ffd2c95c
base-0006,VOCABULARY,clerical,thuộc công việc văn phòng hành chính,,She has several years of clerical experience.,Cô ấy có vài năm kinh nghiệm làm công việc hành chính văn phòng.,Office Administration,B1,"{""part_of_speech"": ""adjective"", ""subtopic"": ""TOEIC Workplace"", ""toeic_part"": ""5"", ""difficulty"": ""2"", ""explanation"": ""Từ vựng trọng tâm theo ngữ cảnh TOEIC; học cùng ví dụ, word family và collocation."", ""tags"": ""toeic,v4,office-administration,workplace"", ""audio_text"": ""She has several years of clerical experience."", ""source"": ""YangLingo TOEIC Expansion v4""}",e1d2f10ca114ead9225f6f33fbf65d5075ac5c16
base-0007,VOCABULARY,correspondence,"thư từ, trao đổi bằng văn bản",,The manager reviewed the correspondence before the meeting.,"Người quản lý đã xem lại thư từ, trao đổi bằng văn bản trước cuộc họp.",Office Administration,B1,"{""part_of_speech"": ""noun"", ""subtopic"": ""TOEIC Workplace"", ""toeic_part"": ""5"", ""difficulty"": ""2"", ""explanation"": ""Từ vựng trọng tâm theo ngữ cảnh TOEIC; học cùng ví dụ, word family và collocation."", ""tags"": ""toeic,v4,office-administration,workplace"", ""audio_text"": ""The manager reviewed the correspondence before the meeting."", ""source"": ""YangLingo TOEIC Expansion v4""}",0337aaf94dbb4382d3beb59bed2118e853dc26ce
base-0008,VOCABULARY,deadline,hạn chót,,The manager reviewed the deadline before the meeting.,Người quản lý đã xem lại hạn chót trước cuộc họp.,Office Administration,B1,"{""part_of_speech"": ""noun"", ""subtopic"": ""TOEIC Workplace"", ""toeic_part"": ""5"", ""difficulty"": ""2"", ""collocations"": ""meet a deadline; miss a deadline; set a deadline"", ""explanation"": ""Từ vựng trọng tâm theo ngữ cảnh TOEIC; học cùng ví dụ, word family và collocation."", ""tags"": ""toeic,v4,office-administration,workplace"", ""audio_text"": ""The manager reviewed the deadline before the meeting."", ""source"": ""YangLingo TOEIC Expansion v4""}",050fe65aa59a63378cc136a6b1ea87d4c8d76bcf
base-0009,VOCABULARY,filing cabinet,tủ hồ sơ,,The manager reviewed the filing cabinet before the meeting.,Người quản lý đã xem lại tủ hồ sơ trước cuộc họp.,Office Administration,B1,"{""part_of_speech"": ""noun"", ""subtopic"": ""TOEIC Workplace"", ""toeic_part"": ""5"", ""difficulty"": ""2"", ""explanation"": ""Từ vựng trọng tâm theo ngữ cảnh TOEIC; học cùng ví dụ, word family và collocation."", ""tags"": ""toeic,v4,office-administration,workplace"", ""audio_text"": ""The manager reviewed the filing cabinet before the meeting."", ""source"": ""YangLingo TOEIC Expansion v4""}",4fcf8fd0cd0cd25e430747f30a5d41860b93bcfb
base-0010,VOCABULARY,memorandum,bản ghi nhớ,,The manager reviewed the memorandum before the meeting.,Người quản lý đã xem lại bản ghi nhớ trước cuộc họp.,Office Administration,B1,"{""part_of_speech"": ""noun"", ""subtopic"": ""TOEIC Workplace"", ""toeic_part"": ""5"", ""difficulty"": ""2"", ""explanation"": ""Từ vựng trọng tâm theo ngữ cảnh TOEIC; học cùng ví dụ, word family và collocation."", ""tags"": ""toeic,v4,office-administration,workplace"", ""audio_text"": ""The manager reviewed the memorandum before the meeting."", ""source"": ""YangLingo TOEIC Expansion v4""}",97dcd9142375486b5afeb42a430fecd047bd329a
base-0011,VOCABULARY,minutes,biên bản cuộc họp,,The manager reviewed the minutes before the meeting.,Người quản lý đã xem lại biên bản cuộc họp trước cuộc họp.,Office Administration,B1,"{""part_of_speech"": ""noun"", ""subtopic"": ""TOEIC Workplace"", ""toeic_part"": ""5"", ""difficulty"": ""2"", ""collocations"": ""review the minutes"", ""explanation"": ""Từ vựng trọng tâm theo ngữ cảnh TOEIC; học cùng ví dụ, word family và collocation."", ""tags"": ""toeic,v4,office-administration,workplace"", ""audio_text"": ""The manager reviewed the minutes before the meeting."", ""source"": ""YangLingo TOEIC Expansion v4""}",17dea5eba2f4f97cd57c0941806d3591acf192a9
base-0012,VOCABULARY,notification,thông báo,,The manager reviewed the notification before the meeting.,Người quản lý đã xem lại thông báo trước cuộc họp.,Office Administration,B1,"{""part_of_speech"": ""noun"", ""subtopic"": ""TOEIC Workplace"", ""toeic_part"": ""5"", ""difficulty"": ""2"", ""word_family"": ""notify (v) → notification (n)"", ""explanation"": ""Từ vựng trọng tâm theo ngữ cảnh TOEIC; học cùng ví dụ, word family và collocation."", ""tags"": ""toeic,v4,office-administration,workplace"", ""audio_text"": ""The manager reviewed the notification before the meeting."", ""source"": ""YangLingo TOEIC Expansion v4""}",223825b6d4743417e0ea1189d292c05e4c311570
base-0013,VOCABULARY,photocopier,máy photocopy,,The manager reviewed the photocopier before the meeting.,Người quản lý đã xem lại máy photocopy trước cuộc họp.,Office Administration,B1,"{""part_of_speech"": ""noun"", ""subtopic"": ""TOEIC Workplace"", ""toeic_part"": ""5"", ""difficulty"": ""2"", ""explanation"": ""Từ vựng trọng tâm theo ngữ cảnh TOEIC; học cùng ví dụ, word family và collocation."", ""tags"": ""toeic,v4,office-administration,workplace"", ""audio_text"": ""The manager reviewed the photocopier before the meeting."", ""source"": ""YangLingo TOEIC Expansion v4""}",40663d8bd00d3d76b73eecf7563004f0f16b306a
base-0014,VOCABULARY,printout,bản in,,The manager reviewed the printout before the meeting.,Người quản lý đã xem lại bản in trước cuộc họp.,Office Administration,B1,"{""part_of_speech"": ""noun"", ""subtopic"": ""TOEIC Workplace"", ""toeic_part"": ""5"", ""difficulty"": ""2"", ""explanation"": ""Từ vựng trọng tâm theo ngữ cảnh TOEIC; học cùng ví dụ, word family và collocation."", ""tags"": ""toeic,v4,office-administration,workplace"", ""audio_text"": ""The manager reviewed the printout before the meeting."", ""source"": ""YangLingo TOEIC Expansion v4""}",8b0e4f053fd405ced4fccc491f9b5bd14f8ed1ef
base-0015,VOCABULARY,receptionist,nhân viên lễ tân,,The manager reviewed the receptionist before the meeting.,Người quản lý đã xem lại nhân viên lễ tân trước cuộc họp.,Office Administration,B1,"{""part_of_speech"": ""noun"", ""subtopic"": ""TOEIC Workplace"", ""toeic_part"": ""5"", ""difficulty"": ""2"", ""explanation"": ""Từ vựng trọng tâm theo ngữ cảnh TOEIC; học cùng ví dụ, word family và collocation."", ""tags"": ""toeic,v4,office-administration,workplace"", ""audio_text"": ""The manager reviewed the receptionist before the meeting."", ""source"": ""YangLingo TOEIC Expansion v4""}",4a3c4371f275b223ce7b8c06f34ab79fd371e101
base-0016,VOCABULARY,stationery,văn phòng phẩm,,The manager reviewed the stationery before the meeting.,Người quản lý đã xem lại văn phòng phẩm trước cuộc họp.,Office Administration,B1,"{""part_of_speech"": ""noun"", ""subtopic"": ""TOEIC Workplace"", ""toeic_part"": ""5"", ""difficulty"": ""2"", ""explanation"": ""Từ vựng trọng tâm theo ngữ cảnh TOEIC; học cùng ví dụ, word family và collocation."", ""tags"": ""toeic,v4,office-administration,workplace"", ""audio_text"": ""The manager reviewed the stationery before the meeting."", ""source"": ""YangLingo TOEIC Expansion v4""}",385a0fc003668416f28a1ae6c198e9f75d38f5ab
base-0017,VOCABULARY,venue,địa điểm tổ chức,,The manager reviewed the venue before the meeting.,Người quản lý đã xem lại địa điểm tổ chức trước cuộc họp.,Office Administration,B1,"{""part_of_speech"": ""noun"", ""subtopic"": ""TOEIC Workplace"", ""toeic_part"": ""5"", ""difficulty"": ""2"", ""explanation"": ""Từ vựng trọng tâm theo ngữ cảnh TOEIC; học cùng ví dụ, word family và collocation."", ""tags"": ""toeic,v4,office-administration,workplace"", ""audio_text"": ""The manager reviewed the venue before the meeting."", ""source"": ""YangLingo TOEIC Expansion v4""}",f8dd92684573b458e78576f3360ab9854475575d
base-0018,VOCABULARY,workstation,"vị trí, máy trạm làm việc",,The manager reviewed the workstation before the meeting.,"Người quản lý đã xem lại vị trí, máy trạm làm việc trước cuộc họp.",Office Administration,B1,"{""part_of_speech"": ""noun"", ""subtopic"": ""TOEIC Workplace"", ""toeic_part"": ""5"", ""difficulty"": ""2"", ""explanation"": ""Từ vựng trọng tâm theo ngữ cảnh TOEIC; học cùng ví dụ, word family và collocation."", ""tags"": ""toeic,v4,office-administration,workplace"", ""audio_text"": ""The manager reviewed the workstation before the meeting."", ""source"": ""YangLingo TOEIC Expansion v4""}",a0c02c7800af7704d5cb485e9d1779fcf343cb5a
base-0019,VOCABULARY,reschedule,sắp xếp lại lịch,,We need to reschedule the meeting for Thursday.,Chúng ta cần đổi lịch cuộc họp sang thứ Năm.,Office Administration,B1,"{""part_of_speech"": ""verb"", ""subtopic"": ""TOEIC Workplace"", ""toeic_part"": ""5"", ""difficulty"": ""2"", ""collocations"": ""reschedule a meeting"", ""explanation"": ""Từ vựng trọng tâm theo ngữ cảnh TOEIC; học cùng ví dụ, word family và collocation."", ""tags"": ""toeic,v4,office-administration,workplace"", ""audio_text"": ""We need to reschedule the meeting for Thursday."", ""source"": ""YangLingo TOEIC Expansion v4""}",7a7dab90067e833221936b2f5adae328c714c7af
base-0020,VOCABULARY,archive,lưu trữ,,Please archive the completed project files.,Vui lòng lưu trữ các tệp dự án đã hoàn thành.,Office Administration,B1,"{""part_of_speech"": ""verb"", ""subtopic"": ""TOEIC Workplace"", ""toeic_part"": ""5"", ""difficulty"": ""2"", ""explanation"": ""Từ vựng trọng tâm theo ngữ cảnh TOEIC; học cùng ví dụ, word family và collocation."", ""tags"": ""toeic,v4,office-administration,workplace"", ""audio_text"": ""Please archive the completed project files."", ""source"": ""YangLingo TOEIC Expansion v4""}",55a3f62eb6fe30bec3e3e1293aac6d4e0fee6e13
base-0021,VOCABULARY,inquiry,yêu cầu hỏi thông tin,,The manager reviewed the inquiry before the meeting.,Người quản lý đã xem lại yêu cầu hỏi thông tin trước cuộc họp.,Office Administration,B1,"{""part_of_speech"": ""noun"", ""subtopic"": ""TOEIC Workplace"", ""toeic_part"": ""5"", ""difficulty"": ""2"", ""collocations"": ""reply to an inquiry"", ""explanation"": ""Từ vựng trọng tâm theo ngữ cảnh TOEIC; học cùng ví dụ, word family và collocation."", ""tags"": ""toeic,v4,office-administration,workplace"", ""audio_text"": ""The manager reviewed the inquiry before the meeting."", ""source"": ""YangLingo TOEIC Expansion v4""}",a02fc1d36ec3f4b4ef7e784440173f7a4f936e43
base-0022,VOCABULARY,availability,"tình trạng sẵn có, thời gian rảnh",,The manager reviewed the availability before the meeting.,"Người quản lý đã xem lại tình trạng sẵn có, thời gian rảnh trước cuộc họp.",Office Administration,B1,"{""part_of_speech"": ""noun"", ""subtopic"": ""TOEIC Workplace"", ""toeic_part"": ""5"", ""difficulty"": ""2"", ""collocations"": ""check availability"", ""explanation"": ""Từ vựng trọng tâm theo ngữ cảnh TOEIC; học cùng ví dụ, word family và collocation."", ""tags"": ""toeic,v4,office-administration,workplace"", ""audio_text"": ""The manager reviewed the availability before the meeting."", ""source"": ""YangLingo TOEIC Expansion v4""}",2df578d3c1da778fe29060dd90012152effeaaf0
base-0023,VOCABULARY,attendance,sự tham dự,,The manager reviewed the attendance before the meeting.,Người quản lý đã xem lại sự tham dự trước cuộc họp.,Office Administration,B1,"{""part_of_speech"": ""noun"", ""subtopic"": ""TOEIC Workplace"", ""toeic_part"": ""5"", ""difficulty"": ""2"", ""explanation"": ""Từ vựng trọng tâm theo ngữ cảnh TOEIC; học cùng ví dụ, word family và collocation."", ""tags"": ""toeic,v4,office-administration,workplace"", ""audio_text"": ""The manager reviewed the attendance before the meeting."", ""source"": ""YangLingo TOEIC Expansion v4""}",8328886cebb74b4ad3f0019f3d5954496c30a937
base-0024,VOCABULARY,attendee,người tham dự,,The manager reviewed the attendee before the meeting.,Người quản lý đã xem lại người tham dự trước cuộc họp.,Office Administration,B1,"{""part_of_speech"": ""noun"", ""subtopic"": ""TOEIC Workplace"", ""toeic_part"": ""5"", ""difficulty"": ""2"", ""explanation"": ""Từ vựng trọng tâm theo ngữ cảnh TOEIC; học cùng ví dụ, word family và collocation."", ""tags"": ""toeic,v4,office-administration,workplace"", ""audio_text"": ""The manager reviewed the attendee before the meeting."", ""source"": ""YangLingo TOEIC Expansion v4""}",c7a6b04af18531c0437e8bb688ce811034fd7f4d
base-0025,VOCABULARY,coordinator,điều phối viên,,The manager reviewed the coordinator before the meeting.,Người quản lý đã xem lại điều phối viên trước cuộc họp.,Office Administration,B1,"{""part_of_speech"": ""noun"", ""subtopic"": ""TOEIC Workplace"", ""toeic_part"": ""5"", ""difficulty"": ""2"", ""explanation"": ""Từ vựng trọng tâm theo ngữ cảnh TOEIC; học cùng ví dụ, word family và collocation."", ""tags"": ""toeic,v4,office-administration,workplace"", ""audio_text"": ""The manager reviewed the coordinator before the meeting."", ""source"": ""YangLingo TOEIC Expansion v4""}",4468a2128210ef112574921bfc95f748c59451c1
base-0026,VOCABULARY,subsidiary,công ty con,,The manager reviewed the subsidiary before the meeting.,Người quản lý đã xem lại công ty con trước cuộc họp.,Office Administration,B1,"{""part_of_speech"": ""noun"", ""subtopic"": ""TOEIC Workplace"", ""toeic_part"": ""5"", ""difficulty"": ""2"", ""explanation"": ""Từ vựng trọng tâm theo ngữ cảnh TOEIC; học cùng ví dụ, word family và collocation."", ""tags"": ""toeic,v4,office-administration,workplace"", ""audio_text"": ""The manager reviewed the subsidiary before the meeting."", ""source"": ""YangLingo TOEIC Expansion v4""}",cde865db685cf186528a12b6a8631bb1649a144a
base-0027,VOCABULARY,procedure,quy trình,,The manager reviewed the procedure before the meeting.,Người quản lý đã xem lại quy trình trước cuộc họp.,Office Administration,B1,"{""part_of_speech"": ""noun"", ""subtopic"": ""TOEIC Workplace"", ""toeic_part"": ""5"", ""difficulty"": ""2"", ""collocations"": ""safety procedure"", ""explanation"": ""Từ vựng trọng tâm theo ngữ cảnh TOEIC; học cùng ví dụ, word family và collocation."", ""tags"": ""toeic,v4,office-administration,workplace"", ""audio_text"": ""The manager reviewed the procedure before the meeting."", ""source"": ""YangLingo TOEIC Expansion v4""}",8be3830398f5e60f5ced75919e59c26a9ca40f20
base-0028,VOCABULARY,roster,"lịch phân ca, danh sách trực",,The manager reviewed the roster before the meeting.,"Người quản lý đã xem lại lịch phân ca, danh sách trực trước cuộc họp.",Office Administration,B1,"{""part_of_speech"": ""noun"", ""subtopic"": ""TOEIC Workplace"", ""toeic_part"": ""5"", ""difficulty"": ""2"", ""explanation"": ""Từ vựng trọng tâm theo ngữ cảnh TOEIC; học cùng ví dụ, word family và collocation."", ""tags"": ""toeic,v4,office-administration,workplace"", ""audio_text"": ""The manager reviewed the roster before the meeting."", ""source"": ""YangLingo TOEIC Expansion v4""}",da83675aba1740a5ca572e3bdd7ba9fd1af292aa
base-0029,VOCABULARY,application,"đơn ứng tuyển, hồ sơ xin việc",,The HR team updated the application this morning.,"Bộ phận nhân sự đã cập nhật đơn ứng tuyển, hồ sơ xin việc vào sáng nay.",Human Resources,B1,"{""part_of_speech"": ""noun"", ""subtopic"": ""TOEIC Workplace"", ""toeic_part"": ""5"", ""difficulty"": ""2"", ""collocations"": ""submit an application"", ""word_family"": ""apply (v) → applicant (n) → application (n)"", ""explanation"": ""Từ vựng trọng tâm theo ngữ cảnh TOEIC; học cùng ví dụ, word family và collocation."", ""tags"": ""toeic,v4,human-resources,workplace"", ""audio_text"": ""The HR team updated the application this morning."", ""source"": ""YangLingo TOEIC Expansion v4""}",8a3af1d7935188da8035ca555df267bb3c7dd23a
base-0030,VOCABULARY,vacancy,"vị trí trống, chỗ tuyển dụng",,The HR team updated the vacancy this morning.,"Bộ phận nhân sự đã cập nhật vị trí trống, chỗ tuyển dụng vào sáng nay.",Human Resources,B1,"{""part_of_speech"": ""noun"", ""subtopic"": ""TOEIC Workplace"", ""toeic_part"": ""5"", ""difficulty"": ""2"", ""collocations"": ""fill a vacancy"", ""explanation"": ""Từ vựng trọng tâm theo ngữ cảnh TOEIC; học cùng ví dụ, word family và collocation."", ""tags"": ""toeic,v4,human-resources,workplace"", ""audio_text"": ""The HR team updated the vacancy this morning."", ""source"": ""YangLingo TOEIC Expansion v4""}",78a264984413c4d3a19b1ef01c42a1011361353c
base-0031,VOCABULARY,recruitment,việc tuyển dụng,,The HR team updated the recruitment this morning.,Bộ phận nhân sự đã cập nhật việc tuyển dụng vào sáng nay.,Human Resources,B1,"{""part_of_speech"": ""noun"", ""subtopic"": ""TOEIC Workplace"", ""toeic_part"": ""5"", ""difficulty"": ""2"", ""word_family"": ""recruit (v) → recruiter (n) → recruitment (n)"", ""explanation"": ""Từ vựng trọng tâm theo ngữ cảnh TOEIC; học cùng ví dụ, word family và collocation."", ""tags"": ""toeic,v4,human-resources,workplace"", ""audio_text"": ""The HR team updated the recruitment this morning."", ""source"": ""YangLingo TOEIC Expansion v4""}",2f243a747f7182bba61dffd24bf6b066fd3cf0a5
base-0032,VOCABULARY,recruiter,nhân viên tuyển dụng,,The HR team updated the recruiter this morning.,Bộ phận nhân sự đã cập nhật nhân viên tuyển dụng vào sáng nay.,Human Resources,B1,"{""part_of_speech"": ""noun"", ""subtopic"": ""TOEIC Workplace"", ""toeic_part"": ""5"", ""difficulty"": ""2"", ""explanation"": ""Từ vựng trọng tâm theo ngữ cảnh TOEIC; học cùng ví dụ, word family và collocation."", ""tags"": ""toeic,v4,human-resources,workplace"", ""audio_text"": ""The HR team updated the recruiter this morning."", ""source"": ""YangLingo TOEIC Expansion v4""}",503100e2b3c1335ae2db1aaba151d4d44e005522
base-0033,VOCABULARY,qualification,"trình độ, điều kiện chuyên môn",,The HR team updated the qualification this morning.,"Bộ phận nhân sự đã cập nhật trình độ, điều kiện chuyên môn vào sáng nay.",Human Resources,B1,"{""part_of_speech"": ""noun"", ""subtopic"": ""TOEIC Workplace"", ""toeic_part"": ""5"", ""difficulty"": ""2"", ""word_family"": ""qualify (v) → qualified (adj) → qualification (n)"", ""explanation"": ""Từ vựng trọng tâm theo ngữ cảnh TOEIC; học cùng ví dụ, word family và collocation."", ""tags"": ""toeic,v4,human-resources,workplace"", ""audio_text"": ""The HR team updated the qualification this morning."", ""source"": ""YangLingo TOEIC Expansion v4""}",c79879543a1fedc0a79a6734e9af3cc562b702cd
base-0034,VOCABULARY,credential,"chứng chỉ, bằng cấp chứng minh năng lực",,The HR team updated the credential this morning.,"Bộ phận nhân sự đã cập nhật chứng chỉ, bằng cấp chứng minh năng lực vào sáng nay.",Human Resources,B1,"{""part_of_speech"": ""noun"", ""subtopic"": ""TOEIC Workplace"", ""toeic_part"": ""5"", ""difficulty"": ""2"", ""explanation"": ""Từ vựng trọng tâm theo ngữ cảnh TOEIC; học cùng ví dụ, word family và collocation."", ""tags"": ""toeic,v4,human-resources,workplace"", ""audio_text"": ""The HR team updated the credential this morning."", ""source"": ""YangLingo TOEIC Expansion v4""}",16b4813b2bb12fa3266b5addb039bc25be42e44a
base-0035,VOCABULARY,reference,người hoặc thư giới thiệu,,The HR team updated the reference this morning.,Bộ phận nhân sự đã cập nhật người hoặc thư giới thiệu vào sáng nay.,Human Resources,B1,"{""part_of_speech"": ""noun"", ""subtopic"": ""TOEIC Workplace"", ""toeic_part"": ""5"", ""difficulty"": ""2"", ""explanation"": ""Từ vựng trọng tâm theo ngữ cảnh TOEIC; học cùng ví dụ, word family và collocation."", ""tags"": ""toeic,v4,human-resources,workplace"", ""audio_text"": ""The HR team updated the reference this morning."", ""source"": ""YangLingo TOEIC Expansion v4""}",29fad16a2dce50184bb30206c14f8c843069eee7
base-0036,VOCABULARY,interviewee,người được phỏng vấn,,The HR team updated the interviewee this morning.,Bộ phận nhân sự đã cập nhật người được phỏng vấn vào sáng nay.,Human Resources,B1,"{""part_of_speech"": ""noun"", ""subtopic"": ""TOEIC Workplace"", ""toeic_part"": ""5"", ""difficulty"": ""2"", ""explanation"": ""Từ vựng trọng tâm theo ngữ cảnh TOEIC; học cùng ví dụ, word family và collocation."", ""tags"": ""toeic,v4,human-resources,workplace"", ""audio_text"": ""The HR team updated the interviewee this morning."", ""source"": ""YangLingo TOEIC Expansion v4""}",6d5f80324c02f99a5fb212eb467b5a57c7d99e22
base-0037,VOCABULARY,shortlist,danh sách ứng viên rút gọn,,The HR team updated the shortlist this morning.,Bộ phận nhân sự đã cập nhật danh sách ứng viên rút gọn vào sáng nay.,Human Resources,B1,"{""part_of_speech"": ""noun"", ""subtopic"": ""TOEIC Workplace"", ""toeic_part"": ""5"", ""difficulty"": ""2"", ""collocations"": ""shortlist candidates"", ""explanation"": ""Từ vựng trọng tâm theo ngữ cảnh TOEIC; học cùng ví dụ, word family và collocation."", ""tags"": ""toeic,v4,human-resources,workplace"", ""audio_text"": ""The HR team updated the shortlist this morning."", ""source"": ""YangLingo TOEIC Expansion v4""}",469e44c3039eab62472e63dcf2b00ce667125201
base-0038,VOCABULARY,onboarding,quá trình tiếp nhận nhân viên mới,,The HR team updated the onboarding this morning.,Bộ phận nhân sự đã cập nhật quá trình tiếp nhận nhân viên mới vào sáng nay.,Human Resources,B1,"{""part_of_speech"": ""noun"", ""subtopic"": ""TOEIC Workplace"", ""toeic_part"": ""5"", ""difficulty"": ""2"", ""explanation"": ""Từ vựng trọng tâm theo ngữ cảnh TOEIC; học cùng ví dụ, word family và collocation."", ""tags"": ""toeic,v4,human-resources,workplace"", ""audio_text"": ""The HR team updated the onboarding this morning."", ""source"": ""YangLingo TOEIC Expansion v4""}",f72fef3f5350f95543462e5345046124c826f0bc
base-0039,VOCABULARY,orientation,buổi định hướng,,The HR team updated the orientation this morning.,Bộ phận nhân sự đã cập nhật buổi định hướng vào sáng nay.,Human Resources,B1,"{""part_of_speech"": ""noun"", ""subtopic"": ""TOEIC Workplace"", ""toeic_part"": ""5"", ""difficulty"": ""2"", ""collocations"": ""attend orientation"", ""explanation"": ""Từ vựng trọng tâm theo ngữ cảnh TOEIC; học cùng ví dụ, word family và collocation."", ""tags"": ""toeic,v4,human-resources,workplace"", ""audio_text"": ""The HR team updated the orientation this morning."", ""source"": ""YangLingo TOEIC Expansion v4""}",66743953a6d2ed0a7fa18b950d4d9f92d3b8e7a4
base-0040,VOCABULARY,probation,thời gian thử việc,,The HR team updated the probation this morning.,Bộ phận nhân sự đã cập nhật thời gian thử việc vào sáng nay.,Human Resources,B1,"{""part_of_speech"": ""noun"", ""subtopic"": ""TOEIC Workplace"", ""toeic_part"": ""5"", ""difficulty"": ""2"", ""collocations"": ""complete probation"", ""explanation"": ""Từ vựng trọng tâm theo ngữ cảnh TOEIC; học cùng ví dụ, word family và collocation."", ""tags"": ""toeic,v4,human-resources,workplace"", ""audio_text"": ""The HR team updated the probation this morning."", ""source"": ""YangLingo TOEIC Expansion v4""}",3878fed4cfa6be6cc63a012268d52e05a7735cd7
base-0041,VOCABULARY,promotion,"sự thăng chức, chương trình khuyến mãi",,The HR team updated the promotion this morning.,"Bộ phận nhân sự đã cập nhật sự thăng chức, chương trình khuyến mãi vào sáng nay.",Human Resources,B1,"{""part_of_speech"": ""noun"", ""subtopic"": ""TOEIC Workplace"", ""toeic_part"": ""5"", ""difficulty"": ""2"", ""collocations"": ""receive a promotion"", ""word_family"": ""promote (v) → promotion (n)"", ""explanation"": ""Từ vựng trọng tâm theo ngữ cảnh TOEIC; học cùng ví dụ, word family và collocation."", ""tags"": ""toeic,v4,human-resources,workplace"", ""audio_text"": ""The HR team updated the promotion this morning."", ""source"": ""YangLingo TOEIC Expansion v4""}",bb7c1e891fa5c645b121911d70475aa788ea4e1c
base-0042,VOCABULARY,resignation,"sự từ chức, nghỉ việc",,The HR team updated the resignation this morning.,"Bộ phận nhân sự đã cập nhật sự từ chức, nghỉ việc vào sáng nay.",Human Resources,B1,"{""part_of_speech"": ""noun"", ""subtopic"": ""TOEIC Workplace"", ""toeic_part"": ""5"", ""difficulty"": ""2"", ""collocations"": ""submit a resignation"", ""word_family"": ""resign (v) → resignation (n)"", ""explanation"": ""Từ vựng trọng tâm theo ngữ cảnh TOEIC; học cùng ví dụ, word family và collocation."", ""tags"": ""toeic,v4,human-resources,workplace"", ""audio_text"": ""The HR team updated the resignation this morning."", ""source"": ""YangLingo TOEIC Expansion v4""}",575878446d2af2737de9447d7185a4e6673a2e2e
base-0043,VOCABULARY,retirement,sự nghỉ hưu,,The HR team updated the retirement this morning.,Bộ phận nhân sự đã cập nhật sự nghỉ hưu vào sáng nay.,Human Resources,B1,"{""part_of_speech"": ""noun"", ""subtopic"": ""TOEIC Workplace"", ""toeic_part"": ""5"", ""difficulty"": ""2"", ""word_family"": ""retire (v) → retirement (n)"", ""explanation"": ""Từ vựng trọng tâm theo ngữ cảnh TOEIC; học cùng ví dụ, word family và collocation."", ""tags"": ""toeic,v4,human-resources,workplace"", ""audio_text"": ""The HR team updated the retirement this morning."", ""source"": ""YangLingo TOEIC Expansion v4""}",451087181f49cae03d7f9d86d9f1602852953891
base-0044,VOCABULARY,relocation,việc chuyển địa điểm,,The HR team updated the relocation this morning.,Bộ phận nhân sự đã cập nhật việc chuyển địa điểm vào sáng nay.,Human Resources,B1,"{""part_of_speech"": ""noun"", ""subtopic"": ""TOEIC Workplace"", ""toeic_part"": ""5"", ""difficulty"": ""2"", ""word_family"": ""relocate (v) → relocation (n)"", ""explanation"": ""Từ vựng trọng tâm theo ngữ cảnh TOEIC; học cùng ví dụ, word family và collocation."", ""tags"": ""toeic,v4,human-resources,workplace"", ""audio_text"": ""The HR team updated the relocation this morning."", ""source"": ""YangLingo TOEIC Expansion v4""}",62c0db7c34778cea5cac49daf16bfb4c3d206576
base-0045,VOCABULARY,appraisal,sự đánh giá hiệu suất,,The HR team updated the appraisal this morning.,Bộ phận nhân sự đã cập nhật sự đánh giá hiệu suất vào sáng nay.,Human Resources,B1,"{""part_of_speech"": ""noun"", ""subtopic"": ""TOEIC Workplace"", ""toeic_part"": ""5"", ""difficulty"": ""2"", ""collocations"": ""performance appraisal"", ""explanation"": ""Từ vựng trọng tâm theo ngữ cảnh TOEIC; học cùng ví dụ, word family và collocation."", ""tags"": ""toeic,v4,human-resources,workplace"", ""audio_text"": ""The HR team updated the appraisal this morning."", ""source"": ""YangLingo TOEIC Expansion v4""}",2b9b29e5c36b03090a832e0c7484b9ee5d3aa09d
base-0046,VOCABULARY,evaluation,sự đánh giá,,The HR team updated the evaluation this morning.,Bộ phận nhân sự đã cập nhật sự đánh giá vào sáng nay.,Human Resources,B1,"{""part_of_speech"": ""noun"", ""subtopic"": ""TOEIC Workplace"", ""toeic_part"": ""5"", ""difficulty"": ""2"", ""word_family"": ""evaluate (v) → evaluation (n)"", ""explanation"": ""Từ vựng trọng tâm theo ngữ cảnh TOEIC; học cùng ví dụ, word family và collocation."", ""tags"": ""toeic,v4,human-resources,workplace"", ""audio_text"": ""The HR team updated the evaluation this morning."", ""source"": ""YangLingo TOEIC Expansion v4""}",b540910982d2d540b06c4f9f7b4da6b396249775
base-0047,VOCABULARY,compensation,"thù lao, chế độ đãi ngộ",,The HR team updated the compensation this morning.,"Bộ phận nhân sự đã cập nhật thù lao, chế độ đãi ngộ vào sáng nay.",Human Resources,B1,"{""part_of_speech"": ""noun"", ""subtopic"": ""TOEIC Workplace"", ""toeic_part"": ""5"", ""difficulty"": ""2"", ""explanation"": ""Từ vựng trọng tâm theo ngữ cảnh TOEIC; học cùng ví dụ, word family và collocation."", ""tags"": ""toeic,v4,human-resources,workplace"", ""audio_text"": ""The HR team updated the compensation this morning."", ""source"": ""YangLingo TOEIC Expansion v4""}",8213d8cb8d6add317f83a9ab7aadc64766a124d2
base-0048,VOCABULARY,payroll,"bảng lương, hệ thống trả lương",,The HR team updated the payroll this morning.,"Bộ phận nhân sự đã cập nhật bảng lương, hệ thống trả lương vào sáng nay.",Human Resources,B1,"{""part_of_speech"": ""noun"", ""subtopic"": ""TOEIC Workplace"", ""toeic_part"": ""5"", ""difficulty"": ""2"", ""collocations"": ""process payroll"", ""explanation"": ""Từ vựng trọng tâm theo ngữ cảnh TOEIC; học cùng ví dụ, word family và collocation."", ""tags"": ""toeic,v4,human-resources,workplace"", ""audio_text"": ""The HR team updated the payroll this morning."", ""source"": ""YangLingo TOEIC Expansion v4""}",a32888a9477d7190fb199b5092fa7de25e782ce3
base-0049,VOCABULARY,overtime,thời gian làm thêm giờ,,The HR team updated the overtime this morning.,Bộ phận nhân sự đã cập nhật thời gian làm thêm giờ vào sáng nay.,Human Resources,B1,"{""part_of_speech"": ""noun"", ""subtopic"": ""TOEIC Workplace"", ""toeic_part"": ""5"", ""difficulty"": ""2"", ""collocations"": ""work overtime"", ""explanation"": ""Từ vựng trọng tâm theo ngữ cảnh TOEIC; học cùng ví dụ, word family và collocation."", ""tags"": ""toeic,v4,human-resources,workplace"", ""audio_text"": ""The HR team updated the overtime this morning."", ""source"": ""YangLingo TOEIC Expansion v4""}",dd0ae5aa91501c34adbd6573b2388d1e38b9a8ee
base-0050,VOCABULARY,pension,lương hưu,,The HR team updated the pension this morning.,Bộ phận nhân sự đã cập nhật lương hưu vào sáng nay.,Human Resources,B1,"{""part_of_speech"": ""noun"", ""subtopic"": ""TOEIC Workplace"", ""toeic_part"": ""5"", ""difficulty"": ""2"", ""explanation"": ""Từ vựng trọng tâm theo ngữ cảnh TOEIC; học cùng ví dụ, word family và collocation."", ""tags"": ""toeic,v4,human-resources,workplace"", ""audio_text"": ""The HR team updated the pension this morning."", ""source"": ""YangLingo TOEIC Expansion v4""}",9fc8e58fd02f347751bfee20216360625cce099a
base-0051,VOCABULARY,maternity leave,nghỉ thai sản,,The HR team updated the maternity leave this morning.,Bộ phận nhân sự đã cập nhật nghỉ thai sản vào sáng nay.,Human Resources,B1,"{""part_of_speech"": ""noun"", ""subtopic"": ""TOEIC Workplace"", ""toeic_part"": ""5"", ""difficulty"": ""2"", ""collocations"": ""request paid leave"", ""explanation"": ""Từ vựng trọng tâm theo ngữ cảnh TOEIC; học cùng ví dụ, word family và collocation."", ""tags"": ""toeic,v4,human-resources,workplace"", ""audio_text"": ""The HR team updated the maternity leave this morning."", ""source"": ""YangLingo TOEIC Expansion v4""}",3d64ddc3f5fe5a9e9f9f2cc7c90b3248c4c8c524
base-0052,VOCABULARY,paid leave,nghỉ có lương,,The HR team updated the paid leave this morning.,Bộ phận nhân sự đã cập nhật nghỉ có lương vào sáng nay.,Human Resources,B1,"{""part_of_speech"": ""noun"", ""subtopic"": ""TOEIC Workplace"", ""toeic_part"": ""5"", ""difficulty"": ""2"", ""collocations"": ""request paid leave"", ""explanation"": ""Từ vựng trọng tâm theo ngữ cảnh TOEIC; học cùng ví dụ, word family và collocation."", ""tags"": ""toeic,v4,human-resources,workplace"", ""audio_text"": ""The HR team updated the paid leave this morning."", ""source"": ""YangLingo TOEIC Expansion v4""}",1151bc89e3495da2c402031318e02a144e1bc73b
base-0053,VOCABULARY,workforce,lực lượng lao động,,The HR team updated the workforce this morning.,Bộ phận nhân sự đã cập nhật lực lượng lao động vào sáng nay.,Human Resources,B1,"{""part_of_speech"": ""noun"", ""subtopic"": ""TOEIC Workplace"", ""toeic_part"": ""5"", ""difficulty"": ""2"", ""explanation"": ""Từ vựng trọng tâm theo ngữ cảnh TOEIC; học cùng ví dụ, word family và collocation."", ""tags"": ""toeic,v4,human-resources,workplace"", ""audio_text"": ""The HR team updated the workforce this morning."", ""source"": ""YangLingo TOEIC Expansion v4""}",32811714d0ec8a674ee621c6c98e8c28adcf1ac7
base-0054,VOCABULARY,subordinate,cấp dưới,,The HR team updated the subordinate this morning.,Bộ phận nhân sự đã cập nhật cấp dưới vào sáng nay.,Human Resources,B1,"{""part_of_speech"": ""noun"", ""subtopic"": ""TOEIC Workplace"", ""toeic_part"": ""5"", ""difficulty"": ""2"", ""explanation"": ""Từ vựng trọng tâm theo ngữ cảnh TOEIC; học cùng ví dụ, word family và collocation."", ""tags"": ""toeic,v4,human-resources,workplace"", ""audio_text"": ""The HR team updated the subordinate this morning."", ""source"": ""YangLingo TOEIC Expansion v4""}",b2b058a47a34699ef4b578225b088f08fa7386c0
base-0055,VOCABULARY,supervisor,"người giám sát, quản lý trực tiếp",,The HR team updated the supervisor this morning.,"Bộ phận nhân sự đã cập nhật người giám sát, quản lý trực tiếp vào sáng nay.",Human Resources,B1,"{""part_of_speech"": ""noun"", ""subtopic"": ""TOEIC Workplace"", ""toeic_part"": ""5"", ""difficulty"": ""2"", ""explanation"": ""Từ vựng trọng tâm theo ngữ cảnh TOEIC; học cùng ví dụ, word family và collocation."", ""tags"": ""toeic,v4,human-resources,workplace"", ""audio_text"": ""The HR team updated the supervisor this morning."", ""source"": ""YangLingo TOEIC Expansion v4""}",8c48f480516bcd937160538a871171a3c356eb68
base-0056,VOCABULARY,invoice,hóa đơn,,Please check the invoice before the payment is processed.,Vui lòng kiểm tra hóa đơn trước khi khoản thanh toán được xử lý.,Finance Accounting,B2,"{""part_of_speech"": ""noun"", ""subtopic"": ""TOEIC Workplace"", ""toeic_part"": ""5"", ""difficulty"": ""3"", ""collocations"": ""issue an invoice; pay an invoice"", ""explanation"": ""Từ vựng trọng tâm theo ngữ cảnh TOEIC; học cùng ví dụ, word family và collocation."", ""tags"": ""toeic,v4,finance-accounting,workplace"", ""audio_text"": ""Please check the invoice before the payment is processed."", ""source"": ""YangLingo TOEIC Expansion v4""}",e9da1d6a6faa00b4809a57dd1ff0a374fa66d428
base-0057,VOCABULARY,billing,việc lập và gửi hóa đơn,,Please check the billing before the payment is processed.,Vui lòng kiểm tra việc lập và gửi hóa đơn trước khi khoản thanh toán được xử lý.,Finance Accounting,B2,"{""part_of_speech"": ""noun"", ""subtopic"": ""TOEIC Workplace"", ""toeic_part"": ""5"", ""difficulty"": ""3"", ""explanation"": ""Từ vựng trọng tâm theo ngữ cảnh TOEIC; học cùng ví dụ, word family và collocation."", ""tags"": ""toeic,v4,finance-accounting,workplace"", ""audio_text"": ""Please check the billing before the payment is processed."", ""source"": ""YangLingo TOEIC Expansion v4""}",9293058f276cf2830bb9594a98263cdf1489cab6
base-0058,VOCABULARY,reimbursement,sự hoàn trả chi phí,,Please check the reimbursement before the payment is processed.,Vui lòng kiểm tra sự hoàn trả chi phí trước khi khoản thanh toán được xử lý.,Finance Accounting,B2,"{""part_of_speech"": ""noun"", ""subtopic"": ""TOEIC Workplace"", ""toeic_part"": ""5"", ""difficulty"": ""3"", ""collocations"": ""process a reimbursement"", ""word_family"": ""reimburse (v) → reimbursement (n)"", ""explanation"": ""Từ vựng trọng tâm theo ngữ cảnh TOEIC; học cùng ví dụ, word family và collocation."", ""tags"": ""toeic,v4,finance-accounting,workplace"", ""audio_text"": ""Please check the reimbursement before the payment is processed."", ""source"": ""YangLingo TOEIC Expansion v4""}",5104c47241d5389dc682db1215a845365ce76ca6
base-0059,VOCABULARY,expenditure,khoản chi tiêu,,Please check the expenditure before the payment is processed.,Vui lòng kiểm tra khoản chi tiêu trước khi khoản thanh toán được xử lý.,Finance Accounting,B2,"{""part_of_speech"": ""noun"", ""subtopic"": ""TOEIC Workplace"", ""toeic_part"": ""5"", ""difficulty"": ""3"", ""explanation"": ""Từ vựng trọng tâm theo ngữ cảnh TOEIC; học cùng ví dụ, word family và collocation."", ""tags"": ""toeic,v4,finance-accounting,workplace"", ""audio_text"": ""Please check the expenditure before the payment is processed."", ""source"": ""YangLingo TOEIC Expansion v4""}",d4b369ec1b767fd031cb7182cf03b5e7ed735c96
base-0060,VOCABULARY,profit margin,biên lợi nhuận,,Please check the profit margin before the payment is processed.,Vui lòng kiểm tra biên lợi nhuận trước khi khoản thanh toán được xử lý.,Finance Accounting,B2,"{""part_of_speech"": ""noun"", ""subtopic"": ""TOEIC Workplace"", ""toeic_part"": ""5"", ""difficulty"": ""3"", ""explanation"": ""Từ vựng trọng tâm theo ngữ cảnh TOEIC; học cùng ví dụ, word family và collocation."", ""tags"": ""toeic,v4,finance-accounting,workplace"", ""audio_text"": ""Please check the profit margin before the payment is processed."", ""source"": ""YangLingo TOEIC Expansion v4""}",d9d66a0342884f0fed8519828beae906e1f89128
base-0061,VOCABULARY,fiscal,"thuộc tài chính, tài khóa",,The company reported strong results for the fiscal year.,Công ty báo cáo kết quả tốt trong năm tài chính.,Finance Accounting,B2,"{""part_of_speech"": ""adjective"", ""subtopic"": ""TOEIC Workplace"", ""toeic_part"": ""5"", ""difficulty"": ""3"", ""explanation"": ""Từ vựng trọng tâm theo ngữ cảnh TOEIC; học cùng ví dụ, word family và collocation."", ""tags"": ""toeic,v4,finance-accounting,workplace"", ""audio_text"": ""The company reported strong results for the fiscal year."", ""source"": ""YangLingo TOEIC Expansion v4""}",2bc56e8ba0de137b22acf25e8d6678f83b63ec5d
base-0062,VOCABULARY,auditor,kiểm toán viên,,Please check the auditor before the payment is processed.,Vui lòng kiểm tra kiểm toán viên trước khi khoản thanh toán được xử lý.,Finance Accounting,B2,"{""part_of_speech"": ""noun"", ""subtopic"": ""TOEIC Workplace"", ""toeic_part"": ""5"", ""difficulty"": ""3"", ""explanation"": ""Từ vựng trọng tâm theo ngữ cảnh TOEIC; học cùng ví dụ, word family và collocation."", ""tags"": ""toeic,v4,finance-accounting,workplace"", ""audio_text"": ""Please check the auditor before the payment is processed."", ""source"": ""YangLingo TOEIC Expansion v4""}",f53c5652ff37a18b5d008d4e650d4a9693db1499
base-0063,VOCABULARY,balance sheet,bảng cân đối kế toán,,Please check the balance sheet before the payment is processed.,Vui lòng kiểm tra bảng cân đối kế toán trước khi khoản thanh toán được xử lý.,Finance Accounting,B2,"{""part_of_speech"": ""noun"", ""subtopic"": ""TOEIC Workplace"", ""toeic_part"": ""5"", ""difficulty"": ""3"", ""collocations"": ""review a balance sheet; outstanding balance"", ""explanation"": ""Từ vựng trọng tâm theo ngữ cảnh TOEIC; học cùng ví dụ, word family và collocation."", ""tags"": ""toeic,v4,finance-accounting,workplace"", ""audio_text"": ""Please check the balance sheet before the payment is processed."", ""source"": ""YangLingo TOEIC Expansion v4""}",80c6ae2f92b767e717fb4e3027dbf8a19ba550a1
base-0064,VOCABULARY,cash flow,dòng tiền,,Please check the cash flow before the payment is processed.,Vui lòng kiểm tra dòng tiền trước khi khoản thanh toán được xử lý.,Finance Accounting,B2,"{""part_of_speech"": ""noun"", ""subtopic"": ""TOEIC Workplace"", ""toeic_part"": ""5"", ""difficulty"": ""3"", ""collocations"": ""improve cash flow; cash register"", ""explanation"": ""Từ vựng trọng tâm theo ngữ cảnh TOEIC; học cùng ví dụ, word family và collocation."", ""tags"": ""toeic,v4,finance-accounting,workplace"", ""audio_text"": ""Please check the cash flow before the payment is processed."", ""source"": ""YangLingo TOEIC Expansion v4""}",6fe8968fb4736c2b8078951ac03677b913f51268
base-0065,VOCABULARY,withdrawal,việc rút tiền,,Please check the withdrawal before the payment is processed.,Vui lòng kiểm tra việc rút tiền trước khi khoản thanh toán được xử lý.,Finance Accounting,B2,"{""part_of_speech"": ""noun"", ""subtopic"": ""TOEIC Workplace"", ""toeic_part"": ""5"", ""difficulty"": ""3"", ""collocations"": ""make a withdrawal"", ""explanation"": ""Từ vựng trọng tâm theo ngữ cảnh TOEIC; học cùng ví dụ, word family và collocation."", ""tags"": ""toeic,v4,finance-accounting,workplace"", ""audio_text"": ""Please check the withdrawal before the payment is processed."", ""source"": ""YangLingo TOEIC Expansion v4""}",8845700cdef906394200f34998afbd50cc7285b4
base-0066,VOCABULARY,installment,khoản trả góp,,Please check the installment before the payment is processed.,Vui lòng kiểm tra khoản trả góp trước khi khoản thanh toán được xử lý.,Finance Accounting,B2,"{""part_of_speech"": ""noun"", ""subtopic"": ""TOEIC Workplace"", ""toeic_part"": ""5"", ""difficulty"": ""3"", ""explanation"": ""Từ vựng trọng tâm theo ngữ cảnh TOEIC; học cùng ví dụ, word family và collocation."", ""tags"": ""toeic,v4,finance-accounting,workplace"", ""audio_text"": ""Please check the installment before the payment is processed."", ""source"": ""YangLingo TOEIC Expansion v4""}",9570aaee43c0848cc213f0adc9ed7ed9153568f8
base-0067,VOCABULARY,overdue,quá hạn,,The invoice is overdue and must be paid today.,Hóa đơn đã quá hạn và phải được thanh toán hôm nay.,Finance Accounting,B2,"{""part_of_speech"": ""adjective"", ""subtopic"": ""TOEIC Workplace"", ""toeic_part"": ""5"", ""difficulty"": ""3"", ""collocations"": ""overdue payment"", ""explanation"": ""Từ vựng trọng tâm theo ngữ cảnh TOEIC; học cùng ví dụ, word family và collocation."", ""tags"": ""toeic,v4,finance-accounting,workplace"", ""audio_text"": ""The invoice is overdue and must be paid today."", ""source"": ""YangLingo TOEIC Expansion v4""}",c7d31352647a9a2a613aef5bf22b9d218ac9041b
base-0068,VOCABULARY,outstanding,"chưa thanh toán, còn tồn đọng",,Please pay the outstanding balance by Friday.,Vui lòng thanh toán số dư còn nợ trước thứ Sáu.,Finance Accounting,B2,"{""part_of_speech"": ""adjective"", ""subtopic"": ""TOEIC Workplace"", ""toeic_part"": ""5"", ""difficulty"": ""3"", ""collocations"": ""outstanding balance"", ""explanation"": ""Từ vựng trọng tâm theo ngữ cảnh TOEIC; học cùng ví dụ, word family và collocation."", ""tags"": ""toeic,v4,finance-accounting,workplace"", ""audio_text"": ""Please pay the outstanding balance by Friday."", ""source"": ""YangLingo TOEIC Expansion v4""}",54d209098017cb1a87da6645b150e057faa12a8f
base-0069,VOCABULARY,payable,phải trả,,The full amount is payable within thirty days.,Toàn bộ số tiền phải được thanh toán trong vòng ba mươi ngày.,Finance Accounting,B2,"{""part_of_speech"": ""adjective"", ""subtopic"": ""TOEIC Workplace"", ""toeic_part"": ""5"", ""difficulty"": ""3"", ""collocations"": ""accounts payable"", ""explanation"": ""Từ vựng trọng tâm theo ngữ cảnh TOEIC; học cùng ví dụ, word family và collocation."", ""tags"": ""toeic,v4,finance-accounting,workplace"", ""audio_text"": ""The full amount is payable within thirty days."", ""source"": ""YangLingo TOEIC Expansion v4""}",7a6c2d135330c23096d9b2ceeb2875cd3b78dda6
base-0070,VOCABULARY,receivable,phải thu,,The accounting team reviewed all receivable amounts.,Bộ phận kế toán đã xem xét tất cả các khoản phải thu.,Finance Accounting,B2,"{""part_of_speech"": ""adjective"", ""subtopic"": ""TOEIC Workplace"", ""toeic_part"": ""5"", ""difficulty"": ""3"", ""collocations"": ""accounts receivable"", ""explanation"": ""Từ vựng trọng tâm theo ngữ cảnh TOEIC; học cùng ví dụ, word family và collocation."", ""tags"": ""toeic,v4,finance-accounting,workplace"", ""audio_text"": ""The accounting team reviewed all receivable amounts."", ""source"": ""YangLingo TOEIC Expansion v4""}",d745a7ece6a0dca7b2b74b763ff187faf5dd5b7d
base-0071,VOCABULARY,surcharge,phụ phí,,Please check the surcharge before the payment is processed.,Vui lòng kiểm tra phụ phí trước khi khoản thanh toán được xử lý.,Finance Accounting,B2,"{""part_of_speech"": ""noun"", ""subtopic"": ""TOEIC Workplace"", ""toeic_part"": ""5"", ""difficulty"": ""3"", ""explanation"": ""Từ vựng trọng tâm theo ngữ cảnh TOEIC; học cùng ví dụ, word family và collocation."", ""tags"": ""toeic,v4,finance-accounting,workplace"", ""audio_text"": ""Please check the surcharge before the payment is processed."", ""source"": ""YangLingo TOEIC Expansion v4""}",29d8e08add55f1289e2650f6c3d88e49f70bbec1
base-0072,VOCABULARY,deductible,mức khấu trừ bảo hiểm,,Please check the deductible before the payment is processed.,Vui lòng kiểm tra mức khấu trừ bảo hiểm trước khi khoản thanh toán được xử lý.,Finance Accounting,B2,"{""part_of_speech"": ""noun"", ""subtopic"": ""TOEIC Workplace"", ""toeic_part"": ""5"", ""difficulty"": ""3"", ""explanation"": ""Từ vựng trọng tâm theo ngữ cảnh TOEIC; học cùng ví dụ, word family và collocation."", ""tags"": ""toeic,v4,finance-accounting,workplace"", ""audio_text"": ""Please check the deductible before the payment is processed."", ""source"": ""YangLingo TOEIC Expansion v4""}",bb2badd41ea526685c8b41232e0e390cb834e83d
base-0073,VOCABULARY,dividend,cổ tức,,Please check the dividend before the payment is processed.,Vui lòng kiểm tra cổ tức trước khi khoản thanh toán được xử lý.,Finance Accounting,B2,"{""part_of_speech"": ""noun"", ""subtopic"": ""TOEIC Workplace"", ""toeic_part"": ""5"", ""difficulty"": ""3"", ""explanation"": ""Từ vựng trọng tâm theo ngữ cảnh TOEIC; học cùng ví dụ, word family và collocation."", ""tags"": ""toeic,v4,finance-accounting,workplace"", ""audio_text"": ""Please check the dividend before the payment is processed."", ""source"": ""YangLingo TOEIC Expansion v4""}",3ad40f310c35979435cd301fda7536f55b992518
base-0074,VOCABULARY,shareholder,cổ đông,,Please check the shareholder before the payment is processed.,Vui lòng kiểm tra cổ đông trước khi khoản thanh toán được xử lý.,Finance Accounting,B2,"{""part_of_speech"": ""noun"", ""subtopic"": ""TOEIC Workplace"", ""toeic_part"": ""5"", ""difficulty"": ""3"", ""explanation"": ""Từ vựng trọng tâm theo ngữ cảnh TOEIC; học cùng ví dụ, word family và collocation."", ""tags"": ""toeic,v4,finance-accounting,workplace"", ""audio_text"": ""Please check the shareholder before the payment is processed."", ""source"": ""YangLingo TOEIC Expansion v4""}",7dddc9ffe872ab06c758d03892475a1faf91e11f
base-0075,VOCABULARY,liability,"khoản nợ, trách nhiệm pháp lý",,Please check the liability before the payment is processed.,"Vui lòng kiểm tra khoản nợ, trách nhiệm pháp lý trước khi khoản thanh toán được xử lý.",Finance Accounting,B2,"{""part_of_speech"": ""noun"", ""subtopic"": ""TOEIC Workplace"", ""toeic_part"": ""5"", ""difficulty"": ""3"", ""collocations"": ""legal liability"", ""explanation"": ""Từ vựng trọng tâm theo ngữ cảnh TOEIC; học cùng ví dụ, word family và collocation."", ""tags"": ""toeic,v4,finance-accounting,workplace"", ""audio_text"": ""Please check the liability before the payment is processed."", ""source"": ""YangLingo TOEIC Expansion v4""}",6d61c20ffba4d33371301ee0832609e4375e8a45
base-0076,VOCABULARY,equity,vốn chủ sở hữu,,Please check the equity before the payment is processed.,Vui lòng kiểm tra vốn chủ sở hữu trước khi khoản thanh toán được xử lý.,Finance Accounting,B2,"{""part_of_speech"": ""noun"", ""subtopic"": ""TOEIC Workplace"", ""toeic_part"": ""5"", ""difficulty"": ""3"", ""explanation"": ""Từ vựng trọng tâm theo ngữ cảnh TOEIC; học cùng ví dụ, word family và collocation."", ""tags"": ""toeic,v4,finance-accounting,workplace"", ""audio_text"": ""Please check the equity before the payment is processed."", ""source"": ""YangLingo TOEIC Expansion v4""}",20f2c07b9c05d53031e72d1aa26b44b5a4d5d8c9
base-0077,VOCABULARY,interest rate,lãi suất,,Please check the interest rate before the payment is processed.,Vui lòng kiểm tra lãi suất trước khi khoản thanh toán được xử lý.,Finance Accounting,B2,"{""part_of_speech"": ""noun"", ""subtopic"": ""TOEIC Workplace"", ""toeic_part"": ""5"", ""difficulty"": ""3"", ""explanation"": ""Từ vựng trọng tâm theo ngữ cảnh TOEIC; học cùng ví dụ, word family và collocation."", ""tags"": ""toeic,v4,finance-accounting,workplace"", ""audio_text"": ""Please check the interest rate before the payment is processed."", ""source"": ""YangLingo TOEIC Expansion v4""}",411d788c739e627b59a71507c30bb72a7b552c7f
base-0078,VOCABULARY,debit,khoản ghi nợ,,Please check the debit before the payment is processed.,Vui lòng kiểm tra khoản ghi nợ trước khi khoản thanh toán được xử lý.,Finance Accounting,B2,"{""part_of_speech"": ""noun"", ""subtopic"": ""TOEIC Workplace"", ""toeic_part"": ""5"", ""difficulty"": ""3"", ""explanation"": ""Từ vựng trọng tâm theo ngữ cảnh TOEIC; học cùng ví dụ, word family và collocation."", ""tags"": ""toeic,v4,finance-accounting,workplace"", ""audio_text"": ""Please check the debit before the payment is processed."", ""source"": ""YangLingo TOEIC Expansion v4""}",8daefecdf7d439109807c51bf13bbe018e24c8d7
base-0079,VOCABULARY,account balance,số dư tài khoản,,Please check the account balance before the payment is processed.,Vui lòng kiểm tra số dư tài khoản trước khi khoản thanh toán được xử lý.,Finance Accounting,B2,"{""part_of_speech"": ""noun"", ""subtopic"": ""TOEIC Workplace"", ""toeic_part"": ""5"", ""difficulty"": ""3"", ""collocations"": ""log in to an account; review a balance sheet; outstanding balance"", ""explanation"": ""Từ vựng trọng tâm theo ngữ cảnh TOEIC; học cùng ví dụ, word family và collocation."", ""tags"": ""toeic,v4,finance-accounting,workplace"", ""audio_text"": ""Please check the account balance before the payment is processed."", ""source"": ""YangLingo TOEIC Expansion v4""}",a13e62d713ebadbfee3d110ed7f4cd19dd7a8147
base-0080,VOCABULARY,exchange rate,tỷ giá hối đoái,,Please check the exchange rate before the payment is processed.,Vui lòng kiểm tra tỷ giá hối đoái trước khi khoản thanh toán được xử lý.,Finance Accounting,B2,"{""part_of_speech"": ""noun"", ""subtopic"": ""TOEIC Workplace"", ""toeic_part"": ""5"", ""difficulty"": ""3"", ""collocations"": ""exchange an item"", ""explanation"": ""Từ vựng trọng tâm theo ngữ cảnh TOEIC; học cùng ví dụ, word family và collocation."", ""tags"": ""toeic,v4,finance-accounting,workplace"", ""audio_text"": ""Please check the exchange rate before the payment is processed."", ""source"": ""YangLingo TOEIC Expansion v4""}",bf874d84e57de5bfeb12d9cd592eeb62c87ebb4f
base-0081,VOCABULARY,supplier,nhà cung cấp,,The logistics team checked the supplier before dispatch.,Bộ phận hậu cần đã kiểm tra nhà cung cấp trước khi gửi hàng.,Purchasing Logistics,B1,"{""part_of_speech"": ""noun"", ""subtopic"": ""TOEIC Workplace"", ""toeic_part"": ""7"", ""difficulty"": ""2"", ""explanation"": ""Từ vựng trọng tâm theo ngữ cảnh TOEIC; học cùng ví dụ, word family và collocation."", ""tags"": ""toeic,v4,purchasing-logistics,workplace"", ""audio_text"": ""The logistics team checked the supplier before dispatch."", ""source"": ""YangLingo TOEIC Expansion v4""}",a59516db713a47febaf20365c1318cf470ed8bfc
base-0082,VOCABULARY,vendor,"nhà bán hàng, nhà cung cấp",,The logistics team checked the vendor before dispatch.,"Bộ phận hậu cần đã kiểm tra nhà bán hàng, nhà cung cấp trước khi gửi hàng.",Purchasing Logistics,B1,"{""part_of_speech"": ""noun"", ""subtopic"": ""TOEIC Workplace"", ""toeic_part"": ""7"", ""difficulty"": ""2"", ""explanation"": ""Từ vựng trọng tâm theo ngữ cảnh TOEIC; học cùng ví dụ, word family và collocation."", ""tags"": ""toeic,v4,purchasing-logistics,workplace"", ""audio_text"": ""The logistics team checked the vendor before dispatch."", ""source"": ""YangLingo TOEIC Expansion v4""}",7a6ce5991ef96b338d73f97bea6bc656f42569ee
base-0083,VOCABULARY,procurement,"hoạt động mua sắm, thu mua",,The logistics team checked the procurement before dispatch.,"Bộ phận hậu cần đã kiểm tra hoạt động mua sắm, thu mua trước khi gửi hàng.",Purchasing Logistics,B1,"{""part_of_speech"": ""noun"", ""subtopic"": ""TOEIC Workplace"", ""toeic_part"": ""7"", ""difficulty"": ""2"", ""explanation"": ""Từ vựng trọng tâm theo ngữ cảnh TOEIC; học cùng ví dụ, word family và collocation."", ""tags"": ""toeic,v4,purchasing-logistics,workplace"", ""audio_text"": ""The logistics team checked the procurement before dispatch."", ""source"": ""YangLingo TOEIC Expansion v4""}",21a99b93b4f432da6e357a342ab92d92289e859e
base-0084,VOCABULARY,purchaser,"người mua, bộ phận mua hàng",,The logistics team checked the purchaser before dispatch.,"Bộ phận hậu cần đã kiểm tra người mua, bộ phận mua hàng trước khi gửi hàng.",Purchasing Logistics,B1,"{""part_of_speech"": ""noun"", ""subtopic"": ""TOEIC Workplace"", ""toeic_part"": ""7"", ""difficulty"": ""2"", ""explanation"": ""Từ vựng trọng tâm theo ngữ cảnh TOEIC; học cùng ví dụ, word family và collocation."", ""tags"": ""toeic,v4,purchasing-logistics,workplace"", ""audio_text"": ""The logistics team checked the purchaser before dispatch."", ""source"": ""YangLingo TOEIC Expansion v4""}",e12b16114f62fd310bf376db79915639da6d46c4
base-0085,VOCABULARY,purchase order,đơn đặt hàng mua,,The logistics team checked the purchase order before dispatch.,Bộ phận hậu cần đã kiểm tra đơn đặt hàng mua trước khi gửi hàng.,Purchasing Logistics,B1,"{""part_of_speech"": ""noun"", ""subtopic"": ""TOEIC Workplace"", ""toeic_part"": ""7"", ""difficulty"": ""2"", ""collocations"": ""place an order; cancel an order; dispatch an order"", ""explanation"": ""Từ vựng trọng tâm theo ngữ cảnh TOEIC; học cùng ví dụ, word family và collocation."", ""tags"": ""toeic,v4,purchasing-logistics,workplace"", ""audio_text"": ""The logistics team checked the purchase order before dispatch."", ""source"": ""YangLingo TOEIC Expansion v4""}",cbb5f77f2df159706124d239bd2154a6b12c7726
base-0086,VOCABULARY,quotation,báo giá,,The logistics team checked the quotation before dispatch.,Bộ phận hậu cần đã kiểm tra báo giá trước khi gửi hàng.,Purchasing Logistics,B1,"{""part_of_speech"": ""noun"", ""subtopic"": ""TOEIC Workplace"", ""toeic_part"": ""7"", ""difficulty"": ""2"", ""collocations"": ""request a quotation"", ""explanation"": ""Từ vựng trọng tâm theo ngữ cảnh TOEIC; học cùng ví dụ, word family và collocation."", ""tags"": ""toeic,v4,purchasing-logistics,workplace"", ""audio_text"": ""The logistics team checked the quotation before dispatch."", ""source"": ""YangLingo TOEIC Expansion v4""}",d03e5e6a6681c61e9a7f63c9e236cb4b6c38aa67
base-0087,VOCABULARY,warehouse,kho hàng,,The logistics team checked the warehouse before dispatch.,Bộ phận hậu cần đã kiểm tra kho hàng trước khi gửi hàng.,Purchasing Logistics,B1,"{""part_of_speech"": ""noun"", ""subtopic"": ""TOEIC Workplace"", ""toeic_part"": ""7"", ""difficulty"": ""2"", ""explanation"": ""Từ vựng trọng tâm theo ngữ cảnh TOEIC; học cùng ví dụ, word family và collocation."", ""tags"": ""toeic,v4,purchasing-logistics,workplace"", ""audio_text"": ""The logistics team checked the warehouse before dispatch."", ""source"": ""YangLingo TOEIC Expansion v4""}",c6d8cda85ce2e1afa64c03f2d2d53c06bb136cd5
base-0088,VOCABULARY,shipment,"lô hàng, việc vận chuyển",,The logistics team checked the shipment before dispatch.,"Bộ phận hậu cần đã kiểm tra lô hàng, việc vận chuyển trước khi gửi hàng.",Purchasing Logistics,B1,"{""part_of_speech"": ""noun"", ""subtopic"": ""TOEIC Workplace"", ""toeic_part"": ""7"", ""difficulty"": ""2"", ""collocations"": ""track a shipment"", ""explanation"": ""Từ vựng trọng tâm theo ngữ cảnh TOEIC; học cùng ví dụ, word family và collocation."", ""tags"": ""toeic,v4,purchasing-logistics,workplace"", ""audio_text"": ""The logistics team checked the shipment before dispatch."", ""source"": ""YangLingo TOEIC Expansion v4""}",78b5bf9b992a8f481dfa11b2e66893b3f5af6aac
base-0089,VOCABULARY,dispatch,"việc gửi hàng, điều phối gửi đi",,The logistics team checked the dispatch before dispatch.,"Bộ phận hậu cần đã kiểm tra việc gửi hàng, điều phối gửi đi trước khi gửi hàng.",Purchasing Logistics,B1,"{""part_of_speech"": ""noun"", ""subtopic"": ""TOEIC Workplace"", ""toeic_part"": ""7"", ""difficulty"": ""2"", ""collocations"": ""dispatch an order"", ""explanation"": ""Từ vựng trọng tâm theo ngữ cảnh TOEIC; học cùng ví dụ, word family và collocation."", ""tags"": ""toeic,v4,purchasing-logistics,workplace"", ""audio_text"": ""The logistics team checked the dispatch before dispatch."", ""source"": ""YangLingo TOEIC Expansion v4""}",38d338e153d956f91c97d4434cd0a33dcf91978a
base-0090,VOCABULARY,carrier,đơn vị vận chuyển,,The logistics team checked the carrier before dispatch.,Bộ phận hậu cần đã kiểm tra đơn vị vận chuyển trước khi gửi hàng.,Purchasing Logistics,B1,"{""part_of_speech"": ""noun"", ""subtopic"": ""TOEIC Workplace"", ""toeic_part"": ""7"", ""difficulty"": ""2"", ""explanation"": ""Từ vựng trọng tâm theo ngữ cảnh TOEIC; học cùng ví dụ, word family và collocation."", ""tags"": ""toeic,v4,purchasing-logistics,workplace"", ""audio_text"": ""The logistics team checked the carrier before dispatch."", ""source"": ""YangLingo TOEIC Expansion v4""}",7ef8ca212a7e63fd71ef99235885d39b980fe84d
base-0091,VOCABULARY,tracking number,mã theo dõi vận chuyển,,The logistics team checked the tracking number before dispatch.,Bộ phận hậu cần đã kiểm tra mã theo dõi vận chuyển trước khi gửi hàng.,Purchasing Logistics,B1,"{""part_of_speech"": ""noun"", ""subtopic"": ""TOEIC Workplace"", ""toeic_part"": ""7"", ""difficulty"": ""2"", ""collocations"": ""batch number"", ""explanation"": ""Từ vựng trọng tâm theo ngữ cảnh TOEIC; học cùng ví dụ, word family và collocation."", ""tags"": ""toeic,v4,purchasing-logistics,workplace"", ""audio_text"": ""The logistics team checked the tracking number before dispatch."", ""source"": ""YangLingo TOEIC Expansion v4""}",74a119b5aa7c50ecc9ac9f4478ba5b9640e26a08
base-0092,VOCABULARY,consignment,lô hàng gửi,,The logistics team checked the consignment before dispatch.,Bộ phận hậu cần đã kiểm tra lô hàng gửi trước khi gửi hàng.,Purchasing Logistics,B1,"{""part_of_speech"": ""noun"", ""subtopic"": ""TOEIC Workplace"", ""toeic_part"": ""7"", ""difficulty"": ""2"", ""explanation"": ""Từ vựng trọng tâm theo ngữ cảnh TOEIC; học cùng ví dụ, word family và collocation."", ""tags"": ""toeic,v4,purchasing-logistics,workplace"", ""audio_text"": ""The logistics team checked the consignment before dispatch."", ""source"": ""YangLingo TOEIC Expansion v4""}",9ef40fdfe220e04630ebad3fa02c94ed32b5c299
base-0093,VOCABULARY,backorder,đơn hàng chờ vì hết hàng,,The logistics team checked the backorder before dispatch.,Bộ phận hậu cần đã kiểm tra đơn hàng chờ vì hết hàng trước khi gửi hàng.,Purchasing Logistics,B1,"{""part_of_speech"": ""noun"", ""subtopic"": ""TOEIC Workplace"", ""toeic_part"": ""7"", ""difficulty"": ""2"", ""explanation"": ""Từ vựng trọng tâm theo ngữ cảnh TOEIC; học cùng ví dụ, word family và collocation."", ""tags"": ""toeic,v4,purchasing-logistics,workplace"", ""audio_text"": ""The logistics team checked the backorder before dispatch."", ""source"": ""YangLingo TOEIC Expansion v4""}",0622a9d5f02ff5ec6b8c8ef6eea6ed40c7e4b015
base-0094,VOCABULARY,reorder,đặt hàng lại,,The store will reorder the item when stock runs low.,Cửa hàng sẽ đặt lại mặt hàng khi tồn kho xuống thấp.,Purchasing Logistics,B1,"{""part_of_speech"": ""verb"", ""subtopic"": ""TOEIC Workplace"", ""toeic_part"": ""7"", ""difficulty"": ""2"", ""explanation"": ""Từ vựng trọng tâm theo ngữ cảnh TOEIC; học cùng ví dụ, word family và collocation."", ""tags"": ""toeic,v4,purchasing-logistics,workplace"", ""audio_text"": ""The store will reorder the item when stock runs low."", ""source"": ""YangLingo TOEIC Expansion v4""}",03dee7a8040091c4b2115d34d052103ef7275230
base-0095,VOCABULARY,restock,bổ sung hàng vào kho,,Employees restock the shelves every morning.,Nhân viên bổ sung hàng lên kệ mỗi sáng.,Purchasing Logistics,B1,"{""part_of_speech"": ""verb"", ""subtopic"": ""TOEIC Workplace"", ""toeic_part"": ""7"", ""difficulty"": ""2"", ""collocations"": ""restock the shelves"", ""explanation"": ""Từ vựng trọng tâm theo ngữ cảnh TOEIC; học cùng ví dụ, word family và collocation."", ""tags"": ""toeic,v4,purchasing-logistics,workplace"", ""audio_text"": ""Employees restock the shelves every morning."", ""source"": ""YangLingo TOEIC Expansion v4""}",f7e865a4d2476207bb00854cd184ebe6a1c7b6f2
base-0096,VOCABULARY,in stock,còn hàng,,The printer is currently in stock.,Máy in hiện đang còn hàng.,Purchasing Logistics,B1,"{""part_of_speech"": ""adjective"", ""subtopic"": ""TOEIC Workplace"", ""toeic_part"": ""7"", ""difficulty"": ""2"", ""collocations"": ""pay in installments; back in stock; check in online; log in to an account"", ""explanation"": ""Từ vựng trọng tâm theo ngữ cảnh TOEIC; học cùng ví dụ, word family và collocation."", ""tags"": ""toeic,v4,purchasing-logistics,workplace"", ""audio_text"": ""The printer is currently in stock."", ""source"": ""YangLingo TOEIC Expansion v4""}",f1abc3d4e776c0055680565a2b2b1a9c6bc2d379
base-0097,VOCABULARY,out of stock,hết hàng,,This model is temporarily out of stock.,Mẫu này tạm thời hết hàng.,Purchasing Logistics,B1,"{""part_of_speech"": ""adjective"", ""subtopic"": ""TOEIC Workplace"", ""toeic_part"": ""7"", ""difficulty"": ""2"", ""collocations"": ""check out of the hotel; back in stock"", ""explanation"": ""Từ vựng trọng tâm theo ngữ cảnh TOEIC; học cùng ví dụ, word family và collocation."", ""tags"": ""toeic,v4,purchasing-logistics,workplace"", ""audio_text"": ""This model is temporarily out of stock."", ""source"": ""YangLingo TOEIC Expansion v4""}",ee3410f6bb8fbd842400ef411d4ebf2b9babf438
base-0098,VOCABULARY,defective,"bị lỗi, khiếm khuyết",,The customer returned a defective product.,Khách hàng đã trả lại một sản phẩm bị lỗi.,Purchasing Logistics,B1,"{""part_of_speech"": ""adjective"", ""subtopic"": ""TOEIC Workplace"", ""toeic_part"": ""7"", ""difficulty"": ""2"", ""collocations"": ""return a defective item"", ""explanation"": ""Từ vựng trọng tâm theo ngữ cảnh TOEIC; học cùng ví dụ, word family và collocation."", ""tags"": ""toeic,v4,purchasing-logistics,workplace"", ""audio_text"": ""The customer returned a defective product."", ""source"": ""YangLingo TOEIC Expansion v4""}",ed5a649c0f300a36d42cdb6fc9c378f3cfea1f28
base-0099,VOCABULARY,replacement,"hàng, bộ phận thay thế",,The logistics team checked the replacement before dispatch.,"Bộ phận hậu cần đã kiểm tra hàng, bộ phận thay thế trước khi gửi hàng.",Purchasing Logistics,B1,"{""part_of_speech"": ""noun"", ""subtopic"": ""TOEIC Workplace"", ""toeic_part"": ""7"", ""difficulty"": ""2"", ""collocations"": ""request a replacement"", ""explanation"": ""Từ vựng trọng tâm theo ngữ cảnh TOEIC; học cùng ví dụ, word family và collocation."", ""tags"": ""toeic,v4,purchasing-logistics,workplace"", ""audio_text"": ""The logistics team checked the replacement before dispatch."", ""source"": ""YangLingo TOEIC Expansion v4""}",b2b56f2442f167a1f71c37524bc0c26853c80816
base-0100,VOCABULARY,warranty,bảo hành,,The logistics team checked the warranty before dispatch.,Bộ phận hậu cần đã kiểm tra bảo hành trước khi gửi hàng.,Purchasing Logistics,B1,"{""part_of_speech"": ""noun"", ""subtopic"": ""TOEIC Workplace"", ""toeic_part"": ""7"", ""difficulty"": ""2"", ""collocations"": ""warranty coverage"", ""explanation"": ""Từ vựng trọng tâm theo ngữ cảnh TOEIC; học cùng ví dụ, word family và collocation."", ""tags"": ""toeic,v4,purchasing-logistics,workplace"", ""audio_text"": ""The logistics team checked the warranty before dispatch."", ""source"": ""YangLingo TOEIC Expansion v4""}",358dccc9ab5f293dcf2e54a007f39bdc4848741b
base-0101,VOCABULARY,return policy,chính sách đổi trả,,The logistics team checked the return policy before dispatch.,Bộ phận hậu cần đã kiểm tra chính sách đổi trả trước khi gửi hàng.,Purchasing Logistics,B1,"{""part_of_speech"": ""noun"", ""subtopic"": ""TOEIC Workplace"", ""toeic_part"": ""7"", ""difficulty"": ""2"", ""collocations"": ""return a defective item"", ""explanation"": ""Từ vựng trọng tâm theo ngữ cảnh TOEIC; học cùng ví dụ, word family và collocation."", ""tags"": ""toeic,v4,purchasing-logistics,workplace"", ""audio_text"": ""The logistics team checked the return policy before dispatch."", ""source"": ""YangLingo TOEIC Expansion v4""}",4a0eca27ed0a153d74424b15ed675969e52be4f3
base-0102,VOCABULARY,packaging,"bao bì, việc đóng gói",,The logistics team checked the packaging before dispatch.,"Bộ phận hậu cần đã kiểm tra bao bì, việc đóng gói trước khi gửi hàng.",Purchasing Logistics,B1,"{""part_of_speech"": ""noun"", ""subtopic"": ""TOEIC Workplace"", ""toeic_part"": ""7"", ""difficulty"": ""2"", ""explanation"": ""Từ vựng trọng tâm theo ngữ cảnh TOEIC; học cùng ví dụ, word family và collocation."", ""tags"": ""toeic,v4,purchasing-logistics,workplace"", ""audio_text"": ""The logistics team checked the packaging before dispatch."", ""source"": ""YangLingo TOEIC Expansion v4""}",d36df447e794e11d8f09310a67a968fccc4385c8
base-0103,VOCABULARY,barcode,mã vạch,,The logistics team checked the barcode before dispatch.,Bộ phận hậu cần đã kiểm tra mã vạch trước khi gửi hàng.,Purchasing Logistics,B1,"{""part_of_speech"": ""noun"", ""subtopic"": ""TOEIC Workplace"", ""toeic_part"": ""7"", ""difficulty"": ""2"", ""explanation"": ""Từ vựng trọng tâm theo ngữ cảnh TOEIC; học cùng ví dụ, word family và collocation."", ""tags"": ""toeic,v4,purchasing-logistics,workplace"", ""audio_text"": ""The logistics team checked the barcode before dispatch."", ""source"": ""YangLingo TOEIC Expansion v4""}",8ccbdfff7b4875cedac90fa890b0183843433a36
base-0104,VOCABULARY,wholesaler,nhà bán buôn,,The logistics team checked the wholesaler before dispatch.,Bộ phận hậu cần đã kiểm tra nhà bán buôn trước khi gửi hàng.,Purchasing Logistics,B1,"{""part_of_speech"": ""noun"", ""subtopic"": ""TOEIC Workplace"", ""toeic_part"": ""7"", ""difficulty"": ""2"", ""explanation"": ""Từ vựng trọng tâm theo ngữ cảnh TOEIC; học cùng ví dụ, word family và collocation."", ""tags"": ""toeic,v4,purchasing-logistics,workplace"", ""audio_text"": ""The logistics team checked the wholesaler before dispatch."", ""source"": ""YangLingo TOEIC Expansion v4""}",1b3f373af375373f3710de1fea03328653bc4490
base-0105,VOCABULARY,retailer,nhà bán lẻ,,The logistics team checked the retailer before dispatch.,Bộ phận hậu cần đã kiểm tra nhà bán lẻ trước khi gửi hàng.,Purchasing Logistics,B1,"{""part_of_speech"": ""noun"", ""subtopic"": ""TOEIC Workplace"", ""toeic_part"": ""7"", ""difficulty"": ""2"", ""explanation"": ""Từ vựng trọng tâm theo ngữ cảnh TOEIC; học cùng ví dụ, word family và collocation."", ""tags"": ""toeic,v4,purchasing-logistics,workplace"", ""audio_text"": ""The logistics team checked the retailer before dispatch."", ""source"": ""YangLingo TOEIC Expansion v4""}",6fbe762b3c619fc1a1f9fb456d69c1c2df208ad5
base-0106,VOCABULARY,logistics,hoạt động hậu cần,,The logistics team checked the logistics before dispatch.,Bộ phận hậu cần đã kiểm tra hoạt động hậu cần trước khi gửi hàng.,Purchasing Logistics,B1,"{""part_of_speech"": ""noun"", ""subtopic"": ""TOEIC Workplace"", ""toeic_part"": ""7"", ""difficulty"": ""2"", ""explanation"": ""Từ vựng trọng tâm theo ngữ cảnh TOEIC; học cùng ví dụ, word family và collocation."", ""tags"": ""toeic,v4,purchasing-logistics,workplace"", ""audio_text"": ""The logistics team checked the logistics before dispatch."", ""source"": ""YangLingo TOEIC Expansion v4""}",ccca40defb8660417303ebc68a132de1254711d6
base-0107,VOCABULARY,customs clearance,thủ tục thông quan,,The logistics team checked the customs clearance before dispatch.,Bộ phận hậu cần đã kiểm tra thủ tục thông quan trước khi gửi hàng.,Purchasing Logistics,B1,"{""part_of_speech"": ""noun"", ""subtopic"": ""TOEIC Workplace"", ""toeic_part"": ""7"", ""difficulty"": ""2"", ""explanation"": ""Từ vựng trọng tâm theo ngữ cảnh TOEIC; học cùng ví dụ, word family và collocation."", ""tags"": ""toeic,v4,purchasing-logistics,workplace"", ""audio_text"": ""The logistics team checked the customs clearance before dispatch."", ""source"": ""YangLingo TOEIC Expansion v4""}",d91bbd1f2e1f8060a629910c8f342360c1d3ae7b
base-0108,VOCABULARY,campaign,chiến dịch,,The sales team discussed the campaign during the meeting.,Nhóm bán hàng đã thảo luận về chiến dịch trong cuộc họp.,Sales Marketing,B1,"{""part_of_speech"": ""noun"", ""subtopic"": ""TOEIC Workplace"", ""toeic_part"": ""5"", ""difficulty"": ""2"", ""collocations"": ""launch a campaign; advertising campaign"", ""explanation"": ""Từ vựng trọng tâm theo ngữ cảnh TOEIC; học cùng ví dụ, word family và collocation."", ""tags"": ""toeic,v4,sales-marketing,workplace"", ""audio_text"": ""The sales team discussed the campaign during the meeting."", ""source"": ""YangLingo TOEIC Expansion v4""}",e1ab20f4f31cf7e234ab042902780ae8772bcf1a
base-0109,VOCABULARY,brochure,"tờ giới thiệu, brochure",,The sales team discussed the brochure during the meeting.,"Nhóm bán hàng đã thảo luận về tờ giới thiệu, brochure trong cuộc họp.",Sales Marketing,B1,"{""part_of_speech"": ""noun"", ""subtopic"": ""TOEIC Workplace"", ""toeic_part"": ""5"", ""difficulty"": ""2"", ""explanation"": ""Từ vựng trọng tâm theo ngữ cảnh TOEIC; học cùng ví dụ, word family và collocation."", ""tags"": ""toeic,v4,sales-marketing,workplace"", ""audio_text"": ""The sales team discussed the brochure during the meeting."", ""source"": ""YangLingo TOEIC Expansion v4""}",195568b15b1cfaa30a9e5988c8144ae84236370f
base-0110,VOCABULARY,catalog,danh mục sản phẩm,,The sales team discussed the catalog during the meeting.,Nhóm bán hàng đã thảo luận về danh mục sản phẩm trong cuộc họp.,Sales Marketing,B1,"{""part_of_speech"": ""noun"", ""subtopic"": ""TOEIC Workplace"", ""toeic_part"": ""5"", ""difficulty"": ""2"", ""collocations"": ""product catalog"", ""explanation"": ""Từ vựng trọng tâm theo ngữ cảnh TOEIC; học cùng ví dụ, word family và collocation."", ""tags"": ""toeic,v4,sales-marketing,workplace"", ""audio_text"": ""The sales team discussed the catalog during the meeting."", ""source"": ""YangLingo TOEIC Expansion v4""}",9a49d2d38079af146e85c9bfabc5d187237e8125
base-0111,VOCABULARY,leaflet,tờ rơi thông tin,,The sales team discussed the leaflet during the meeting.,Nhóm bán hàng đã thảo luận về tờ rơi thông tin trong cuộc họp.,Sales Marketing,B1,"{""part_of_speech"": ""noun"", ""subtopic"": ""TOEIC Workplace"", ""toeic_part"": ""5"", ""difficulty"": ""2"", ""explanation"": ""Từ vựng trọng tâm theo ngữ cảnh TOEIC; học cùng ví dụ, word family và collocation."", ""tags"": ""toeic,v4,sales-marketing,workplace"", ""audio_text"": ""The sales team discussed the leaflet during the meeting."", ""source"": ""YangLingo TOEIC Expansion v4""}",4544c9ddc8599a07f34c348638a2e1c9c6bcf894
base-0112,VOCABULARY,flyer,tờ quảng cáo,,The sales team discussed the flyer during the meeting.,Nhóm bán hàng đã thảo luận về tờ quảng cáo trong cuộc họp.,Sales Marketing,B1,"{""part_of_speech"": ""noun"", ""subtopic"": ""TOEIC Workplace"", ""toeic_part"": ""5"", ""difficulty"": ""2"", ""explanation"": ""Từ vựng trọng tâm theo ngữ cảnh TOEIC; học cùng ví dụ, word family và collocation."", ""tags"": ""toeic,v4,sales-marketing,workplace"", ""audio_text"": ""The sales team discussed the flyer during the meeting."", ""source"": ""YangLingo TOEIC Expansion v4""}",8132f75cb18590d7936fd42ee882f21437d60f70
base-0113,VOCABULARY,coupon,phiếu giảm giá,,The sales team discussed the coupon during the meeting.,Nhóm bán hàng đã thảo luận về phiếu giảm giá trong cuộc họp.,Sales Marketing,B1,"{""part_of_speech"": ""noun"", ""subtopic"": ""TOEIC Workplace"", ""toeic_part"": ""5"", ""difficulty"": ""2"", ""collocations"": ""redeem a coupon"", ""explanation"": ""Từ vựng trọng tâm theo ngữ cảnh TOEIC; học cùng ví dụ, word family và collocation."", ""tags"": ""toeic,v4,sales-marketing,workplace"", ""audio_text"": ""The sales team discussed the coupon during the meeting."", ""source"": ""YangLingo TOEIC Expansion v4""}",04d786ae6ef8fc9f0ff9baf122cc933b18505d2a
base-0114,VOCABULARY,voucher,"phiếu mua hàng, chứng từ",,The sales team discussed the voucher during the meeting.,"Nhóm bán hàng đã thảo luận về phiếu mua hàng, chứng từ trong cuộc họp.",Sales Marketing,B1,"{""part_of_speech"": ""noun"", ""subtopic"": ""TOEIC Workplace"", ""toeic_part"": ""5"", ""difficulty"": ""2"", ""explanation"": ""Từ vựng trọng tâm theo ngữ cảnh TOEIC; học cùng ví dụ, word family và collocation."", ""tags"": ""toeic,v4,sales-marketing,workplace"", ""audio_text"": ""The sales team discussed the voucher during the meeting."", ""source"": ""YangLingo TOEIC Expansion v4""}",93e0a286c1d4cf351ce2d993b355ff84762af197
base-0115,VOCABULARY,loyalty,sự trung thành,,The sales team discussed the loyalty during the meeting.,Nhóm bán hàng đã thảo luận về sự trung thành trong cuộc họp.,Sales Marketing,B1,"{""part_of_speech"": ""noun"", ""subtopic"": ""TOEIC Workplace"", ""toeic_part"": ""5"", ""difficulty"": ""2"", ""explanation"": ""Từ vựng trọng tâm theo ngữ cảnh TOEIC; học cùng ví dụ, word family và collocation."", ""tags"": ""toeic,v4,sales-marketing,workplace"", ""audio_text"": ""The sales team discussed the loyalty during the meeting."", ""source"": ""YangLingo TOEIC Expansion v4""}",094b94eeb1421e02c0fe38feee37e4a73ca458ac
base-0116,VOCABULARY,subscription,"gói, việc đăng ký định kỳ",,The sales team discussed the subscription during the meeting.,"Nhóm bán hàng đã thảo luận về gói, việc đăng ký định kỳ trong cuộc họp.",Sales Marketing,B1,"{""part_of_speech"": ""noun"", ""subtopic"": ""TOEIC Workplace"", ""toeic_part"": ""5"", ""difficulty"": ""2"", ""collocations"": ""renew a subscription"", ""word_family"": ""subscribe (v) → subscriber (n) → subscription (n)"", ""explanation"": ""Từ vựng trọng tâm theo ngữ cảnh TOEIC; học cùng ví dụ, word family và collocation."", ""tags"": ""toeic,v4,sales-marketing,workplace"", ""audio_text"": ""The sales team discussed the subscription during the meeting."", ""source"": ""YangLingo TOEIC Expansion v4""}",7f6901d942743da7798eb7a62d084b5cff520050
base-0117,VOCABULARY,subscriber,người đăng ký,,The sales team discussed the subscriber during the meeting.,Nhóm bán hàng đã thảo luận về người đăng ký trong cuộc họp.,Sales Marketing,B1,"{""part_of_speech"": ""noun"", ""subtopic"": ""TOEIC Workplace"", ""toeic_part"": ""5"", ""difficulty"": ""2"", ""explanation"": ""Từ vựng trọng tâm theo ngữ cảnh TOEIC; học cùng ví dụ, word family và collocation."", ""tags"": ""toeic,v4,sales-marketing,workplace"", ""audio_text"": ""The sales team discussed the subscriber during the meeting."", ""source"": ""YangLingo TOEIC Expansion v4""}",d4a11e9288c1dc286089fd727527e60a28e920a0
base-0118,VOCABULARY,market share,thị phần,,The sales team discussed the market share during the meeting.,Nhóm bán hàng đã thảo luận về thị phần trong cuộc họp.,Sales Marketing,B1,"{""part_of_speech"": ""noun"", ""subtopic"": ""TOEIC Workplace"", ""toeic_part"": ""5"", ""difficulty"": ""2"", ""collocations"": ""increase market share; conduct market research; target market"", ""explanation"": ""Từ vựng trọng tâm theo ngữ cảnh TOEIC; học cùng ví dụ, word family và collocation."", ""tags"": ""toeic,v4,sales-marketing,workplace"", ""audio_text"": ""The sales team discussed the market share during the meeting."", ""source"": ""YangLingo TOEIC Expansion v4""}",e2c82f06863390acf3c604311e83f785212a504e
base-0119,VOCABULARY,competitor,đối thủ cạnh tranh,,The sales team discussed the competitor during the meeting.,Nhóm bán hàng đã thảo luận về đối thủ cạnh tranh trong cuộc họp.,Sales Marketing,B1,"{""part_of_speech"": ""noun"", ""subtopic"": ""TOEIC Workplace"", ""toeic_part"": ""5"", ""difficulty"": ""2"", ""explanation"": ""Từ vựng trọng tâm theo ngữ cảnh TOEIC; học cùng ví dụ, word family và collocation."", ""tags"": ""toeic,v4,sales-marketing,workplace"", ""audio_text"": ""The sales team discussed the competitor during the meeting."", ""source"": ""YangLingo TOEIC Expansion v4""}",ba4583a1c1f2778f75395df02fa3822a3d43377f
base-0120,VOCABULARY,pricing,việc định giá,,The sales team discussed the pricing during the meeting.,Nhóm bán hàng đã thảo luận về việc định giá trong cuộc họp.,Sales Marketing,B1,"{""part_of_speech"": ""noun"", ""subtopic"": ""TOEIC Workplace"", ""toeic_part"": ""5"", ""difficulty"": ""2"", ""explanation"": ""Từ vựng trọng tâm theo ngữ cảnh TOEIC; học cùng ví dụ, word family và collocation."", ""tags"": ""toeic,v4,sales-marketing,workplace"", ""audio_text"": ""The sales team discussed the pricing during the meeting."", ""source"": ""YangLingo TOEIC Expansion v4""}",c9b1b41477ba92bcf5a119b54506ad25ae45e42d
base-0121,VOCABULARY,sales representative,đại diện bán hàng,,The sales team discussed the sales representative during the meeting.,Nhóm bán hàng đã thảo luận về đại diện bán hàng trong cuộc họp.,Sales Marketing,B1,"{""part_of_speech"": ""noun"", ""subtopic"": ""TOEIC Workplace"", ""toeic_part"": ""5"", ""difficulty"": ""2"", ""explanation"": ""Từ vựng trọng tâm theo ngữ cảnh TOEIC; học cùng ví dụ, word family và collocation."", ""tags"": ""toeic,v4,sales-marketing,workplace"", ""audio_text"": ""The sales team discussed the sales representative during the meeting."", ""source"": ""YangLingo TOEIC Expansion v4""}",2144f468ba7c89cef383bef0eb7b22f556efa176
base-0122,VOCABULARY,questionnaire,bảng câu hỏi khảo sát,,The sales team discussed the questionnaire during the meeting.,Nhóm bán hàng đã thảo luận về bảng câu hỏi khảo sát trong cuộc họp.,Sales Marketing,B1,"{""part_of_speech"": ""noun"", ""subtopic"": ""TOEIC Workplace"", ""toeic_part"": ""5"", ""difficulty"": ""2"", ""explanation"": ""Từ vựng trọng tâm theo ngữ cảnh TOEIC; học cùng ví dụ, word family và collocation."", ""tags"": ""toeic,v4,sales-marketing,workplace"", ""audio_text"": ""The sales team discussed the questionnaire during the meeting."", ""source"": ""YangLingo TOEIC Expansion v4""}",e6b9e047db7fd73d660bf25f7b1b7993eac1a0a1
base-0123,VOCABULARY,product line,dòng sản phẩm,,The sales team discussed the product line during the meeting.,Nhóm bán hàng đã thảo luận về dòng sản phẩm trong cuộc họp.,Sales Marketing,B1,"{""part_of_speech"": ""noun"", ""subtopic"": ""TOEIC Workplace"", ""toeic_part"": ""5"", ""difficulty"": ""2"", ""collocations"": ""product catalog; launch a product; product demonstration"", ""explanation"": ""Từ vựng trọng tâm theo ngữ cảnh TOEIC; học cùng ví dụ, word family và collocation."", ""tags"": ""toeic,v4,sales-marketing,workplace"", ""audio_text"": ""The sales team discussed the product line during the meeting."", ""source"": ""YangLingo TOEIC Expansion v4""}",c3aba64590bf920838d69476452acf834688e35e
base-0124,VOCABULARY,branding,hoạt động xây dựng thương hiệu,,The sales team discussed the branding during the meeting.,Nhóm bán hàng đã thảo luận về hoạt động xây dựng thương hiệu trong cuộc họp.,Sales Marketing,B1,"{""part_of_speech"": ""noun"", ""subtopic"": ""TOEIC Workplace"", ""toeic_part"": ""5"", ""difficulty"": ""2"", ""explanation"": ""Từ vựng trọng tâm theo ngữ cảnh TOEIC; học cùng ví dụ, word family và collocation."", ""tags"": ""toeic,v4,sales-marketing,workplace"", ""audio_text"": ""The sales team discussed the branding during the meeting."", ""source"": ""YangLingo TOEIC Expansion v4""}",39434508435acc9d4b58a3a18ef79eff6add3692
base-0125,VOCABULARY,showcase,"trưng bày, giới thiệu nổi bật",,The company will showcase its new products at the trade show.,Công ty sẽ giới thiệu các sản phẩm mới tại hội chợ thương mại.,Sales Marketing,B1,"{""part_of_speech"": ""verb"", ""subtopic"": ""TOEIC Workplace"", ""toeic_part"": ""5"", ""difficulty"": ""2"", ""explanation"": ""Từ vựng trọng tâm theo ngữ cảnh TOEIC; học cùng ví dụ, word family và collocation."", ""tags"": ""toeic,v4,sales-marketing,workplace"", ""audio_text"": ""The company will showcase its new products at the trade show."", ""source"": ""YangLingo TOEIC Expansion v4""}",9f9e70ea94f3b4627d54f0ed6abc1d7ca295112a
base-0126,VOCABULARY,demonstration,buổi trình diễn sản phẩm,,The sales team discussed the demonstration during the meeting.,Nhóm bán hàng đã thảo luận về buổi trình diễn sản phẩm trong cuộc họp.,Sales Marketing,B1,"{""part_of_speech"": ""noun"", ""subtopic"": ""TOEIC Workplace"", ""toeic_part"": ""5"", ""difficulty"": ""2"", ""collocations"": ""product demonstration"", ""explanation"": ""Từ vựng trọng tâm theo ngữ cảnh TOEIC; học cùng ví dụ, word family và collocation."", ""tags"": ""toeic,v4,sales-marketing,workplace"", ""audio_text"": ""The sales team discussed the demonstration during the meeting."", ""source"": ""YangLingo TOEIC Expansion v4""}",76ea3f6360e65b53ab6de92c7597bcce682dce19
base-0127,VOCABULARY,negotiation,cuộc đàm phán,,The sales team discussed the negotiation during the meeting.,Nhóm bán hàng đã thảo luận về cuộc đàm phán trong cuộc họp.,Sales Marketing,B1,"{""part_of_speech"": ""noun"", ""subtopic"": ""TOEIC Workplace"", ""toeic_part"": ""5"", ""difficulty"": ""2"", ""word_family"": ""negotiate (v) → negotiation (n)"", ""explanation"": ""Từ vựng trọng tâm theo ngữ cảnh TOEIC; học cùng ví dụ, word family và collocation."", ""tags"": ""toeic,v4,sales-marketing,workplace"", ""audio_text"": ""The sales team discussed the negotiation during the meeting."", ""source"": ""YangLingo TOEIC Expansion v4""}",b2cc5263164d9b236c58e12fc458033747c8d4a2
base-0128,VOCABULARY,proposal,đề xuất,,The sales team discussed the proposal during the meeting.,Nhóm bán hàng đã thảo luận về đề xuất trong cuộc họp.,Sales Marketing,B1,"{""part_of_speech"": ""noun"", ""subtopic"": ""TOEIC Workplace"", ""toeic_part"": ""5"", ""difficulty"": ""2"", ""collocations"": ""submit a proposal; approve a proposal"", ""explanation"": ""Từ vựng trọng tâm theo ngữ cảnh TOEIC; học cùng ví dụ, word family và collocation."", ""tags"": ""toeic,v4,sales-marketing,workplace"", ""audio_text"": ""The sales team discussed the proposal during the meeting."", ""source"": ""YangLingo TOEIC Expansion v4""}",77e05e39c9a33d82e28006fb1d082e3685bd3f6a
base-0129,VOCABULARY,wholesale,bán buôn,,The sales team discussed the wholesale during the meeting.,Nhóm bán hàng đã thảo luận về bán buôn trong cuộc họp.,Sales Marketing,B1,"{""part_of_speech"": ""noun"", ""subtopic"": ""TOEIC Workplace"", ""toeic_part"": ""5"", ""difficulty"": ""2"", ""explanation"": ""Từ vựng trọng tâm theo ngữ cảnh TOEIC; học cùng ví dụ, word family và collocation."", ""tags"": ""toeic,v4,sales-marketing,workplace"", ""audio_text"": ""The sales team discussed the wholesale during the meeting."", ""source"": ""YangLingo TOEIC Expansion v4""}",c2d120ad96fbe19eb3c5eca605ce3d2b7dffeb29
base-0130,VOCABULARY,consumer demand,nhu cầu người tiêu dùng,,The sales team discussed the consumer demand during the meeting.,Nhóm bán hàng đã thảo luận về nhu cầu người tiêu dùng trong cuộc họp.,Sales Marketing,B1,"{""part_of_speech"": ""noun"", ""subtopic"": ""TOEIC Workplace"", ""toeic_part"": ""5"", ""difficulty"": ""2"", ""explanation"": ""Từ vựng trọng tâm theo ngữ cảnh TOEIC; học cùng ví dụ, word family và collocation."", ""tags"": ""toeic,v4,sales-marketing,workplace"", ""audio_text"": ""The sales team discussed the consumer demand during the meeting."", ""source"": ""YangLingo TOEIC Expansion v4""}",2e84fcab795e442455f4d04f732be301d5602d1d
base-0131,VOCABULARY,customer satisfaction,mức độ hài lòng của khách hàng,,The sales team discussed the customer satisfaction during the meeting.,Nhóm bán hàng đã thảo luận về mức độ hài lòng của khách hàng trong cuộc họp.,Sales Marketing,B1,"{""part_of_speech"": ""noun"", ""subtopic"": ""TOEIC Workplace"", ""toeic_part"": ""5"", ""difficulty"": ""2"", ""collocations"": ""potential customer; customer feedback"", ""explanation"": ""Từ vựng trọng tâm theo ngữ cảnh TOEIC; học cùng ví dụ, word family và collocation."", ""tags"": ""toeic,v4,sales-marketing,workplace"", ""audio_text"": ""The sales team discussed the customer satisfaction during the meeting."", ""source"": ""YangLingo TOEIC Expansion v4""}",b8e59e90873857ac6736503b98bd27332319bcab
base-0132,VOCABULARY,price quote,báo giá,,The sales team discussed the price quote during the meeting.,Nhóm bán hàng đã thảo luận về báo giá trong cuộc họp.,Sales Marketing,B1,"{""part_of_speech"": ""noun"", ""subtopic"": ""TOEIC Workplace"", ""toeic_part"": ""5"", ""difficulty"": ""2"", ""collocations"": ""negotiate a price"", ""explanation"": ""Từ vựng trọng tâm theo ngữ cảnh TOEIC; học cùng ví dụ, word family và collocation."", ""tags"": ""toeic,v4,sales-marketing,workplace"", ""audio_text"": ""The sales team discussed the price quote during the meeting."", ""source"": ""YangLingo TOEIC Expansion v4""}",e2719b7a4627769d1d628e0e1988f37fe1c0dce4
base-0133,VOCABULARY,reservation,sự đặt chỗ,,Please confirm the reservation before your trip.,Vui lòng xác nhận sự đặt chỗ trước chuyến đi.,Travel Hospitality,B1,"{""part_of_speech"": ""noun"", ""subtopic"": ""TOEIC Workplace"", ""toeic_part"": ""7"", ""difficulty"": ""2"", ""collocations"": ""make a reservation; confirm a reservation; cancel a reservation"", ""explanation"": ""Từ vựng trọng tâm theo ngữ cảnh TOEIC; học cùng ví dụ, word family và collocation."", ""tags"": ""toeic,v4,travel-hospitality,workplace"", ""audio_text"": ""Please confirm the reservation before your trip."", ""source"": ""YangLingo TOEIC Expansion v4""}",30935af878b43321af8efef9fdb84b91cd38b0ce
base-0134,VOCABULARY,booking,"việc đặt chỗ, đơn đặt chỗ",,Please confirm the booking before your trip.,"Vui lòng xác nhận việc đặt chỗ, đơn đặt chỗ trước chuyến đi.",Travel Hospitality,B1,"{""part_of_speech"": ""noun"", ""subtopic"": ""TOEIC Workplace"", ""toeic_part"": ""7"", ""difficulty"": ""2"", ""collocations"": ""change a booking"", ""explanation"": ""Từ vựng trọng tâm theo ngữ cảnh TOEIC; học cùng ví dụ, word family và collocation."", ""tags"": ""toeic,v4,travel-hospitality,workplace"", ""audio_text"": ""Please confirm the booking before your trip."", ""source"": ""YangLingo TOEIC Expansion v4""}",42f8fc726fa84e92fe95dca5793f41054b3bf861
base-0135,VOCABULARY,itinerary,lịch trình chuyến đi,,Please confirm the itinerary before your trip.,Vui lòng xác nhận lịch trình chuyến đi trước chuyến đi.,Travel Hospitality,B1,"{""part_of_speech"": ""noun"", ""subtopic"": ""TOEIC Workplace"", ""toeic_part"": ""7"", ""difficulty"": ""2"", ""collocations"": ""travel itinerary"", ""explanation"": ""Từ vựng trọng tâm theo ngữ cảnh TOEIC; học cùng ví dụ, word family và collocation."", ""tags"": ""toeic,v4,travel-hospitality,workplace"", ""audio_text"": ""Please confirm the itinerary before your trip."", ""source"": ""YangLingo TOEIC Expansion v4""}",e884d913cc184e679ab656f351f01518b1fc2250
base-0136,VOCABULARY,accommodation,"chỗ ở, nơi lưu trú",,Please confirm the accommodation before your trip.,"Vui lòng xác nhận chỗ ở, nơi lưu trú trước chuyến đi.",Travel Hospitality,B1,"{""part_of_speech"": ""noun"", ""subtopic"": ""TOEIC Workplace"", ""toeic_part"": ""7"", ""difficulty"": ""2"", ""collocations"": ""hotel accommodation"", ""explanation"": ""Từ vựng trọng tâm theo ngữ cảnh TOEIC; học cùng ví dụ, word family và collocation."", ""tags"": ""toeic,v4,travel-hospitality,workplace"", ""audio_text"": ""Please confirm the accommodation before your trip."", ""source"": ""YangLingo TOEIC Expansion v4""}",3cfcbe6568be0079811b7cf0e0d0aadbb133f55c
base-0137,VOCABULARY,check-in,"thủ tục nhận phòng, làm thủ tục chuyến đi",,Please confirm the check-in before your trip.,"Vui lòng xác nhận thủ tục nhận phòng, làm thủ tục chuyến đi trước chuyến đi.",Travel Hospitality,B1,"{""part_of_speech"": ""noun"", ""subtopic"": ""TOEIC Workplace"", ""toeic_part"": ""7"", ""difficulty"": ""2"", ""collocations"": ""check availability; check references; check inventory; check in online"", ""explanation"": ""Từ vựng trọng tâm theo ngữ cảnh TOEIC; học cùng ví dụ, word family và collocation."", ""tags"": ""toeic,v4,travel-hospitality,workplace"", ""audio_text"": ""Please confirm the check-in before your trip."", ""source"": ""YangLingo TOEIC Expansion v4""}",177204125d784330930337d6d8b25d3055cf7094
base-0138,VOCABULARY,check-out,thủ tục trả phòng,,Please confirm the check-out before your trip.,Vui lòng xác nhận thủ tục trả phòng trước chuyến đi.,Travel Hospitality,B1,"{""part_of_speech"": ""noun"", ""subtopic"": ""TOEIC Workplace"", ""toeic_part"": ""7"", ""difficulty"": ""2"", ""collocations"": ""check availability; check references; check inventory; check in online"", ""explanation"": ""Từ vựng trọng tâm theo ngữ cảnh TOEIC; học cùng ví dụ, word family và collocation."", ""tags"": ""toeic,v4,travel-hospitality,workplace"", ""audio_text"": ""Please confirm the check-out before your trip."", ""source"": ""YangLingo TOEIC Expansion v4""}",c771ade295b66d218b6ebd74c75fedb27b4a4c6e
base-0139,VOCABULARY,boarding pass,thẻ lên máy bay,,Please confirm the boarding pass before your trip.,Vui lòng xác nhận thẻ lên máy bay trước chuyến đi.,Travel Hospitality,B1,"{""part_of_speech"": ""noun"", ""subtopic"": ""TOEIC Workplace"", ""toeic_part"": ""7"", ""difficulty"": ""2"", ""explanation"": ""Từ vựng trọng tâm theo ngữ cảnh TOEIC; học cùng ví dụ, word family và collocation."", ""tags"": ""toeic,v4,travel-hospitality,workplace"", ""audio_text"": ""Please confirm the boarding pass before your trip."", ""source"": ""YangLingo TOEIC Expansion v4""}",0798cacab305360d8a6065784743d6ad01831a2f
base-0140,VOCABULARY,baggage claim,khu nhận hành lý,,Please confirm the baggage claim before your trip.,Vui lòng xác nhận khu nhận hành lý trước chuyến đi.,Travel Hospitality,B1,"{""part_of_speech"": ""noun"", ""subtopic"": ""TOEIC Workplace"", ""toeic_part"": ""7"", ""difficulty"": ""2"", ""collocations"": ""claim a refund"", ""explanation"": ""Từ vựng trọng tâm theo ngữ cảnh TOEIC; học cùng ví dụ, word family và collocation."", ""tags"": ""toeic,v4,travel-hospitality,workplace"", ""audio_text"": ""Please confirm the baggage claim before your trip."", ""source"": ""YangLingo TOEIC Expansion v4""}",e9c83b835d3703ad80406c47f9e5d2a6f12852b5
base-0141,VOCABULARY,carry-on,hành lý xách tay,,Please confirm the carry-on before your trip.,Vui lòng xác nhận hành lý xách tay trước chuyến đi.,Travel Hospitality,B1,"{""part_of_speech"": ""noun"", ""subtopic"": ""TOEIC Workplace"", ""toeic_part"": ""7"", ""difficulty"": ""2"", ""collocations"": ""carry-on luggage; follow up on an issue"", ""explanation"": ""Từ vựng trọng tâm theo ngữ cảnh TOEIC; học cùng ví dụ, word family và collocation."", ""tags"": ""toeic,v4,travel-hospitality,workplace"", ""audio_text"": ""Please confirm the carry-on before your trip."", ""source"": ""YangLingo TOEIC Expansion v4""}",29a862bdd80a84131dab8c0ce6811b39ca015298
base-0142,VOCABULARY,passport,hộ chiếu,,Please confirm the passport before your trip.,Vui lòng xác nhận hộ chiếu trước chuyến đi.,Travel Hospitality,B1,"{""part_of_speech"": ""noun"", ""subtopic"": ""TOEIC Workplace"", ""toeic_part"": ""7"", ""difficulty"": ""2"", ""explanation"": ""Từ vựng trọng tâm theo ngữ cảnh TOEIC; học cùng ví dụ, word family và collocation."", ""tags"": ""toeic,v4,travel-hospitality,workplace"", ""audio_text"": ""Please confirm the passport before your trip."", ""source"": ""YangLingo TOEIC Expansion v4""}",d184d9b811624c7e7c753a285d2e5260eb19d656
base-0143,VOCABULARY,visa,thị thực,,Please confirm the visa before your trip.,Vui lòng xác nhận thị thực trước chuyến đi.,Travel Hospitality,B1,"{""part_of_speech"": ""noun"", ""subtopic"": ""TOEIC Workplace"", ""toeic_part"": ""7"", ""difficulty"": ""2"", ""explanation"": ""Từ vựng trọng tâm theo ngữ cảnh TOEIC; học cùng ví dụ, word family và collocation."", ""tags"": ""toeic,v4,travel-hospitality,workplace"", ""audio_text"": ""Please confirm the visa before your trip."", ""source"": ""YangLingo TOEIC Expansion v4""}",7436af358d9b1368b3956be48fa65b1980d37b5a
base-0144,VOCABULARY,immigration,thủ tục nhập cảnh,,Please confirm the immigration before your trip.,Vui lòng xác nhận thủ tục nhập cảnh trước chuyến đi.,Travel Hospitality,B1,"{""part_of_speech"": ""noun"", ""subtopic"": ""TOEIC Workplace"", ""toeic_part"": ""7"", ""difficulty"": ""2"", ""explanation"": ""Từ vựng trọng tâm theo ngữ cảnh TOEIC; học cùng ví dụ, word family và collocation."", ""tags"": ""toeic,v4,travel-hospitality,workplace"", ""audio_text"": ""Please confirm the immigration before your trip."", ""source"": ""YangLingo TOEIC Expansion v4""}",f8c59a8c8c2164df5cf5179af01fe57fd6dadd08
base-0145,VOCABULARY,shuttle,xe đưa đón,,Please confirm the shuttle before your trip.,Vui lòng xác nhận xe đưa đón trước chuyến đi.,Travel Hospitality,B1,"{""part_of_speech"": ""noun"", ""subtopic"": ""TOEIC Workplace"", ""toeic_part"": ""7"", ""difficulty"": ""2"", ""collocations"": ""shuttle service"", ""explanation"": ""Từ vựng trọng tâm theo ngữ cảnh TOEIC; học cùng ví dụ, word family và collocation."", ""tags"": ""toeic,v4,travel-hospitality,workplace"", ""audio_text"": ""Please confirm the shuttle before your trip."", ""source"": ""YangLingo TOEIC Expansion v4""}",62e66eb157829cbb536dcb3a8ee51cfa2e80fab5
base-0146,VOCABULARY,rental car,xe thuê,,Please confirm the rental car before your trip.,Vui lòng xác nhận xe thuê trước chuyến đi.,Travel Hospitality,B1,"{""part_of_speech"": ""noun"", ""subtopic"": ""TOEIC Workplace"", ""toeic_part"": ""7"", ""difficulty"": ""2"", ""explanation"": ""Từ vựng trọng tâm theo ngữ cảnh TOEIC; học cùng ví dụ, word family và collocation."", ""tags"": ""toeic,v4,travel-hospitality,workplace"", ""audio_text"": ""Please confirm the rental car before your trip."", ""source"": ""YangLingo TOEIC Expansion v4""}",90cb211acb67abd882c902e45c7b97375eee831d
base-0147,VOCABULARY,cancellation,việc hủy,,Please confirm the cancellation before your trip.,Vui lòng xác nhận việc hủy trước chuyến đi.,Travel Hospitality,B1,"{""part_of_speech"": ""noun"", ""subtopic"": ""TOEIC Workplace"", ""toeic_part"": ""7"", ""difficulty"": ""2"", ""collocations"": ""flight cancellation"", ""word_family"": ""cancel (v) → cancellation (n)"", ""explanation"": ""Từ vựng trọng tâm theo ngữ cảnh TOEIC; học cùng ví dụ, word family và collocation."", ""tags"": ""toeic,v4,travel-hospitality,workplace"", ""audio_text"": ""Please confirm the cancellation before your trip."", ""source"": ""YangLingo TOEIC Expansion v4""}",7941ca86a068330fdb661accc41bc13f50745bdd
base-0148,VOCABULARY,ticket counter,quầy bán vé,,Please confirm the ticket counter before your trip.,Vui lòng xác nhận quầy bán vé trước chuyến đi.,Travel Hospitality,B1,"{""part_of_speech"": ""noun"", ""subtopic"": ""TOEIC Workplace"", ""toeic_part"": ""7"", ""difficulty"": ""2"", ""explanation"": ""Từ vựng trọng tâm theo ngữ cảnh TOEIC; học cùng ví dụ, word family và collocation."", ""tags"": ""toeic,v4,travel-hospitality,workplace"", ""audio_text"": ""Please confirm the ticket counter before your trip."", ""source"": ""YangLingo TOEIC Expansion v4""}",2f079e5d0b8542ee0ba802c453958d17d0cbce15
base-0149,VOCABULARY,confirmation number,mã xác nhận,,Please confirm the confirmation number before your trip.,Vui lòng xác nhận mã xác nhận trước chuyến đi.,Travel Hospitality,B1,"{""part_of_speech"": ""noun"", ""subtopic"": ""TOEIC Workplace"", ""toeic_part"": ""7"", ""difficulty"": ""2"", ""collocations"": ""batch number"", ""explanation"": ""Từ vựng trọng tâm theo ngữ cảnh TOEIC; học cùng ví dụ, word family và collocation."", ""tags"": ""toeic,v4,travel-hospitality,workplace"", ""audio_text"": ""Please confirm the confirmation number before your trip."", ""source"": ""YangLingo TOEIC Expansion v4""}",bddcf2c9663147802024bcfeb447631dba106233
base-0150,VOCABULARY,concierge,nhân viên hỗ trợ khách sạn,,Please confirm the concierge before your trip.,Vui lòng xác nhận nhân viên hỗ trợ khách sạn trước chuyến đi.,Travel Hospitality,B1,"{""part_of_speech"": ""noun"", ""subtopic"": ""TOEIC Workplace"", ""toeic_part"": ""7"", ""difficulty"": ""2"", ""explanation"": ""Từ vựng trọng tâm theo ngữ cảnh TOEIC; học cùng ví dụ, word family và collocation."", ""tags"": ""toeic,v4,travel-hospitality,workplace"", ""audio_text"": ""Please confirm the concierge before your trip."", ""source"": ""YangLingo TOEIC Expansion v4""}",74e8ebe4ed2e69db2ce06baa736e7ac6debf75f7
base-0151,VOCABULARY,room service,dịch vụ phòng,,Please confirm the room service before your trip.,Vui lòng xác nhận dịch vụ phòng trước chuyến đi.,Travel Hospitality,B1,"{""part_of_speech"": ""noun"", ""subtopic"": ""TOEIC Workplace"", ""toeic_part"": ""7"", ""difficulty"": ""2"", ""collocations"": ""reserve a conference room; shuttle service; catering service"", ""explanation"": ""Từ vựng trọng tâm theo ngữ cảnh TOEIC; học cùng ví dụ, word family và collocation."", ""tags"": ""toeic,v4,travel-hospitality,workplace"", ""audio_text"": ""Please confirm the room service before your trip."", ""source"": ""YangLingo TOEIC Expansion v4""}",06327c0381475d97738f1065b25c7d0d7c964920
base-0152,VOCABULARY,complimentary,"miễn phí, tặng kèm",,Guests receive complimentary breakfast with their reservation.,Khách được phục vụ bữa sáng miễn phí kèm đặt phòng.,Travel Hospitality,B1,"{""part_of_speech"": ""adjective"", ""subtopic"": ""TOEIC Workplace"", ""toeic_part"": ""7"", ""difficulty"": ""2"", ""collocations"": ""complimentary breakfast"", ""explanation"": ""Từ vựng trọng tâm theo ngữ cảnh TOEIC; học cùng ví dụ, word family và collocation."", ""tags"": ""toeic,v4,travel-hospitality,workplace"", ""audio_text"": ""Guests receive complimentary breakfast with their reservation."", ""source"": ""YangLingo TOEIC Expansion v4""}",05a331c0cbdba1d5512f511f25204b5de6963e5f
base-0153,VOCABULARY,single room,phòng đơn,,Please confirm the single room before your trip.,Vui lòng xác nhận phòng đơn trước chuyến đi.,Travel Hospitality,B1,"{""part_of_speech"": ""noun"", ""subtopic"": ""TOEIC Workplace"", ""toeic_part"": ""7"", ""difficulty"": ""2"", ""collocations"": ""reserve a conference room"", ""explanation"": ""Từ vựng trọng tâm theo ngữ cảnh TOEIC; học cùng ví dụ, word family và collocation."", ""tags"": ""toeic,v4,travel-hospitality,workplace"", ""audio_text"": ""Please confirm the single room before your trip."", ""source"": ""YangLingo TOEIC Expansion v4""}",c1d14583eec2a44ef2a1f9229d97c568f56a2fc8
base-0154,VOCABULARY,double room,phòng đôi,,Please confirm the double room before your trip.,Vui lòng xác nhận phòng đôi trước chuyến đi.,Travel Hospitality,B1,"{""part_of_speech"": ""noun"", ""subtopic"": ""TOEIC Workplace"", ""toeic_part"": ""7"", ""difficulty"": ""2"", ""collocations"": ""reserve a conference room"", ""explanation"": ""Từ vựng trọng tâm theo ngữ cảnh TOEIC; học cùng ví dụ, word family và collocation."", ""tags"": ""toeic,v4,travel-hospitality,workplace"", ""audio_text"": ""Please confirm the double room before your trip."", ""source"": ""YangLingo TOEIC Expansion v4""}",13368392e0f454dd60e8c80788faf13dcf8651fc
base-0155,VOCABULARY,conference venue,địa điểm hội nghị,,Please confirm the conference venue before your trip.,Vui lòng xác nhận địa điểm hội nghị trước chuyến đi.,Travel Hospitality,B1,"{""part_of_speech"": ""noun"", ""subtopic"": ""TOEIC Workplace"", ""toeic_part"": ""7"", ""difficulty"": ""2"", ""collocations"": ""reserve a conference room; join a conference call; attend a video conference"", ""explanation"": ""Từ vựng trọng tâm theo ngữ cảnh TOEIC; học cùng ví dụ, word family và collocation."", ""tags"": ""toeic,v4,travel-hospitality,workplace"", ""audio_text"": ""Please confirm the conference venue before your trip."", ""source"": ""YangLingo TOEIC Expansion v4""}",ca3572f843412eb303952ad02794a4b146db4c66
base-0156,VOCABULARY,premises,"khuôn viên, cơ sở của doanh nghiệp",,The building manager inspected the premises this afternoon.,"Quản lý tòa nhà đã kiểm tra khuôn viên, cơ sở của doanh nghiệp vào chiều nay.",Facilities Maintenance,B1,"{""part_of_speech"": ""noun"", ""subtopic"": ""TOEIC Workplace"", ""toeic_part"": ""7"", ""difficulty"": ""2"", ""explanation"": ""Từ vựng trọng tâm theo ngữ cảnh TOEIC; học cùng ví dụ, word family và collocation."", ""tags"": ""toeic,v4,facilities-maintenance,workplace"", ""audio_text"": ""The building manager inspected the premises this afternoon."", ""source"": ""YangLingo TOEIC Expansion v4""}",3e51a1ee12c57a06004fda7d106c6cb500b37e0c
base-0157,VOCABULARY,maintenance,việc bảo trì,,The building manager inspected the maintenance this afternoon.,Quản lý tòa nhà đã kiểm tra việc bảo trì vào chiều nay.,Facilities Maintenance,B1,"{""part_of_speech"": ""noun"", ""subtopic"": ""TOEIC Workplace"", ""toeic_part"": ""7"", ""difficulty"": ""2"", ""collocations"": ""routine maintenance; schedule maintenance"", ""explanation"": ""Từ vựng trọng tâm theo ngữ cảnh TOEIC; học cùng ví dụ, word family và collocation."", ""tags"": ""toeic,v4,facilities-maintenance,workplace"", ""audio_text"": ""The building manager inspected the maintenance this afternoon."", ""source"": ""YangLingo TOEIC Expansion v4""}",4f6a5dc407d8979257dee7f28d7440512e6ce718
base-0158,VOCABULARY,renovation,việc cải tạo,,The building manager inspected the renovation this afternoon.,Quản lý tòa nhà đã kiểm tra việc cải tạo vào chiều nay.,Facilities Maintenance,B1,"{""part_of_speech"": ""noun"", ""subtopic"": ""TOEIC Workplace"", ""toeic_part"": ""7"", ""difficulty"": ""2"", ""collocations"": ""undergo renovation"", ""explanation"": ""Từ vựng trọng tâm theo ngữ cảnh TOEIC; học cùng ví dụ, word family và collocation."", ""tags"": ""toeic,v4,facilities-maintenance,workplace"", ""audio_text"": ""The building manager inspected the renovation this afternoon."", ""source"": ""YangLingo TOEIC Expansion v4""}",9c639e0c58cc6c652a720571cf220fcd9618eb68
base-0159,VOCABULARY,contractor,nhà thầu,,The building manager inspected the contractor this afternoon.,Quản lý tòa nhà đã kiểm tra nhà thầu vào chiều nay.,Facilities Maintenance,B1,"{""part_of_speech"": ""noun"", ""subtopic"": ""TOEIC Workplace"", ""toeic_part"": ""7"", ""difficulty"": ""2"", ""collocations"": ""hire a contractor"", ""explanation"": ""Từ vựng trọng tâm theo ngữ cảnh TOEIC; học cùng ví dụ, word family và collocation."", ""tags"": ""toeic,v4,facilities-maintenance,workplace"", ""audio_text"": ""The building manager inspected the contractor this afternoon."", ""source"": ""YangLingo TOEIC Expansion v4""}",f8c197b6ccd793c4dc7036a096da32133e6f32be
base-0160,VOCABULARY,electrician,thợ điện,,The building manager inspected the electrician this afternoon.,Quản lý tòa nhà đã kiểm tra thợ điện vào chiều nay.,Facilities Maintenance,B1,"{""part_of_speech"": ""noun"", ""subtopic"": ""TOEIC Workplace"", ""toeic_part"": ""7"", ""difficulty"": ""2"", ""explanation"": ""Từ vựng trọng tâm theo ngữ cảnh TOEIC; học cùng ví dụ, word family và collocation."", ""tags"": ""toeic,v4,facilities-maintenance,workplace"", ""audio_text"": ""The building manager inspected the electrician this afternoon."", ""source"": ""YangLingo TOEIC Expansion v4""}",33a0f50fd1337e678f7a99dba48f666a8fc709b7
base-0161,VOCABULARY,plumber,thợ sửa ống nước,,The building manager inspected the plumber this afternoon.,Quản lý tòa nhà đã kiểm tra thợ sửa ống nước vào chiều nay.,Facilities Maintenance,B1,"{""part_of_speech"": ""noun"", ""subtopic"": ""TOEIC Workplace"", ""toeic_part"": ""7"", ""difficulty"": ""2"", ""explanation"": ""Từ vựng trọng tâm theo ngữ cảnh TOEIC; học cùng ví dụ, word family và collocation."", ""tags"": ""toeic,v4,facilities-maintenance,workplace"", ""audio_text"": ""The building manager inspected the plumber this afternoon."", ""source"": ""YangLingo TOEIC Expansion v4""}",7d664af38daceddee1bba653023f95d11187183b
base-0162,VOCABULARY,inspection,việc kiểm tra,,The building manager inspected the inspection this afternoon.,Quản lý tòa nhà đã kiểm tra việc kiểm tra vào chiều nay.,Facilities Maintenance,B1,"{""part_of_speech"": ""noun"", ""subtopic"": ""TOEIC Workplace"", ""toeic_part"": ""7"", ""difficulty"": ""2"", ""collocations"": ""conduct an inspection; factory inspection"", ""explanation"": ""Từ vựng trọng tâm theo ngữ cảnh TOEIC; học cùng ví dụ, word family và collocation."", ""tags"": ""toeic,v4,facilities-maintenance,workplace"", ""audio_text"": ""The building manager inspected the inspection this afternoon."", ""source"": ""YangLingo TOEIC Expansion v4""}",d903cb06f2c65f49f0fcd6657974dcba3dbfcc1a
base-0163,VOCABULARY,malfunction,sự trục trặc,,The building manager inspected the malfunction this afternoon.,Quản lý tòa nhà đã kiểm tra sự trục trặc vào chiều nay.,Facilities Maintenance,B1,"{""part_of_speech"": ""noun"", ""subtopic"": ""TOEIC Workplace"", ""toeic_part"": ""7"", ""difficulty"": ""2"", ""collocations"": ""equipment malfunction"", ""explanation"": ""Từ vựng trọng tâm theo ngữ cảnh TOEIC; học cùng ví dụ, word family và collocation."", ""tags"": ""toeic,v4,facilities-maintenance,workplace"", ""audio_text"": ""The building manager inspected the malfunction this afternoon."", ""source"": ""YangLingo TOEIC Expansion v4""}",4ae4a705332041741fb24987825a7e8aa2a5e5a0
base-0164,VOCABULARY,outage,"sự gián đoạn dịch vụ, mất điện",,The building manager inspected the outage this afternoon.,"Quản lý tòa nhà đã kiểm tra sự gián đoạn dịch vụ, mất điện vào chiều nay.",Facilities Maintenance,B1,"{""part_of_speech"": ""noun"", ""subtopic"": ""TOEIC Workplace"", ""toeic_part"": ""7"", ""difficulty"": ""2"", ""collocations"": ""power outage; system outage"", ""explanation"": ""Từ vựng trọng tâm theo ngữ cảnh TOEIC; học cùng ví dụ, word family và collocation."", ""tags"": ""toeic,v4,facilities-maintenance,workplace"", ""audio_text"": ""The building manager inspected the outage this afternoon."", ""source"": ""YangLingo TOEIC Expansion v4""}",16f65492803a7248f3b7ad62a77fa19d23e46da0
base-0165,VOCABULARY,elevator,thang máy,,The building manager inspected the elevator this afternoon.,Quản lý tòa nhà đã kiểm tra thang máy vào chiều nay.,Facilities Maintenance,B1,"{""part_of_speech"": ""noun"", ""subtopic"": ""TOEIC Workplace"", ""toeic_part"": ""7"", ""difficulty"": ""2"", ""explanation"": ""Từ vựng trọng tâm theo ngữ cảnh TOEIC; học cùng ví dụ, word family và collocation."", ""tags"": ""toeic,v4,facilities-maintenance,workplace"", ""audio_text"": ""The building manager inspected the elevator this afternoon."", ""source"": ""YangLingo TOEIC Expansion v4""}",ebc91b8ea0897a6b802f0ed2aa7abc27278fa594
base-0166,VOCABULARY,escalator,thang cuốn,,The building manager inspected the escalator this afternoon.,Quản lý tòa nhà đã kiểm tra thang cuốn vào chiều nay.,Facilities Maintenance,B1,"{""part_of_speech"": ""noun"", ""subtopic"": ""TOEIC Workplace"", ""toeic_part"": ""7"", ""difficulty"": ""2"", ""explanation"": ""Từ vựng trọng tâm theo ngữ cảnh TOEIC; học cùng ví dụ, word family và collocation."", ""tags"": ""toeic,v4,facilities-maintenance,workplace"", ""audio_text"": ""The building manager inspected the escalator this afternoon."", ""source"": ""YangLingo TOEIC Expansion v4""}",852b25aa432fc18fbaf9934546e210b8b1c119f0
base-0167,VOCABULARY,parking lot,bãi đỗ xe,,The building manager inspected the parking lot this afternoon.,Quản lý tòa nhà đã kiểm tra bãi đỗ xe vào chiều nay.,Facilities Maintenance,B1,"{""part_of_speech"": ""noun"", ""subtopic"": ""TOEIC Workplace"", ""toeic_part"": ""7"", ""difficulty"": ""2"", ""explanation"": ""Từ vựng trọng tâm theo ngữ cảnh TOEIC; học cùng ví dụ, word family và collocation."", ""tags"": ""toeic,v4,facilities-maintenance,workplace"", ""audio_text"": ""The building manager inspected the parking lot this afternoon."", ""source"": ""YangLingo TOEIC Expansion v4""}",09a6c9a7aa9111c5af0cb5e01f04761847281b7e
base-0168,VOCABULARY,floor plan,sơ đồ mặt bằng,,The building manager inspected the floor plan this afternoon.,Quản lý tòa nhà đã kiểm tra sơ đồ mặt bằng vào chiều nay.,Facilities Maintenance,B1,"{""part_of_speech"": ""noun"", ""subtopic"": ""TOEIC Workplace"", ""toeic_part"": ""7"", ""difficulty"": ""2"", ""collocations"": ""implementation plan"", ""explanation"": ""Từ vựng trọng tâm theo ngữ cảnh TOEIC; học cùng ví dụ, word family và collocation."", ""tags"": ""toeic,v4,facilities-maintenance,workplace"", ""audio_text"": ""The building manager inspected the floor plan this afternoon."", ""source"": ""YangLingo TOEIC Expansion v4""}",8b55687d09846cff9e8bf2764b036726756749ab
base-0169,VOCABULARY,blueprint,bản thiết kế kỹ thuật,,The building manager inspected the blueprint this afternoon.,Quản lý tòa nhà đã kiểm tra bản thiết kế kỹ thuật vào chiều nay.,Facilities Maintenance,B1,"{""part_of_speech"": ""noun"", ""subtopic"": ""TOEIC Workplace"", ""toeic_part"": ""7"", ""difficulty"": ""2"", ""explanation"": ""Từ vựng trọng tâm theo ngữ cảnh TOEIC; học cùng ví dụ, word family và collocation."", ""tags"": ""toeic,v4,facilities-maintenance,workplace"", ""audio_text"": ""The building manager inspected the blueprint this afternoon."", ""source"": ""YangLingo TOEIC Expansion v4""}",43ce67a99c1999130b66f87d3cd96094f0fa4ccd
base-0170,VOCABULARY,specification,"thông số, yêu cầu kỹ thuật",,The building manager inspected the specification this afternoon.,"Quản lý tòa nhà đã kiểm tra thông số, yêu cầu kỹ thuật vào chiều nay.",Facilities Maintenance,B1,"{""part_of_speech"": ""noun"", ""subtopic"": ""TOEIC Workplace"", ""toeic_part"": ""7"", ""difficulty"": ""2"", ""collocations"": ""technical specification"", ""explanation"": ""Từ vựng trọng tâm theo ngữ cảnh TOEIC; học cùng ví dụ, word family và collocation."", ""tags"": ""toeic,v4,facilities-maintenance,workplace"", ""audio_text"": ""The building manager inspected the specification this afternoon."", ""source"": ""YangLingo TOEIC Expansion v4""}",a22edf58d08c61a7f13c8f0feee13d26a4cbb4ea
base-0171,VOCABULARY,installation,việc lắp đặt,,The building manager inspected the installation this afternoon.,Quản lý tòa nhà đã kiểm tra việc lắp đặt vào chiều nay.,Facilities Maintenance,B1,"{""part_of_speech"": ""noun"", ""subtopic"": ""TOEIC Workplace"", ""toeic_part"": ""7"", ""difficulty"": ""2"", ""word_family"": ""install (v) → installation (n)"", ""explanation"": ""Từ vựng trọng tâm theo ngữ cảnh TOEIC; học cùng ví dụ, word family và collocation."", ""tags"": ""toeic,v4,facilities-maintenance,workplace"", ""audio_text"": ""The building manager inspected the installation this afternoon."", ""source"": ""YangLingo TOEIC Expansion v4""}",682b5d104de5c453f1edaae10d1021c1e8a071f9
base-0172,VOCABULARY,ventilation,hệ thống thông gió,,The building manager inspected the ventilation this afternoon.,Quản lý tòa nhà đã kiểm tra hệ thống thông gió vào chiều nay.,Facilities Maintenance,B1,"{""part_of_speech"": ""noun"", ""subtopic"": ""TOEIC Workplace"", ""toeic_part"": ""7"", ""difficulty"": ""2"", ""explanation"": ""Từ vựng trọng tâm theo ngữ cảnh TOEIC; học cùng ví dụ, word family và collocation."", ""tags"": ""toeic,v4,facilities-maintenance,workplace"", ""audio_text"": ""The building manager inspected the ventilation this afternoon."", ""source"": ""YangLingo TOEIC Expansion v4""}",687aaa2fd145e62c3cd530db7c174a2e170f0de1
base-0173,VOCABULARY,air conditioning,hệ thống điều hòa không khí,,The building manager inspected the air conditioning this afternoon.,Quản lý tòa nhà đã kiểm tra hệ thống điều hòa không khí vào chiều nay.,Facilities Maintenance,B1,"{""part_of_speech"": ""noun"", ""subtopic"": ""TOEIC Workplace"", ""toeic_part"": ""7"", ""difficulty"": ""2"", ""collocations"": ""air-conditioning system"", ""explanation"": ""Từ vựng trọng tâm theo ngữ cảnh TOEIC; học cùng ví dụ, word family và collocation."", ""tags"": ""toeic,v4,facilities-maintenance,workplace"", ""audio_text"": ""The building manager inspected the air conditioning this afternoon."", ""source"": ""YangLingo TOEIC Expansion v4""}",4d4931684caa131dde494c6169bb22ac0224924d
base-0174,VOCABULARY,manufacturer,nhà sản xuất,,The factory reviewed the manufacturer to improve production.,Nhà máy đã xem xét nhà sản xuất để cải thiện sản xuất.,Manufacturing Production,B2,"{""part_of_speech"": ""noun"", ""subtopic"": ""TOEIC Workplace"", ""toeic_part"": ""7"", ""difficulty"": ""3"", ""explanation"": ""Từ vựng trọng tâm theo ngữ cảnh TOEIC; học cùng ví dụ, word family và collocation."", ""tags"": ""toeic,v4,manufacturing-production,workplace"", ""audio_text"": ""The factory reviewed the manufacturer to improve production."", ""source"": ""YangLingo TOEIC Expansion v4""}",8a38ae04e755eabbaf5284bac3fb28a44647ccad
base-0175,VOCABULARY,manufacturing,hoạt động sản xuất,,The factory reviewed the manufacturing to improve production.,Nhà máy đã xem xét hoạt động sản xuất để cải thiện sản xuất.,Manufacturing Production,B2,"{""part_of_speech"": ""noun"", ""subtopic"": ""TOEIC Workplace"", ""toeic_part"": ""7"", ""difficulty"": ""3"", ""collocations"": ""manufacturing defect"", ""word_family"": ""manufacture (v) → manufacturer (n) → manufacturing (n)"", ""explanation"": ""Từ vựng trọng tâm theo ngữ cảnh TOEIC; học cùng ví dụ, word family và collocation."", ""tags"": ""toeic,v4,manufacturing-production,workplace"", ""audio_text"": ""The factory reviewed the manufacturing to improve production."", ""source"": ""YangLingo TOEIC Expansion v4""}",eecda5ef1e4e1417784a11680575a634b5d37ac4
base-0176,VOCABULARY,production line,dây chuyền sản xuất,,The factory reviewed the production line to improve production.,Nhà máy đã xem xét dây chuyền sản xuất để cải thiện sản xuất.,Manufacturing Production,B2,"{""part_of_speech"": ""noun"", ""subtopic"": ""TOEIC Workplace"", ""toeic_part"": ""7"", ""difficulty"": ""3"", ""collocations"": ""production capacity; production target"", ""explanation"": ""Từ vựng trọng tâm theo ngữ cảnh TOEIC; học cùng ví dụ, word family và collocation."", ""tags"": ""toeic,v4,manufacturing-production,workplace"", ""audio_text"": ""The factory reviewed the production line to improve production."", ""source"": ""YangLingo TOEIC Expansion v4""}",8d622b2248d47b5fb9d04aac2e220771e5c92bf1
base-0177,VOCABULARY,raw material,nguyên vật liệu,,The factory reviewed the raw material to improve production.,Nhà máy đã xem xét nguyên vật liệu để cải thiện sản xuất.,Manufacturing Production,B2,"{""part_of_speech"": ""noun"", ""subtopic"": ""TOEIC Workplace"", ""toeic_part"": ""7"", ""difficulty"": ""3"", ""collocations"": ""raw materials"", ""explanation"": ""Từ vựng trọng tâm theo ngữ cảnh TOEIC; học cùng ví dụ, word family và collocation."", ""tags"": ""toeic,v4,manufacturing-production,workplace"", ""audio_text"": ""The factory reviewed the raw material to improve production."", ""source"": ""YangLingo TOEIC Expansion v4""}",4f9af812c641fa72b5072b4e75c0498e2da4777d
base-0178,VOCABULARY,quality control,kiểm soát chất lượng,,The factory reviewed the quality control to improve production.,Nhà máy đã xem xét kiểm soát chất lượng để cải thiện sản xuất.,Manufacturing Production,B2,"{""part_of_speech"": ""noun"", ""subtopic"": ""TOEIC Workplace"", ""toeic_part"": ""7"", ""difficulty"": ""3"", ""explanation"": ""Từ vựng trọng tâm theo ngữ cảnh TOEIC; học cùng ví dụ, word family và collocation."", ""tags"": ""toeic,v4,manufacturing-production,workplace"", ""audio_text"": ""The factory reviewed the quality control to improve production."", ""source"": ""YangLingo TOEIC Expansion v4""}",cf063f1db4740645fe05437eecea03ec93ece1d5
base-0179,VOCABULARY,productivity,năng suất,,The factory reviewed the productivity to improve production.,Nhà máy đã xem xét năng suất để cải thiện sản xuất.,Manufacturing Production,B2,"{""part_of_speech"": ""noun"", ""subtopic"": ""TOEIC Workplace"", ""toeic_part"": ""7"", ""difficulty"": ""3"", ""collocations"": ""improve productivity"", ""explanation"": ""Từ vựng trọng tâm theo ngữ cảnh TOEIC; học cùng ví dụ, word family và collocation."", ""tags"": ""toeic,v4,manufacturing-production,workplace"", ""audio_text"": ""The factory reviewed the productivity to improve production."", ""source"": ""YangLingo TOEIC Expansion v4""}",fadeca558a77ac24959fd693c4d46821998f29cc
base-0180,VOCABULARY,efficiency,hiệu suất,,The factory reviewed the efficiency to improve production.,Nhà máy đã xem xét hiệu suất để cải thiện sản xuất.,Manufacturing Production,B2,"{""part_of_speech"": ""noun"", ""subtopic"": ""TOEIC Workplace"", ""toeic_part"": ""7"", ""difficulty"": ""3"", ""collocations"": ""operating efficiency"", ""explanation"": ""Từ vựng trọng tâm theo ngữ cảnh TOEIC; học cùng ví dụ, word family và collocation."", ""tags"": ""toeic,v4,manufacturing-production,workplace"", ""audio_text"": ""The factory reviewed the efficiency to improve production."", ""source"": ""YangLingo TOEIC Expansion v4""}",4a5964ca81f3a755730f1ccdbd91ba99afd6e10d
base-0181,VOCABULARY,machinery,máy móc,,The factory reviewed the machinery to improve production.,Nhà máy đã xem xét máy móc để cải thiện sản xuất.,Manufacturing Production,B2,"{""part_of_speech"": ""noun"", ""subtopic"": ""TOEIC Workplace"", ""toeic_part"": ""7"", ""difficulty"": ""3"", ""collocations"": ""operate machinery"", ""explanation"": ""Từ vựng trọng tâm theo ngữ cảnh TOEIC; học cùng ví dụ, word family và collocation."", ""tags"": ""toeic,v4,manufacturing-production,workplace"", ""audio_text"": ""The factory reviewed the machinery to improve production."", ""source"": ""YangLingo TOEIC Expansion v4""}",a44677c0cd01e3815c40890acea693e1f0af87ec
base-0182,VOCABULARY,operator,người vận hành,,The factory reviewed the operator to improve production.,Nhà máy đã xem xét người vận hành để cải thiện sản xuất.,Manufacturing Production,B2,"{""part_of_speech"": ""noun"", ""subtopic"": ""TOEIC Workplace"", ""toeic_part"": ""7"", ""difficulty"": ""3"", ""collocations"": ""machine operator"", ""explanation"": ""Từ vựng trọng tâm theo ngữ cảnh TOEIC; học cùng ví dụ, word family và collocation."", ""tags"": ""toeic,v4,manufacturing-production,workplace"", ""audio_text"": ""The factory reviewed the operator to improve production."", ""source"": ""YangLingo TOEIC Expansion v4""}",00a3bcf3bae9a1ac95afab79bb54c2360d9fc584
base-0183,VOCABULARY,supply chain,chuỗi cung ứng,,The factory reviewed the supply chain to improve production.,Nhà máy đã xem xét chuỗi cung ứng để cải thiện sản xuất.,Manufacturing Production,B2,"{""part_of_speech"": ""noun"", ""subtopic"": ""TOEIC Workplace"", ""toeic_part"": ""7"", ""difficulty"": ""3"", ""explanation"": ""Từ vựng trọng tâm theo ngữ cảnh TOEIC; học cùng ví dụ, word family và collocation."", ""tags"": ""toeic,v4,manufacturing-production,workplace"", ""audio_text"": ""The factory reviewed the supply chain to improve production."", ""source"": ""YangLingo TOEIC Expansion v4""}",6c214721b9541fd91081b71bc70db156f39df0dc
base-0184,VOCABULARY,assembly line,dây chuyền lắp ráp,,The factory reviewed the assembly line to improve production.,Nhà máy đã xem xét dây chuyền lắp ráp để cải thiện sản xuất.,Manufacturing Production,B2,"{""part_of_speech"": ""noun"", ""subtopic"": ""TOEIC Workplace"", ""toeic_part"": ""7"", ""difficulty"": ""3"", ""explanation"": ""Từ vựng trọng tâm theo ngữ cảnh TOEIC; học cùng ví dụ, word family và collocation."", ""tags"": ""toeic,v4,manufacturing-production,workplace"", ""audio_text"": ""The factory reviewed the assembly line to improve production."", ""source"": ""YangLingo TOEIC Expansion v4""}",e586e30a685cb2f7858c15ac0028911c21541505
base-0185,VOCABULARY,safety inspection,kiểm tra an toàn,,The factory reviewed the safety inspection to improve production.,Nhà máy đã xem xét kiểm tra an toàn để cải thiện sản xuất.,Manufacturing Production,B2,"{""part_of_speech"": ""noun"", ""subtopic"": ""TOEIC Workplace"", ""toeic_part"": ""7"", ""difficulty"": ""3"", ""collocations"": ""safety procedure; conduct an inspection; factory inspection"", ""explanation"": ""Từ vựng trọng tâm theo ngữ cảnh TOEIC; học cùng ví dụ, word family và collocation."", ""tags"": ""toeic,v4,manufacturing-production,workplace"", ""audio_text"": ""The factory reviewed the safety inspection to improve production."", ""source"": ""YangLingo TOEIC Expansion v4""}",dd4d93cad151d141bed3685d65b4ae05f8e8af3e
base-0186,VOCABULARY,production schedule,lịch sản xuất,,The factory reviewed the production schedule to improve production.,Nhà máy đã xem xét lịch sản xuất để cải thiện sản xuất.,Manufacturing Production,B2,"{""part_of_speech"": ""noun"", ""subtopic"": ""TOEIC Workplace"", ""toeic_part"": ""7"", ""difficulty"": ""3"", ""collocations"": ""production capacity; production target; schedule a meeting; update the schedule"", ""explanation"": ""Từ vựng trọng tâm theo ngữ cảnh TOEIC; học cùng ví dụ, word family và collocation."", ""tags"": ""toeic,v4,manufacturing-production,workplace"", ""audio_text"": ""The factory reviewed the production schedule to improve production."", ""source"": ""YangLingo TOEIC Expansion v4""}",c910e299a5db5183f767cd1b620ca8c75789aef4
base-0187,VOCABULARY,quality standard,tiêu chuẩn chất lượng,,The factory reviewed the quality standard to improve production.,Nhà máy đã xem xét tiêu chuẩn chất lượng để cải thiện sản xuất.,Manufacturing Production,B2,"{""part_of_speech"": ""noun"", ""subtopic"": ""TOEIC Workplace"", ""toeic_part"": ""7"", ""difficulty"": ""3"", ""explanation"": ""Từ vựng trọng tâm theo ngữ cảnh TOEIC; học cùng ví dụ, word family và collocation."", ""tags"": ""toeic,v4,manufacturing-production,workplace"", ""audio_text"": ""The factory reviewed the quality standard to improve production."", ""source"": ""YangLingo TOEIC Expansion v4""}",2f6eaf166c762b3e931b16d13a194596eeb90aeb
base-0188,VOCABULARY,batch,lô sản xuất,,The factory reviewed the batch to improve production.,Nhà máy đã xem xét lô sản xuất để cải thiện sản xuất.,Manufacturing Production,B2,"{""part_of_speech"": ""noun"", ""subtopic"": ""TOEIC Workplace"", ""toeic_part"": ""7"", ""difficulty"": ""3"", ""collocations"": ""batch number"", ""explanation"": ""Từ vựng trọng tâm theo ngữ cảnh TOEIC; học cùng ví dụ, word family và collocation."", ""tags"": ""toeic,v4,manufacturing-production,workplace"", ""audio_text"": ""The factory reviewed the batch to improve production."", ""source"": ""YangLingo TOEIC Expansion v4""}",eb603bc60ddc13e5f425200e73a30466d1ffe61a
base-0189,VOCABULARY,hardware,phần cứng,,The technician checked the hardware to solve the problem.,Kỹ thuật viên đã kiểm tra phần cứng để xử lý sự cố.,IT Technical Support,B1,"{""part_of_speech"": ""noun"", ""subtopic"": ""TOEIC Workplace"", ""toeic_part"": ""5"", ""difficulty"": ""2"", ""explanation"": ""Từ vựng trọng tâm theo ngữ cảnh TOEIC; học cùng ví dụ, word family và collocation."", ""tags"": ""toeic,v4,it-technical-support,workplace"", ""audio_text"": ""The technician checked the hardware to solve the problem."", ""source"": ""YangLingo TOEIC Expansion v4""}",b30d90916fe5d688957541b274b4a80e7328ac4c
base-0190,VOCABULARY,network,mạng máy tính,,The technician checked the network to solve the problem.,Kỹ thuật viên đã kiểm tra mạng máy tính để xử lý sự cố.,IT Technical Support,B1,"{""part_of_speech"": ""noun"", ""subtopic"": ""TOEIC Workplace"", ""toeic_part"": ""5"", ""difficulty"": ""2"", ""collocations"": ""network connection; wireless network"", ""explanation"": ""Từ vựng trọng tâm theo ngữ cảnh TOEIC; học cùng ví dụ, word family và collocation."", ""tags"": ""toeic,v4,it-technical-support,workplace"", ""audio_text"": ""The technician checked the network to solve the problem."", ""source"": ""YangLingo TOEIC Expansion v4""}",2138efe9cd457e36bd6593b672b6e4991e9b89b7
base-0191,VOCABULARY,server,máy chủ,,The technician checked the server to solve the problem.,Kỹ thuật viên đã kiểm tra máy chủ để xử lý sự cố.,IT Technical Support,B1,"{""part_of_speech"": ""noun"", ""subtopic"": ""TOEIC Workplace"", ""toeic_part"": ""5"", ""difficulty"": ""2"", ""explanation"": ""Từ vựng trọng tâm theo ngữ cảnh TOEIC; học cùng ví dụ, word family và collocation."", ""tags"": ""toeic,v4,it-technical-support,workplace"", ""audio_text"": ""The technician checked the server to solve the problem."", ""source"": ""YangLingo TOEIC Expansion v4""}",a8a8de20f165c8a5dc251faf9d92949d9496e86c
base-0192,VOCABULARY,username,tên đăng nhập,,The technician checked the username to solve the problem.,Kỹ thuật viên đã kiểm tra tên đăng nhập để xử lý sự cố.,IT Technical Support,B1,"{""part_of_speech"": ""noun"", ""subtopic"": ""TOEIC Workplace"", ""toeic_part"": ""5"", ""difficulty"": ""2"", ""explanation"": ""Từ vựng trọng tâm theo ngữ cảnh TOEIC; học cùng ví dụ, word family và collocation."", ""tags"": ""toeic,v4,it-technical-support,workplace"", ""audio_text"": ""The technician checked the username to solve the problem."", ""source"": ""YangLingo TOEIC Expansion v4""}",8f4ff5d1869569eefd06e2a382d59767aaf44874
base-0193,VOCABULARY,login,việc đăng nhập,,The technician checked the login to solve the problem.,Kỹ thuật viên đã kiểm tra việc đăng nhập để xử lý sự cố.,IT Technical Support,B1,"{""part_of_speech"": ""noun"", ""subtopic"": ""TOEIC Workplace"", ""toeic_part"": ""5"", ""difficulty"": ""2"", ""explanation"": ""Từ vựng trọng tâm theo ngữ cảnh TOEIC; học cùng ví dụ, word family và collocation."", ""tags"": ""toeic,v4,it-technical-support,workplace"", ""audio_text"": ""The technician checked the login to solve the problem."", ""source"": ""YangLingo TOEIC Expansion v4""}",b530be46b914d1cf17bd5ce4576eaa2af8e067c6
base-0194,VOCABULARY,upload,tải lên,,Please upload the signed form to the company portal.,Vui lòng tải biểu mẫu đã ký lên cổng thông tin của công ty.,IT Technical Support,B1,"{""part_of_speech"": ""verb"", ""subtopic"": ""TOEIC Workplace"", ""toeic_part"": ""5"", ""difficulty"": ""2"", ""collocations"": ""upload a file"", ""explanation"": ""Từ vựng trọng tâm theo ngữ cảnh TOEIC; học cùng ví dụ, word family và collocation."", ""tags"": ""toeic,v4,it-technical-support,workplace"", ""audio_text"": ""Please upload the signed form to the company portal."", ""source"": ""YangLingo TOEIC Expansion v4""}",a63764874b0a9d769efc8c28060a900abbd1dc4d
base-0195,VOCABULARY,download,tải xuống,,You can download the invoice from your account.,Bạn có thể tải hóa đơn xuống từ tài khoản của mình.,IT Technical Support,B1,"{""part_of_speech"": ""verb"", ""subtopic"": ""TOEIC Workplace"", ""toeic_part"": ""5"", ""difficulty"": ""2"", ""collocations"": ""download an attachment"", ""explanation"": ""Từ vựng trọng tâm theo ngữ cảnh TOEIC; học cùng ví dụ, word family và collocation."", ""tags"": ""toeic,v4,it-technical-support,workplace"", ""audio_text"": ""You can download the invoice from your account."", ""source"": ""YangLingo TOEIC Expansion v4""}",843861ff35bee3464659cae951c7f53a1717864e
base-0196,VOCABULARY,backup,bản sao lưu,,The technician checked the backup to solve the problem.,Kỹ thuật viên đã kiểm tra bản sao lưu để xử lý sự cố.,IT Technical Support,B1,"{""part_of_speech"": ""noun"", ""subtopic"": ""TOEIC Workplace"", ""toeic_part"": ""5"", ""difficulty"": ""2"", ""collocations"": ""restore a backup"", ""explanation"": ""Từ vựng trọng tâm theo ngữ cảnh TOEIC; học cùng ví dụ, word family và collocation."", ""tags"": ""toeic,v4,it-technical-support,workplace"", ""audio_text"": ""The technician checked the backup to solve the problem."", ""source"": ""YangLingo TOEIC Expansion v4""}",dc5afde04ec2ca71ddb3dc471f3c2df9baff2e58
base-0197,VOCABULARY,configuration,cấu hình,,The technician checked the configuration to solve the problem.,Kỹ thuật viên đã kiểm tra cấu hình để xử lý sự cố.,IT Technical Support,B1,"{""part_of_speech"": ""noun"", ""subtopic"": ""TOEIC Workplace"", ""toeic_part"": ""5"", ""difficulty"": ""2"", ""word_family"": ""configure (v) → configuration (n)"", ""explanation"": ""Từ vựng trọng tâm theo ngữ cảnh TOEIC; học cùng ví dụ, word family và collocation."", ""tags"": ""toeic,v4,it-technical-support,workplace"", ""audio_text"": ""The technician checked the configuration to solve the problem."", ""source"": ""YangLingo TOEIC Expansion v4""}",4dba2a221d5075453375c90d9de71e9a2db9074a
base-0198,VOCABULARY,troubleshoot,chẩn đoán và xử lý sự cố,,The technician will troubleshoot the network problem.,Kỹ thuật viên sẽ chẩn đoán và xử lý sự cố mạng.,IT Technical Support,B1,"{""part_of_speech"": ""verb"", ""subtopic"": ""TOEIC Workplace"", ""toeic_part"": ""5"", ""difficulty"": ""2"", ""collocations"": ""troubleshoot a problem"", ""explanation"": ""Từ vựng trọng tâm theo ngữ cảnh TOEIC; học cùng ví dụ, word family và collocation."", ""tags"": ""toeic,v4,it-technical-support,workplace"", ""audio_text"": ""The technician will troubleshoot the network problem."", ""source"": ""YangLingo TOEIC Expansion v4""}",012e6f79f63a5f57915585024bcbeeca77a992ee
base-0199,VOCABULARY,error message,thông báo lỗi,,The technician checked the error message to solve the problem.,Kỹ thuật viên đã kiểm tra thông báo lỗi để xử lý sự cố.,IT Technical Support,B1,"{""part_of_speech"": ""noun"", ""subtopic"": ""TOEIC Workplace"", ""toeic_part"": ""5"", ""difficulty"": ""2"", ""explanation"": ""Từ vựng trọng tâm theo ngữ cảnh TOEIC; học cùng ví dụ, word family và collocation."", ""tags"": ""toeic,v4,it-technical-support,workplace"", ""audio_text"": ""The technician checked the error message to solve the problem."", ""source"": ""YangLingo TOEIC Expansion v4""}",d6890728f71514526af7bba845ab1684df252c31
base-0200,VOCABULARY,connectivity,khả năng kết nối,,The technician checked the connectivity to solve the problem.,Kỹ thuật viên đã kiểm tra khả năng kết nối để xử lý sự cố.,IT Technical Support,B1,"{""part_of_speech"": ""noun"", ""subtopic"": ""TOEIC Workplace"", ""toeic_part"": ""5"", ""difficulty"": ""2"", ""explanation"": ""Từ vựng trọng tâm theo ngữ cảnh TOEIC; học cùng ví dụ, word family và collocation."", ""tags"": ""toeic,v4,it-technical-support,workplace"", ""audio_text"": ""The technician checked the connectivity to solve the problem."", ""source"": ""YangLingo TOEIC Expansion v4""}",de7fe9009deff8afb73912835185981ddf86b999
base-0201,VOCABULARY,wireless,không dây,,The conference room has a secure wireless connection.,Phòng họp có kết nối không dây an toàn.,IT Technical Support,B1,"{""part_of_speech"": ""adjective"", ""subtopic"": ""TOEIC Workplace"", ""toeic_part"": ""5"", ""difficulty"": ""2"", ""collocations"": ""wireless network"", ""explanation"": ""Từ vựng trọng tâm theo ngữ cảnh TOEIC; học cùng ví dụ, word family và collocation."", ""tags"": ""toeic,v4,it-technical-support,workplace"", ""audio_text"": ""The conference room has a secure wireless connection."", ""source"": ""YangLingo TOEIC Expansion v4""}",de8bea2822319e6822bf6100330a19e6f9d33a3e
base-0202,VOCABULARY,router,bộ định tuyến,,The technician checked the router to solve the problem.,Kỹ thuật viên đã kiểm tra bộ định tuyến để xử lý sự cố.,IT Technical Support,B1,"{""part_of_speech"": ""noun"", ""subtopic"": ""TOEIC Workplace"", ""toeic_part"": ""5"", ""difficulty"": ""2"", ""explanation"": ""Từ vựng trọng tâm theo ngữ cảnh TOEIC; học cùng ví dụ, word family và collocation."", ""tags"": ""toeic,v4,it-technical-support,workplace"", ""audio_text"": ""The technician checked the router to solve the problem."", ""source"": ""YangLingo TOEIC Expansion v4""}",b3b7fd65611796966e29e9e4ed3054c66010b5b2
base-0203,VOCABULARY,technical support,hỗ trợ kỹ thuật,,The technician checked the technical support to solve the problem.,Kỹ thuật viên đã kiểm tra hỗ trợ kỹ thuật để xử lý sự cố.,IT Technical Support,B1,"{""part_of_speech"": ""noun"", ""subtopic"": ""TOEIC Workplace"", ""toeic_part"": ""5"", ""difficulty"": ""2"", ""collocations"": ""technical specification"", ""explanation"": ""Từ vựng trọng tâm theo ngữ cảnh TOEIC; học cùng ví dụ, word family và collocation."", ""tags"": ""toeic,v4,it-technical-support,workplace"", ""audio_text"": ""The technician checked the technical support to solve the problem."", ""source"": ""YangLingo TOEIC Expansion v4""}",c4cddf9eadff010416aa2aadb808ed0fc3c968b7
base-0204,VOCABULARY,help desk,bộ phận hỗ trợ kỹ thuật,,The technician checked the help desk to solve the problem.,Kỹ thuật viên đã kiểm tra bộ phận hỗ trợ kỹ thuật để xử lý sự cố.,IT Technical Support,B1,"{""part_of_speech"": ""noun"", ""subtopic"": ""TOEIC Workplace"", ""toeic_part"": ""5"", ""difficulty"": ""2"", ""collocations"": ""contact the help desk"", ""explanation"": ""Từ vựng trọng tâm theo ngữ cảnh TOEIC; học cùng ví dụ, word family và collocation."", ""tags"": ""toeic,v4,it-technical-support,workplace"", ""audio_text"": ""The technician checked the help desk to solve the problem."", ""source"": ""YangLingo TOEIC Expansion v4""}",a07f0734cd24cc723921656bd7aa4841f20147d5
base-0205,VOCABULARY,encryption,mã hóa,,The technician checked the encryption to solve the problem.,Kỹ thuật viên đã kiểm tra mã hóa để xử lý sự cố.,IT Technical Support,B1,"{""part_of_speech"": ""noun"", ""subtopic"": ""TOEIC Workplace"", ""toeic_part"": ""5"", ""difficulty"": ""2"", ""explanation"": ""Từ vựng trọng tâm theo ngữ cảnh TOEIC; học cùng ví dụ, word family và collocation."", ""tags"": ""toeic,v4,it-technical-support,workplace"", ""audio_text"": ""The technician checked the encryption to solve the problem."", ""source"": ""YangLingo TOEIC Expansion v4""}",6d42a89cd0058b3e4e362fc5fdca78f323ca19d7
base-0206,VOCABULARY,firewall,tường lửa,,The technician checked the firewall to solve the problem.,Kỹ thuật viên đã kiểm tra tường lửa để xử lý sự cố.,IT Technical Support,B1,"{""part_of_speech"": ""noun"", ""subtopic"": ""TOEIC Workplace"", ""toeic_part"": ""5"", ""difficulty"": ""2"", ""explanation"": ""Từ vựng trọng tâm theo ngữ cảnh TOEIC; học cùng ví dụ, word family và collocation."", ""tags"": ""toeic,v4,it-technical-support,workplace"", ""audio_text"": ""The technician checked the firewall to solve the problem."", ""source"": ""YangLingo TOEIC Expansion v4""}",27662fd77a82e48eabc97b83bf5225e34fe62514
base-0207,VOCABULARY,license key,mã bản quyền,,The technician checked the license key to solve the problem.,Kỹ thuật viên đã kiểm tra mã bản quyền để xử lý sự cố.,IT Technical Support,B1,"{""part_of_speech"": ""noun"", ""subtopic"": ""TOEIC Workplace"", ""toeic_part"": ""5"", ""difficulty"": ""2"", ""collocations"": ""software license; key stakeholder"", ""explanation"": ""Từ vựng trọng tâm theo ngữ cảnh TOEIC; học cùng ví dụ, word family và collocation."", ""tags"": ""toeic,v4,it-technical-support,workplace"", ""audio_text"": ""The technician checked the license key to solve the problem."", ""source"": ""YangLingo TOEIC Expansion v4""}",2f78aa93a57d86e25cc03cbd6931b936f356e57b
base-0208,VOCABULARY,milestone,mốc quan trọng của dự án,,The project team discussed the milestone at the weekly meeting.,Nhóm dự án đã thảo luận về mốc quan trọng của dự án trong cuộc họp tuần.,Projects Meetings,B1,"{""part_of_speech"": ""noun"", ""subtopic"": ""TOEIC Workplace"", ""toeic_part"": ""5"", ""difficulty"": ""2"", ""collocations"": ""meet a milestone"", ""explanation"": ""Từ vựng trọng tâm theo ngữ cảnh TOEIC; học cùng ví dụ, word family và collocation."", ""tags"": ""toeic,v4,projects-meetings,workplace"", ""audio_text"": ""The project team discussed the milestone at the weekly meeting."", ""source"": ""YangLingo TOEIC Expansion v4""}",51e7ddd37329e7ea37eca3e4d1f5b86c431acdb6
base-0209,VOCABULARY,deliverable,"sản phẩm, đầu việc phải bàn giao",,The project team discussed the deliverable at the weekly meeting.,"Nhóm dự án đã thảo luận về sản phẩm, đầu việc phải bàn giao trong cuộc họp tuần.",Projects Meetings,B1,"{""part_of_speech"": ""noun"", ""subtopic"": ""TOEIC Workplace"", ""toeic_part"": ""5"", ""difficulty"": ""2"", ""collocations"": ""project deliverable"", ""explanation"": ""Từ vựng trọng tâm theo ngữ cảnh TOEIC; học cùng ví dụ, word family và collocation."", ""tags"": ""toeic,v4,projects-meetings,workplace"", ""audio_text"": ""The project team discussed the deliverable at the weekly meeting."", ""source"": ""YangLingo TOEIC Expansion v4""}",e7c2d78066a6e6732641307d80c19dc1a0c09124
base-0210,VOCABULARY,status update,báo cáo cập nhật tình trạng,,The project team discussed the status update at the weekly meeting.,Nhóm dự án đã thảo luận về báo cáo cập nhật tình trạng trong cuộc họp tuần.,Projects Meetings,B1,"{""part_of_speech"": ""noun"", ""subtopic"": ""TOEIC Workplace"", ""toeic_part"": ""5"", ""difficulty"": ""2"", ""collocations"": ""provide a status update; update the schedule; security update"", ""explanation"": ""Từ vựng trọng tâm theo ngữ cảnh TOEIC; học cùng ví dụ, word family và collocation."", ""tags"": ""toeic,v4,projects-meetings,workplace"", ""audio_text"": ""The project team discussed the status update at the weekly meeting."", ""source"": ""YangLingo TOEIC Expansion v4""}",75beaf29f7aa36b4a48f4f900890550397e536ce
base-0211,VOCABULARY,facilitator,người điều phối cuộc họp,,The project team discussed the facilitator at the weekly meeting.,Nhóm dự án đã thảo luận về người điều phối cuộc họp trong cuộc họp tuần.,Projects Meetings,B1,"{""part_of_speech"": ""noun"", ""subtopic"": ""TOEIC Workplace"", ""toeic_part"": ""5"", ""difficulty"": ""2"", ""explanation"": ""Từ vựng trọng tâm theo ngữ cảnh TOEIC; học cùng ví dụ, word family và collocation."", ""tags"": ""toeic,v4,projects-meetings,workplace"", ""audio_text"": ""The project team discussed the facilitator at the weekly meeting."", ""source"": ""YangLingo TOEIC Expansion v4""}",6a2dc9aa8ce3cd1ce92e6649bd1b2ac11daf6778
base-0212,VOCABULARY,stakeholder,bên liên quan,,The project team discussed the stakeholder at the weekly meeting.,Nhóm dự án đã thảo luận về bên liên quan trong cuộc họp tuần.,Projects Meetings,B1,"{""part_of_speech"": ""noun"", ""subtopic"": ""TOEIC Workplace"", ""toeic_part"": ""5"", ""difficulty"": ""2"", ""collocations"": ""key stakeholder"", ""explanation"": ""Từ vựng trọng tâm theo ngữ cảnh TOEIC; học cùng ví dụ, word family và collocation."", ""tags"": ""toeic,v4,projects-meetings,workplace"", ""audio_text"": ""The project team discussed the stakeholder at the weekly meeting."", ""source"": ""YangLingo TOEIC Expansion v4""}",ea5afc0e49e084454504de37c563aa9a2cde72ad
base-0213,VOCABULARY,timeline,"dòng thời gian, tiến độ",,The project team discussed the timeline at the weekly meeting.,"Nhóm dự án đã thảo luận về dòng thời gian, tiến độ trong cuộc họp tuần.",Projects Meetings,B1,"{""part_of_speech"": ""noun"", ""subtopic"": ""TOEIC Workplace"", ""toeic_part"": ""5"", ""difficulty"": ""2"", ""collocations"": ""project timeline"", ""explanation"": ""Từ vựng trọng tâm theo ngữ cảnh TOEIC; học cùng ví dụ, word family và collocation."", ""tags"": ""toeic,v4,projects-meetings,workplace"", ""audio_text"": ""The project team discussed the timeline at the weekly meeting."", ""source"": ""YangLingo TOEIC Expansion v4""}",686a7d13b0c98d20a8656f853e637f525c2735a8
base-0214,VOCABULARY,implementation,việc triển khai,,The project team discussed the implementation at the weekly meeting.,Nhóm dự án đã thảo luận về việc triển khai trong cuộc họp tuần.,Projects Meetings,B1,"{""part_of_speech"": ""noun"", ""subtopic"": ""TOEIC Workplace"", ""toeic_part"": ""5"", ""difficulty"": ""2"", ""collocations"": ""implementation plan"", ""word_family"": ""implement (v) → implementation (n)"", ""explanation"": ""Từ vựng trọng tâm theo ngữ cảnh TOEIC; học cùng ví dụ, word family và collocation."", ""tags"": ""toeic,v4,projects-meetings,workplace"", ""audio_text"": ""The project team discussed the implementation at the weekly meeting."", ""source"": ""YangLingo TOEIC Expansion v4""}",3c71768a36b1cfbe80d983809eb497b8758fd1fe
base-0215,VOCABULARY,revision,bản sửa đổi,,The project team discussed the revision at the weekly meeting.,Nhóm dự án đã thảo luận về bản sửa đổi trong cuộc họp tuần.,Projects Meetings,B1,"{""part_of_speech"": ""noun"", ""subtopic"": ""TOEIC Workplace"", ""toeic_part"": ""5"", ""difficulty"": ""2"", ""word_family"": ""revise (v) → revision (n)"", ""explanation"": ""Từ vựng trọng tâm theo ngữ cảnh TOEIC; học cùng ví dụ, word family và collocation."", ""tags"": ""toeic,v4,projects-meetings,workplace"", ""audio_text"": ""The project team discussed the revision at the weekly meeting."", ""source"": ""YangLingo TOEIC Expansion v4""}",6861c26b5112c266d766fb8dbe74e8e96946a783
base-0216,VOCABULARY,draft,bản nháp,,The project team discussed the draft at the weekly meeting.,Nhóm dự án đã thảo luận về bản nháp trong cuộc họp tuần.,Projects Meetings,B1,"{""part_of_speech"": ""noun"", ""subtopic"": ""TOEIC Workplace"", ""toeic_part"": ""5"", ""difficulty"": ""2"", ""collocations"": ""revise a draft"", ""explanation"": ""Từ vựng trọng tâm theo ngữ cảnh TOEIC; học cùng ví dụ, word family và collocation."", ""tags"": ""toeic,v4,projects-meetings,workplace"", ""audio_text"": ""The project team discussed the draft at the weekly meeting."", ""source"": ""YangLingo TOEIC Expansion v4""}",c88bf1f1cd8c4828220d593bfdab8b714eaa4479
base-0217,VOCABULARY,conference call,cuộc họp qua điện thoại,,The project team discussed the conference call at the weekly meeting.,Nhóm dự án đã thảo luận về cuộc họp qua điện thoại trong cuộc họp tuần.,Projects Meetings,B1,"{""part_of_speech"": ""noun"", ""subtopic"": ""TOEIC Workplace"", ""toeic_part"": ""5"", ""difficulty"": ""2"", ""collocations"": ""reserve a conference room; join a conference call; attend a video conference"", ""explanation"": ""Từ vựng trọng tâm theo ngữ cảnh TOEIC; học cùng ví dụ, word family và collocation."", ""tags"": ""toeic,v4,projects-meetings,workplace"", ""audio_text"": ""The project team discussed the conference call at the weekly meeting."", ""source"": ""YangLingo TOEIC Expansion v4""}",7407584ddf4172be350842ee4bbc28c46503bdc2
base-0218,VOCABULARY,video conference,cuộc họp trực tuyến bằng video,,The project team discussed the video conference at the weekly meeting.,Nhóm dự án đã thảo luận về cuộc họp trực tuyến bằng video trong cuộc họp tuần.,Projects Meetings,B1,"{""part_of_speech"": ""noun"", ""subtopic"": ""TOEIC Workplace"", ""toeic_part"": ""5"", ""difficulty"": ""2"", ""collocations"": ""attend a video conference; reserve a conference room; join a conference call"", ""explanation"": ""Từ vựng trọng tâm theo ngữ cảnh TOEIC; học cùng ví dụ, word family và collocation."", ""tags"": ""toeic,v4,projects-meetings,workplace"", ""audio_text"": ""The project team discussed the video conference at the weekly meeting."", ""source"": ""YangLingo TOEIC Expansion v4""}",f8b72af77fe2228465a22ee74bcfde2d41dfd7e2
base-0219,VOCABULARY,action item,đầu việc cần thực hiện,,The project team discussed the action item at the weekly meeting.,Nhóm dự án đã thảo luận về đầu việc cần thực hiện trong cuộc họp tuần.,Projects Meetings,B1,"{""part_of_speech"": ""noun"", ""subtopic"": ""TOEIC Workplace"", ""toeic_part"": ""5"", ""difficulty"": ""2"", ""collocations"": ""return a defective item; exchange an item"", ""explanation"": ""Từ vựng trọng tâm theo ngữ cảnh TOEIC; học cùng ví dụ, word family và collocation."", ""tags"": ""toeic,v4,projects-meetings,workplace"", ""audio_text"": ""The project team discussed the action item at the weekly meeting."", ""source"": ""YangLingo TOEIC Expansion v4""}",e8376f6182588a827514c75e62a261e59963ca90
base-0220,VOCABULARY,follow-up,"việc theo dõi, trao đổi tiếp",,The project team discussed the follow-up at the weekly meeting.,"Nhóm dự án đã thảo luận về việc theo dõi, trao đổi tiếp trong cuộc họp tuần.",Projects Meetings,B1,"{""part_of_speech"": ""noun"", ""subtopic"": ""TOEIC Workplace"", ""toeic_part"": ""5"", ""difficulty"": ""2"", ""collocations"": ""follow up on an issue; back up data"", ""explanation"": ""Từ vựng trọng tâm theo ngữ cảnh TOEIC; học cùng ví dụ, word family và collocation."", ""tags"": ""toeic,v4,projects-meetings,workplace"", ""audio_text"": ""The project team discussed the follow-up at the weekly meeting."", ""source"": ""YangLingo TOEIC Expansion v4""}",1fe98b3aab17f27ec042a8b9a154fabda0145742
base-0221,VOCABULARY,progress report,báo cáo tiến độ,,The project team discussed the progress report at the weekly meeting.,Nhóm dự án đã thảo luận về báo cáo tiến độ trong cuộc họp tuần.,Projects Meetings,B1,"{""part_of_speech"": ""noun"", ""subtopic"": ""TOEIC Workplace"", ""toeic_part"": ""5"", ""difficulty"": ""2"", ""collocations"": ""submit an expense report"", ""explanation"": ""Từ vựng trọng tâm theo ngữ cảnh TOEIC; học cùng ví dụ, word family và collocation."", ""tags"": ""toeic,v4,projects-meetings,workplace"", ""audio_text"": ""The project team discussed the progress report at the weekly meeting."", ""source"": ""YangLingo TOEIC Expansion v4""}",e805a87432308da2ab5ece6fc625b4ca18250e6b
base-0222,VOCABULARY,project brief,bản tóm tắt dự án,,The project team discussed the project brief at the weekly meeting.,Nhóm dự án đã thảo luận về bản tóm tắt dự án trong cuộc họp tuần.,Projects Meetings,B1,"{""part_of_speech"": ""noun"", ""subtopic"": ""TOEIC Workplace"", ""toeic_part"": ""5"", ""difficulty"": ""2"", ""collocations"": ""project deliverable; project scope; project timeline"", ""explanation"": ""Từ vựng trọng tâm theo ngữ cảnh TOEIC; học cùng ví dụ, word family và collocation."", ""tags"": ""toeic,v4,projects-meetings,workplace"", ""audio_text"": ""The project team discussed the project brief at the weekly meeting."", ""source"": ""YangLingo TOEIC Expansion v4""}",bfc482d4e957ce4167e3434aa1df9a44cf6dd51f
base-0223,VOCABULARY,project kickoff,buổi khởi động dự án,,The project team discussed the project kickoff at the weekly meeting.,Nhóm dự án đã thảo luận về buổi khởi động dự án trong cuộc họp tuần.,Projects Meetings,B1,"{""part_of_speech"": ""noun"", ""subtopic"": ""TOEIC Workplace"", ""toeic_part"": ""5"", ""difficulty"": ""2"", ""collocations"": ""project deliverable; project scope; project timeline; kickoff meeting"", ""explanation"": ""Từ vựng trọng tâm theo ngữ cảnh TOEIC; học cùng ví dụ, word family và collocation."", ""tags"": ""toeic,v4,projects-meetings,workplace"", ""audio_text"": ""The project team discussed the project kickoff at the weekly meeting."", ""source"": ""YangLingo TOEIC Expansion v4""}",2ed498fba636cdb227fdcca3e61bc9b861bcd7ab
base-0224,VOCABULARY,contingency plan,kế hoạch dự phòng,,The project team discussed the contingency plan at the weekly meeting.,Nhóm dự án đã thảo luận về kế hoạch dự phòng trong cuộc họp tuần.,Projects Meetings,B1,"{""part_of_speech"": ""noun"", ""subtopic"": ""TOEIC Workplace"", ""toeic_part"": ""5"", ""difficulty"": ""2"", ""collocations"": ""implementation plan"", ""explanation"": ""Từ vựng trọng tâm theo ngữ cảnh TOEIC; học cùng ví dụ, word family và collocation."", ""tags"": ""toeic,v4,projects-meetings,workplace"", ""audio_text"": ""The project team discussed the contingency plan at the weekly meeting."", ""source"": ""YangLingo TOEIC Expansion v4""}",e0ad747bee49d5f9ba7b71c7509f9ffac1983cba
base-0225,VOCABULARY,clause,điều khoản,,The legal team reviewed the clause before signing the agreement.,Bộ phận pháp lý đã xem lại điều khoản trước khi ký thỏa thuận.,Legal Contracts,B2,"{""part_of_speech"": ""noun"", ""subtopic"": ""TOEIC Workplace"", ""toeic_part"": ""7"", ""difficulty"": ""3"", ""collocations"": ""contract clause"", ""explanation"": ""Từ vựng trọng tâm theo ngữ cảnh TOEIC; học cùng ví dụ, word family và collocation."", ""tags"": ""toeic,v4,legal-contracts,workplace"", ""audio_text"": ""The legal team reviewed the clause before signing the agreement."", ""source"": ""YangLingo TOEIC Expansion v4""}",114823453a36b7bd737859fc607e4127d9428c6b
base-0226,VOCABULARY,renewal,việc gia hạn,,The legal team reviewed the renewal before signing the agreement.,Bộ phận pháp lý đã xem lại việc gia hạn trước khi ký thỏa thuận.,Legal Contracts,B2,"{""part_of_speech"": ""noun"", ""subtopic"": ""TOEIC Workplace"", ""toeic_part"": ""7"", ""difficulty"": ""3"", ""explanation"": ""Từ vựng trọng tâm theo ngữ cảnh TOEIC; học cùng ví dụ, word family và collocation."", ""tags"": ""toeic,v4,legal-contracts,workplace"", ""audio_text"": ""The legal team reviewed the renewal before signing the agreement."", ""source"": ""YangLingo TOEIC Expansion v4""}",bf16c75667346a549f780782b10a085e4b3e1af4
base-0227,VOCABULARY,expiration,sự hết hạn,,The legal team reviewed the expiration before signing the agreement.,Bộ phận pháp lý đã xem lại sự hết hạn trước khi ký thỏa thuận.,Legal Contracts,B2,"{""part_of_speech"": ""noun"", ""subtopic"": ""TOEIC Workplace"", ""toeic_part"": ""7"", ""difficulty"": ""3"", ""explanation"": ""Từ vựng trọng tâm theo ngữ cảnh TOEIC; học cùng ví dụ, word family và collocation."", ""tags"": ""toeic,v4,legal-contracts,workplace"", ""audio_text"": ""The legal team reviewed the expiration before signing the agreement."", ""source"": ""YangLingo TOEIC Expansion v4""}",75c8a3aea4b76e3545aee641e7ae53196886b1d0
base-0228,VOCABULARY,termination,sự chấm dứt,,The legal team reviewed the termination before signing the agreement.,Bộ phận pháp lý đã xem lại sự chấm dứt trước khi ký thỏa thuận.,Legal Contracts,B2,"{""part_of_speech"": ""noun"", ""subtopic"": ""TOEIC Workplace"", ""toeic_part"": ""7"", ""difficulty"": ""3"", ""explanation"": ""Từ vựng trọng tâm theo ngữ cảnh TOEIC; học cùng ví dụ, word family và collocation."", ""tags"": ""toeic,v4,legal-contracts,workplace"", ""audio_text"": ""The legal team reviewed the termination before signing the agreement."", ""source"": ""YangLingo TOEIC Expansion v4""}",3914a75deb446f5adf2699f3b6f83d76f857b0a1
base-0229,VOCABULARY,obligation,nghĩa vụ,,The legal team reviewed the obligation before signing the agreement.,Bộ phận pháp lý đã xem lại nghĩa vụ trước khi ký thỏa thuận.,Legal Contracts,B2,"{""part_of_speech"": ""noun"", ""subtopic"": ""TOEIC Workplace"", ""toeic_part"": ""7"", ""difficulty"": ""3"", ""collocations"": ""legal obligation"", ""explanation"": ""Từ vựng trọng tâm theo ngữ cảnh TOEIC; học cùng ví dụ, word family và collocation."", ""tags"": ""toeic,v4,legal-contracts,workplace"", ""audio_text"": ""The legal team reviewed the obligation before signing the agreement."", ""source"": ""YangLingo TOEIC Expansion v4""}",b7f1fc0c45dafb0c9187e2ece25d832c0cd3acee
base-0230,VOCABULARY,compliance,sự tuân thủ,,The legal team reviewed the compliance before signing the agreement.,Bộ phận pháp lý đã xem lại sự tuân thủ trước khi ký thỏa thuận.,Legal Contracts,B2,"{""part_of_speech"": ""noun"", ""subtopic"": ""TOEIC Workplace"", ""toeic_part"": ""7"", ""difficulty"": ""3"", ""explanation"": ""Từ vựng trọng tâm theo ngữ cảnh TOEIC; học cùng ví dụ, word family và collocation."", ""tags"": ""toeic,v4,legal-contracts,workplace"", ""audio_text"": ""The legal team reviewed the compliance before signing the agreement."", ""source"": ""YangLingo TOEIC Expansion v4""}",97635f9834974d0d308b07938b65119f651575a7
base-0231,VOCABULARY,signatory,người ký kết,,The legal team reviewed the signatory before signing the agreement.,Bộ phận pháp lý đã xem lại người ký kết trước khi ký thỏa thuận.,Legal Contracts,B2,"{""part_of_speech"": ""noun"", ""subtopic"": ""TOEIC Workplace"", ""toeic_part"": ""7"", ""difficulty"": ""3"", ""explanation"": ""Từ vựng trọng tâm theo ngữ cảnh TOEIC; học cùng ví dụ, word family và collocation."", ""tags"": ""toeic,v4,legal-contracts,workplace"", ""audio_text"": ""The legal team reviewed the signatory before signing the agreement."", ""source"": ""YangLingo TOEIC Expansion v4""}",d5315e3d40b5139e5f5c1f33c52f1e634b54ae5a
base-0232,VOCABULARY,confidentiality,tính bảo mật,,The legal team reviewed the confidentiality before signing the agreement.,Bộ phận pháp lý đã xem lại tính bảo mật trước khi ký thỏa thuận.,Legal Contracts,B2,"{""part_of_speech"": ""noun"", ""subtopic"": ""TOEIC Workplace"", ""toeic_part"": ""7"", ""difficulty"": ""3"", ""collocations"": ""confidentiality agreement"", ""explanation"": ""Từ vựng trọng tâm theo ngữ cảnh TOEIC; học cùng ví dụ, word family và collocation."", ""tags"": ""toeic,v4,legal-contracts,workplace"", ""audio_text"": ""The legal team reviewed the confidentiality before signing the agreement."", ""source"": ""YangLingo TOEIC Expansion v4""}",fdd7d13fb36455b7ce0447b1f1bdb47c6a68e765
base-0233,VOCABULARY,settlement,"sự dàn xếp, thỏa thuận giải quyết",,The legal team reviewed the settlement before signing the agreement.,"Bộ phận pháp lý đã xem lại sự dàn xếp, thỏa thuận giải quyết trước khi ký thỏa thuận.",Legal Contracts,B2,"{""part_of_speech"": ""noun"", ""subtopic"": ""TOEIC Workplace"", ""toeic_part"": ""7"", ""difficulty"": ""3"", ""explanation"": ""Từ vựng trọng tâm theo ngữ cảnh TOEIC; học cùng ví dụ, word family và collocation."", ""tags"": ""toeic,v4,legal-contracts,workplace"", ""audio_text"": ""The legal team reviewed the settlement before signing the agreement."", ""source"": ""YangLingo TOEIC Expansion v4""}",fb3fa8e6041582a5c637979ed345aec0e5eff972
base-0234,VOCABULARY,terms and conditions,điều khoản và điều kiện,,The legal team reviewed the terms and conditions before signing the agreement.,Bộ phận pháp lý đã xem lại điều khoản và điều kiện trước khi ký thỏa thuận.,Legal Contracts,B2,"{""part_of_speech"": ""noun"", ""subtopic"": ""TOEIC Workplace"", ""toeic_part"": ""7"", ""difficulty"": ""3"", ""explanation"": ""Từ vựng trọng tâm theo ngữ cảnh TOEIC; học cùng ví dụ, word family và collocation."", ""tags"": ""toeic,v4,legal-contracts,workplace"", ""audio_text"": ""The legal team reviewed the terms and conditions before signing the agreement."", ""source"": ""YangLingo TOEIC Expansion v4""}",f961054d5d1d1aa0db244f770bd14948b3152abb
base-0235,VOCABULARY,contract renewal,gia hạn hợp đồng,,The legal team reviewed the contract renewal before signing the agreement.,Bộ phận pháp lý đã xem lại gia hạn hợp đồng trước khi ký thỏa thuận.,Legal Contracts,B2,"{""part_of_speech"": ""noun"", ""subtopic"": ""TOEIC Workplace"", ""toeic_part"": ""7"", ""difficulty"": ""3"", ""collocations"": ""sign a contract; renew a contract; terminate a contract; contract clause"", ""explanation"": ""Từ vựng trọng tâm theo ngữ cảnh TOEIC; học cùng ví dụ, word family và collocation."", ""tags"": ""toeic,v4,legal-contracts,workplace"", ""audio_text"": ""The legal team reviewed the contract renewal before signing the agreement."", ""source"": ""YangLingo TOEIC Expansion v4""}",6c9ebe686c511c6af6528b602a8ff3274bacd48f
base-0236,VOCABULARY,notice period,thời hạn báo trước,,The legal team reviewed the notice period before signing the agreement.,Bộ phận pháp lý đã xem lại thời hạn báo trước trước khi ký thỏa thuận.,Legal Contracts,B2,"{""part_of_speech"": ""noun"", ""subtopic"": ""TOEIC Workplace"", ""toeic_part"": ""7"", ""difficulty"": ""3"", ""explanation"": ""Từ vựng trọng tâm theo ngữ cảnh TOEIC; học cùng ví dụ, word family và collocation."", ""tags"": ""toeic,v4,legal-contracts,workplace"", ""audio_text"": ""The legal team reviewed the notice period before signing the agreement."", ""source"": ""YangLingo TOEIC Expansion v4""}",5ac471fd5000b4a8ae1bb0951929d96beed3ed2c
base-0237,VOCABULARY,service agreement,thỏa thuận dịch vụ,,The legal team reviewed the service agreement before signing the agreement.,Bộ phận pháp lý đã xem lại thỏa thuận dịch vụ trước khi ký thỏa thuận.,Legal Contracts,B2,"{""part_of_speech"": ""noun"", ""subtopic"": ""TOEIC Workplace"", ""toeic_part"": ""7"", ""difficulty"": ""3"", ""collocations"": ""shuttle service; catering service; confidentiality agreement"", ""explanation"": ""Từ vựng trọng tâm theo ngữ cảnh TOEIC; học cùng ví dụ, word family và collocation."", ""tags"": ""toeic,v4,legal-contracts,workplace"", ""audio_text"": ""The legal team reviewed the service agreement before signing the agreement."", ""source"": ""YangLingo TOEIC Expansion v4""}",43ba4cfc27ca3c18cb51c3f26d864d77c0cd9e9b
base-0238,VOCABULARY,checkout,"quầy, bước thanh toán",,A customer asked about the checkout at the service desk.,"Một khách hàng đã hỏi về quầy, bước thanh toán tại quầy dịch vụ.",Retail Customer Service,B1,"{""part_of_speech"": ""noun"", ""subtopic"": ""TOEIC Workplace"", ""toeic_part"": ""7"", ""difficulty"": ""2"", ""explanation"": ""Từ vựng trọng tâm theo ngữ cảnh TOEIC; học cùng ví dụ, word family và collocation."", ""tags"": ""toeic,v4,retail-customer-service,workplace"", ""audio_text"": ""A customer asked about the checkout at the service desk."", ""source"": ""YangLingo TOEIC Expansion v4""}",63921d174a0999441556d1b4172f88c002ba86f4
base-0239,VOCABULARY,cashier,nhân viên thu ngân,,A customer asked about the cashier at the service desk.,Một khách hàng đã hỏi về nhân viên thu ngân tại quầy dịch vụ.,Retail Customer Service,B1,"{""part_of_speech"": ""noun"", ""subtopic"": ""TOEIC Workplace"", ""toeic_part"": ""7"", ""difficulty"": ""2"", ""explanation"": ""Từ vựng trọng tâm theo ngữ cảnh TOEIC; học cùng ví dụ, word family và collocation."", ""tags"": ""toeic,v4,retail-customer-service,workplace"", ""audio_text"": ""A customer asked about the cashier at the service desk."", ""source"": ""YangLingo TOEIC Expansion v4""}",1afcc9309fe71cf0f75adb946299ddadc1a14235
base-0240,VOCABULARY,fitting room,phòng thử đồ,,A customer asked about the fitting room at the service desk.,Một khách hàng đã hỏi về phòng thử đồ tại quầy dịch vụ.,Retail Customer Service,B1,"{""part_of_speech"": ""noun"", ""subtopic"": ""TOEIC Workplace"", ""toeic_part"": ""7"", ""difficulty"": ""2"", ""collocations"": ""reserve a conference room"", ""explanation"": ""Từ vựng trọng tâm theo ngữ cảnh TOEIC; học cùng ví dụ, word family và collocation."", ""tags"": ""toeic,v4,retail-customer-service,workplace"", ""audio_text"": ""A customer asked about the fitting room at the service desk."", ""source"": ""YangLingo TOEIC Expansion v4""}",af4838819a7a059a9551e3f3797f1aa334e7f49a
base-0241,VOCABULARY,store hours,giờ mở cửa của cửa hàng,,A customer asked about the store hours at the service desk.,Một khách hàng đã hỏi về giờ mở cửa của cửa hàng tại quầy dịch vụ.,Retail Customer Service,B1,"{""part_of_speech"": ""noun"", ""subtopic"": ""TOEIC Workplace"", ""toeic_part"": ""7"", ""difficulty"": ""2"", ""explanation"": ""Từ vựng trọng tâm theo ngữ cảnh TOEIC; học cùng ví dụ, word family và collocation."", ""tags"": ""toeic,v4,retail-customer-service,workplace"", ""audio_text"": ""A customer asked about the store hours at the service desk."", ""source"": ""YangLingo TOEIC Expansion v4""}",4f31fc1ad82c4be956b56e559b90cd2c538c9d95
base-0242,VOCABULARY,payment method,phương thức thanh toán,,A customer asked about the payment method at the service desk.,Một khách hàng đã hỏi về phương thức thanh toán tại quầy dịch vụ.,Retail Customer Service,B1,"{""part_of_speech"": ""noun"", ""subtopic"": ""TOEIC Workplace"", ""toeic_part"": ""7"", ""difficulty"": ""2"", ""collocations"": ""overdue payment; process a payment; credit card payment"", ""explanation"": ""Từ vựng trọng tâm theo ngữ cảnh TOEIC; học cùng ví dụ, word family và collocation."", ""tags"": ""toeic,v4,retail-customer-service,workplace"", ""audio_text"": ""A customer asked about the payment method at the service desk."", ""source"": ""YangLingo TOEIC Expansion v4""}",c46c63cf7645315e79ab3485e5989e2cd0772d89
base-0243,VOCABULARY,customer service desk,quầy dịch vụ khách hàng,,A customer asked about the customer service desk at the service desk.,Một khách hàng đã hỏi về quầy dịch vụ khách hàng tại quầy dịch vụ.,Retail Customer Service,B1,"{""part_of_speech"": ""noun"", ""subtopic"": ""TOEIC Workplace"", ""toeic_part"": ""7"", ""difficulty"": ""2"", ""collocations"": ""potential customer; customer feedback; shuttle service; catering service"", ""explanation"": ""Từ vựng trọng tâm theo ngữ cảnh TOEIC; học cùng ví dụ, word family và collocation."", ""tags"": ""toeic,v4,retail-customer-service,workplace"", ""audio_text"": ""A customer asked about the customer service desk at the service desk."", ""source"": ""YangLingo TOEIC Expansion v4""}",7246d036cc9f5b125e773f199963ae1f93cfa75a
base-0244,VOCABULARY,loyalty program,chương trình khách hàng thân thiết,,A customer asked about the loyalty program at the service desk.,Một khách hàng đã hỏi về chương trình khách hàng thân thiết tại quầy dịch vụ.,Retail Customer Service,B1,"{""part_of_speech"": ""noun"", ""subtopic"": ""TOEIC Workplace"", ""toeic_part"": ""7"", ""difficulty"": ""2"", ""explanation"": ""Từ vựng trọng tâm theo ngữ cảnh TOEIC; học cùng ví dụ, word family và collocation."", ""tags"": ""toeic,v4,retail-customer-service,workplace"", ""audio_text"": ""A customer asked about the loyalty program at the service desk."", ""source"": ""YangLingo TOEIC Expansion v4""}",89f9baa8b78d59bbd51458d74816dffabcb5c63e
base-0245,VOCABULARY,gift card,thẻ quà tặng,,A customer asked about the gift card at the service desk.,Một khách hàng đã hỏi về thẻ quà tặng tại quầy dịch vụ.,Retail Customer Service,B1,"{""part_of_speech"": ""noun"", ""subtopic"": ""TOEIC Workplace"", ""toeic_part"": ""7"", ""difficulty"": ""2"", ""collocations"": ""credit card payment"", ""explanation"": ""Từ vựng trọng tâm theo ngữ cảnh TOEIC; học cùng ví dụ, word family và collocation."", ""tags"": ""toeic,v4,retail-customer-service,workplace"", ""audio_text"": ""A customer asked about the gift card at the service desk."", ""source"": ""YangLingo TOEIC Expansion v4""}",9ee2cfec9830bd56dfdd1d45c2e0dd64980b709b
base-0246,VOCABULARY,return window,thời hạn được phép đổi trả,,A customer asked about the return window at the service desk.,Một khách hàng đã hỏi về thời hạn được phép đổi trả tại quầy dịch vụ.,Retail Customer Service,B1,"{""part_of_speech"": ""noun"", ""subtopic"": ""TOEIC Workplace"", ""toeic_part"": ""7"", ""difficulty"": ""2"", ""collocations"": ""return a defective item"", ""explanation"": ""Từ vựng trọng tâm theo ngữ cảnh TOEIC; học cùng ví dụ, word family và collocation."", ""tags"": ""toeic,v4,retail-customer-service,workplace"", ""audio_text"": ""A customer asked about the return window at the service desk."", ""source"": ""YangLingo TOEIC Expansion v4""}",1512460f5d14443caba83746a321a7ee7f441dc3
base-0247,VOCABULARY,product display,khu trưng bày sản phẩm,,A customer asked about the product display at the service desk.,Một khách hàng đã hỏi về khu trưng bày sản phẩm tại quầy dịch vụ.,Retail Customer Service,B1,"{""part_of_speech"": ""noun"", ""subtopic"": ""TOEIC Workplace"", ""toeic_part"": ""7"", ""difficulty"": ""2"", ""collocations"": ""product catalog; launch a product; product demonstration"", ""explanation"": ""Từ vựng trọng tâm theo ngữ cảnh TOEIC; học cùng ví dụ, word family và collocation."", ""tags"": ""toeic,v4,retail-customer-service,workplace"", ""audio_text"": ""A customer asked about the product display at the service desk."", ""source"": ""YangLingo TOEIC Expansion v4""}",2679ec2c456742a1897e509f0318f6dbdfe46648
base-0248,VOCABULARY,special offer,ưu đãi đặc biệt,,A customer asked about the special offer at the service desk.,Một khách hàng đã hỏi về ưu đãi đặc biệt tại quầy dịch vụ.,Retail Customer Service,B1,"{""part_of_speech"": ""noun"", ""subtopic"": ""TOEIC Workplace"", ""toeic_part"": ""7"", ""difficulty"": ""2"", ""collocations"": ""accept a job offer; reject a job offer; offer a discount"", ""explanation"": ""Từ vựng trọng tâm theo ngữ cảnh TOEIC; học cùng ví dụ, word family và collocation."", ""tags"": ""toeic,v4,retail-customer-service,workplace"", ""audio_text"": ""A customer asked about the special offer at the service desk."", ""source"": ""YangLingo TOEIC Expansion v4""}",b92e7cb1bbcfeed969706948dc3be962af7ca4c0
base-0249,VOCABULARY,seminar,hội thảo chuyên đề,,The organizer confirmed the seminar before the event.,Ban tổ chức đã xác nhận hội thảo chuyên đề trước sự kiện.,Events Conferences,B1,"{""part_of_speech"": ""noun"", ""subtopic"": ""TOEIC Workplace"", ""toeic_part"": ""7"", ""difficulty"": ""2"", ""collocations"": ""attend a seminar"", ""explanation"": ""Từ vựng trọng tâm theo ngữ cảnh TOEIC; học cùng ví dụ, word family và collocation."", ""tags"": ""toeic,v4,events-conferences,workplace"", ""audio_text"": ""The organizer confirmed the seminar before the event."", ""source"": ""YangLingo TOEIC Expansion v4""}",1dadcd685976b22cd9392b75048be4d2fe019eef
base-0250,VOCABULARY,workshop,buổi hội thảo thực hành,,The organizer confirmed the workshop before the event.,Ban tổ chức đã xác nhận buổi hội thảo thực hành trước sự kiện.,Events Conferences,B1,"{""part_of_speech"": ""noun"", ""subtopic"": ""TOEIC Workplace"", ""toeic_part"": ""7"", ""difficulty"": ""2"", ""collocations"": ""host a workshop"", ""explanation"": ""Từ vựng trọng tâm theo ngữ cảnh TOEIC; học cùng ví dụ, word family và collocation."", ""tags"": ""toeic,v4,events-conferences,workplace"", ""audio_text"": ""The organizer confirmed the workshop before the event."", ""source"": ""YangLingo TOEIC Expansion v4""}",c229f06924e0d7169f70aa9f4d24a423e544a228
base-0251,VOCABULARY,exhibition,triển lãm,,The organizer confirmed the exhibition before the event.,Ban tổ chức đã xác nhận triển lãm trước sự kiện.,Events Conferences,B1,"{""part_of_speech"": ""noun"", ""subtopic"": ""TOEIC Workplace"", ""toeic_part"": ""7"", ""difficulty"": ""2"", ""collocations"": ""exhibition hall; exhibition booth"", ""explanation"": ""Từ vựng trọng tâm theo ngữ cảnh TOEIC; học cùng ví dụ, word family và collocation."", ""tags"": ""toeic,v4,events-conferences,workplace"", ""audio_text"": ""The organizer confirmed the exhibition before the event."", ""source"": ""YangLingo TOEIC Expansion v4""}",c88966ea1e07a3ce57cc5d3329d58210967ca062
base-0252,VOCABULARY,trade show,hội chợ thương mại,,The organizer confirmed the trade show before the event.,Ban tổ chức đã xác nhận hội chợ thương mại trước sự kiện.,Events Conferences,B1,"{""part_of_speech"": ""noun"", ""subtopic"": ""TOEIC Workplace"", ""toeic_part"": ""7"", ""difficulty"": ""2"", ""collocations"": ""show a receipt"", ""explanation"": ""Từ vựng trọng tâm theo ngữ cảnh TOEIC; học cùng ví dụ, word family và collocation."", ""tags"": ""toeic,v4,events-conferences,workplace"", ""audio_text"": ""The organizer confirmed the trade show before the event."", ""source"": ""YangLingo TOEIC Expansion v4""}",91e80d2165d4ca0107bd14fd7d6cffe1ef97620e
base-0253,VOCABULARY,registration,việc đăng ký,,The organizer confirmed the registration before the event.,Ban tổ chức đã xác nhận việc đăng ký trước sự kiện.,Events Conferences,B1,"{""part_of_speech"": ""noun"", ""subtopic"": ""TOEIC Workplace"", ""toeic_part"": ""7"", ""difficulty"": ""2"", ""word_family"": ""register (v) → registration (n)"", ""explanation"": ""Từ vựng trọng tâm theo ngữ cảnh TOEIC; học cùng ví dụ, word family và collocation."", ""tags"": ""toeic,v4,events-conferences,workplace"", ""audio_text"": ""The organizer confirmed the registration before the event."", ""source"": ""YangLingo TOEIC Expansion v4""}",e15f937a3168af4e3f7d74d923a94696fc120b9a
base-0254,VOCABULARY,speaker,diễn giả,,The organizer confirmed the speaker before the event.,Ban tổ chức đã xác nhận diễn giả trước sự kiện.,Events Conferences,B1,"{""part_of_speech"": ""noun"", ""subtopic"": ""TOEIC Workplace"", ""toeic_part"": ""7"", ""difficulty"": ""2"", ""collocations"": ""keynote speaker"", ""explanation"": ""Từ vựng trọng tâm theo ngữ cảnh TOEIC; học cùng ví dụ, word family và collocation."", ""tags"": ""toeic,v4,events-conferences,workplace"", ""audio_text"": ""The organizer confirmed the speaker before the event."", ""source"": ""YangLingo TOEIC Expansion v4""}",dd4a71216952f415865c3b16ec33b4e562e734e4
base-0255,VOCABULARY,presenter,người thuyết trình,,The organizer confirmed the presenter before the event.,Ban tổ chức đã xác nhận người thuyết trình trước sự kiện.,Events Conferences,B1,"{""part_of_speech"": ""noun"", ""subtopic"": ""TOEIC Workplace"", ""toeic_part"": ""7"", ""difficulty"": ""2"", ""explanation"": ""Từ vựng trọng tâm theo ngữ cảnh TOEIC; học cùng ví dụ, word family và collocation."", ""tags"": ""toeic,v4,events-conferences,workplace"", ""audio_text"": ""The organizer confirmed the presenter before the event."", ""source"": ""YangLingo TOEIC Expansion v4""}",dd4b6e4fce9c2b4287aaeec2b624ee46ef7c071c
base-0256,VOCABULARY,booth,gian hàng,,The organizer confirmed the booth before the event.,Ban tổ chức đã xác nhận gian hàng trước sự kiện.,Events Conferences,B1,"{""part_of_speech"": ""noun"", ""subtopic"": ""TOEIC Workplace"", ""toeic_part"": ""7"", ""difficulty"": ""2"", ""collocations"": ""exhibition booth"", ""explanation"": ""Từ vựng trọng tâm theo ngữ cảnh TOEIC; học cùng ví dụ, word family và collocation."", ""tags"": ""toeic,v4,events-conferences,workplace"", ""audio_text"": ""The organizer confirmed the booth before the event."", ""source"": ""YangLingo TOEIC Expansion v4""}",4f024e7a8d357072889a262f6abcd3a78f77abd4
base-0257,VOCABULARY,catering,dịch vụ ăn uống sự kiện,,The organizer confirmed the catering before the event.,Ban tổ chức đã xác nhận dịch vụ ăn uống sự kiện trước sự kiện.,Events Conferences,B1,"{""part_of_speech"": ""noun"", ""subtopic"": ""TOEIC Workplace"", ""toeic_part"": ""7"", ""difficulty"": ""2"", ""collocations"": ""catering service"", ""explanation"": ""Từ vựng trọng tâm theo ngữ cảnh TOEIC; học cùng ví dụ, word family và collocation."", ""tags"": ""toeic,v4,events-conferences,workplace"", ""audio_text"": ""The organizer confirmed the catering before the event."", ""source"": ""YangLingo TOEIC Expansion v4""}",4f1d6e6cf47442be805f82490a7e734f8c9f04a5
base-0258,VOCABULARY,sponsor,nhà tài trợ,,The organizer confirmed the sponsor before the event.,Ban tổ chức đã xác nhận nhà tài trợ trước sự kiện.,Events Conferences,B1,"{""part_of_speech"": ""noun"", ""subtopic"": ""TOEIC Workplace"", ""toeic_part"": ""7"", ""difficulty"": ""2"", ""collocations"": ""corporate sponsor"", ""explanation"": ""Từ vựng trọng tâm theo ngữ cảnh TOEIC; học cùng ví dụ, word family và collocation."", ""tags"": ""toeic,v4,events-conferences,workplace"", ""audio_text"": ""The organizer confirmed the sponsor before the event."", ""source"": ""YangLingo TOEIC Expansion v4""}",02589cfde8baa83954ffb0c04f5eeea78bb9fd1d
base-0259,VOCABULARY,sponsorship,sự tài trợ,,The organizer confirmed the sponsorship before the event.,Ban tổ chức đã xác nhận sự tài trợ trước sự kiện.,Events Conferences,B1,"{""part_of_speech"": ""noun"", ""subtopic"": ""TOEIC Workplace"", ""toeic_part"": ""7"", ""difficulty"": ""2"", ""explanation"": ""Từ vựng trọng tâm theo ngữ cảnh TOEIC; học cùng ví dụ, word family và collocation."", ""tags"": ""toeic,v4,events-conferences,workplace"", ""audio_text"": ""The organizer confirmed the sponsorship before the event."", ""source"": ""YangLingo TOEIC Expansion v4""}",92a873a299c81ef679bed130ce6c36cff6afc61e
base-0260,VOCABULARY,conference badge,thẻ đeo hội nghị,,The organizer confirmed the conference badge before the event.,Ban tổ chức đã xác nhận thẻ đeo hội nghị trước sự kiện.,Events Conferences,B1,"{""part_of_speech"": ""noun"", ""subtopic"": ""TOEIC Workplace"", ""toeic_part"": ""7"", ""difficulty"": ""2"", ""collocations"": ""reserve a conference room; join a conference call; attend a video conference"", ""explanation"": ""Từ vựng trọng tâm theo ngữ cảnh TOEIC; học cùng ví dụ, word family và collocation."", ""tags"": ""toeic,v4,events-conferences,workplace"", ""audio_text"": ""The organizer confirmed the conference badge before the event."", ""source"": ""YangLingo TOEIC Expansion v4""}",6bf7c7298a1e3bb4018030eacfbe9f294991e800
base-0261,VOCABULARY,registration desk,quầy đăng ký,,The organizer confirmed the registration desk before the event.,Ban tổ chức đã xác nhận quầy đăng ký trước sự kiện.,Events Conferences,B1,"{""part_of_speech"": ""noun"", ""subtopic"": ""TOEIC Workplace"", ""toeic_part"": ""7"", ""difficulty"": ""2"", ""collocations"": ""contact the help desk"", ""explanation"": ""Từ vựng trọng tâm theo ngữ cảnh TOEIC; học cùng ví dụ, word family và collocation."", ""tags"": ""toeic,v4,events-conferences,workplace"", ""audio_text"": ""The organizer confirmed the registration desk before the event."", ""source"": ""YangLingo TOEIC Expansion v4""}",94a99b356c2680927859c53bb2fbcebd22a4a4de
base-0262,VOCABULARY,exhibit hall,sảnh triển lãm,,The organizer confirmed the exhibit hall before the event.,Ban tổ chức đã xác nhận sảnh triển lãm trước sự kiện.,Events Conferences,B1,"{""part_of_speech"": ""noun"", ""subtopic"": ""TOEIC Workplace"", ""toeic_part"": ""7"", ""difficulty"": ""2"", ""collocations"": ""exhibition hall"", ""explanation"": ""Từ vựng trọng tâm theo ngữ cảnh TOEIC; học cùng ví dụ, word family và collocation."", ""tags"": ""toeic,v4,events-conferences,workplace"", ""audio_text"": ""The organizer confirmed the exhibit hall before the event."", ""source"": ""YangLingo TOEIC Expansion v4""}",a3456bd41760ae19480f464645b088e78e7cc98f
base-0263,VOCABULARY,keynote speech,bài phát biểu chính,,The organizer confirmed the keynote speech before the event.,Ban tổ chức đã xác nhận bài phát biểu chính trước sự kiện.,Events Conferences,B1,"{""part_of_speech"": ""noun"", ""subtopic"": ""TOEIC Workplace"", ""toeic_part"": ""7"", ""difficulty"": ""2"", ""collocations"": ""keynote speaker"", ""explanation"": ""Từ vựng trọng tâm theo ngữ cảnh TOEIC; học cùng ví dụ, word family và collocation."", ""tags"": ""toeic,v4,events-conferences,workplace"", ""audio_text"": ""The organizer confirmed the keynote speech before the event."", ""source"": ""YangLingo TOEIC Expansion v4""}",f13c06f6a948aa96e758184b36d2567304606735
base-0264,VOCABULARY,networking session,"phiên kết nối, giao lưu nghề nghiệp",,The organizer confirmed the networking session before the event.,"Ban tổ chức đã xác nhận phiên kết nối, giao lưu nghề nghiệp trước sự kiện.",Events Conferences,B1,"{""part_of_speech"": ""noun"", ""subtopic"": ""TOEIC Workplace"", ""toeic_part"": ""7"", ""difficulty"": ""2"", ""collocations"": ""training session"", ""explanation"": ""Từ vựng trọng tâm theo ngữ cảnh TOEIC; học cùng ví dụ, word family và collocation."", ""tags"": ""toeic,v4,events-conferences,workplace"", ""audio_text"": ""The organizer confirmed the networking session before the event."", ""source"": ""YangLingo TOEIC Expansion v4""}",de8dbfdbf55f0b5db9b9a0f42ac51f041141ba9a
base-0265,COLLOCATION,meet a deadline,đáp ứng đúng hạn,,Please meet a deadline before the deadline.,Vui lòng đáp ứng đúng hạn trước hạn chót.,Office Administration,B1,"{""part_of_speech"": ""phrase"", ""subtopic"": ""TOEIC Collocation"", ""toeic_part"": ""5"", ""difficulty"": ""2"", ""collocations"": ""meet a deadline"", ""explanation"": ""Cụm từ thường gặp trong ngữ cảnh công việc và bài thi TOEIC."", ""tags"": ""toeic,v4,collocation,office-administration"", ""audio_text"": ""Please meet a deadline before the deadline."", ""source"": ""YangLingo TOEIC Expansion v4""}",b49ed5f88d3c38ad9d270b52e99b93ab144b5835
base-0266,COLLOCATION,miss a deadline,trễ hạn,,Please miss a deadline before the deadline.,Vui lòng trễ hạn trước hạn chót.,Office Administration,B1,"{""part_of_speech"": ""phrase"", ""subtopic"": ""TOEIC Collocation"", ""toeic_part"": ""5"", ""difficulty"": ""2"", ""collocations"": ""miss a deadline"", ""explanation"": ""Cụm từ thường gặp trong ngữ cảnh công việc và bài thi TOEIC."", ""tags"": ""toeic,v4,collocation,office-administration"", ""audio_text"": ""Please miss a deadline before the deadline."", ""source"": ""YangLingo TOEIC Expansion v4""}",a0711c9200f4b19d29ec05bac668e49e7afde5dc
base-0267,COLLOCATION,set a deadline,đặt hạn chót,,Please set a deadline before the deadline.,Vui lòng đặt hạn chót trước hạn chót.,Office Administration,B1,"{""part_of_speech"": ""phrase"", ""subtopic"": ""TOEIC Collocation"", ""toeic_part"": ""5"", ""difficulty"": ""2"", ""collocations"": ""set a deadline"", ""explanation"": ""Cụm từ thường gặp trong ngữ cảnh công việc và bài thi TOEIC."", ""tags"": ""toeic,v4,collocation,office-administration"", ""audio_text"": ""Please set a deadline before the deadline."", ""source"": ""YangLingo TOEIC Expansion v4""}",242dfc51674a010271d4b76edb7d719ef5a7927d
base-0268,COLLOCATION,schedule a meeting,lên lịch cuộc họp,,Please schedule a meeting before the deadline.,Vui lòng lên lịch cuộc họp trước hạn chót.,Office Administration,B1,"{""part_of_speech"": ""phrase"", ""subtopic"": ""TOEIC Collocation"", ""toeic_part"": ""5"", ""difficulty"": ""2"", ""collocations"": ""schedule a meeting"", ""explanation"": ""Cụm từ thường gặp trong ngữ cảnh công việc và bài thi TOEIC."", ""tags"": ""toeic,v4,collocation,office-administration"", ""audio_text"": ""Please schedule a meeting before the deadline."", ""source"": ""YangLingo TOEIC Expansion v4""}",4dbd73266cd99f991a0b05f9aebac40f3f4a9042
base-0269,COLLOCATION,reschedule a meeting,đổi lịch cuộc họp,,Please reschedule a meeting before the deadline.,Vui lòng đổi lịch cuộc họp trước hạn chót.,Office Administration,B1,"{""part_of_speech"": ""phrase"", ""subtopic"": ""TOEIC Collocation"", ""toeic_part"": ""5"", ""difficulty"": ""2"", ""collocations"": ""reschedule a meeting"", ""explanation"": ""Cụm từ thường gặp trong ngữ cảnh công việc và bài thi TOEIC."", ""tags"": ""toeic,v4,collocation,office-administration"", ""audio_text"": ""Please reschedule a meeting before the deadline."", ""source"": ""YangLingo TOEIC Expansion v4""}",e87ddcb1475914af7de3f636987b45acfa48840e
base-0270,COLLOCATION,postpone a meeting,hoãn cuộc họp,,Please postpone a meeting before the deadline.,Vui lòng hoãn cuộc họp trước hạn chót.,Office Administration,B1,"{""part_of_speech"": ""phrase"", ""subtopic"": ""TOEIC Collocation"", ""toeic_part"": ""5"", ""difficulty"": ""2"", ""collocations"": ""postpone a meeting"", ""explanation"": ""Cụm từ thường gặp trong ngữ cảnh công việc và bài thi TOEIC."", ""tags"": ""toeic,v4,collocation,office-administration"", ""audio_text"": ""Please postpone a meeting before the deadline."", ""source"": ""YangLingo TOEIC Expansion v4""}",dcd1b24528fb79e75cba546740b15dcdc7fcbe6e
base-0271,COLLOCATION,confirm an appointment,xác nhận cuộc hẹn,,Please confirm an appointment before the deadline.,Vui lòng xác nhận cuộc hẹn trước hạn chót.,Office Administration,B1,"{""part_of_speech"": ""phrase"", ""subtopic"": ""TOEIC Collocation"", ""toeic_part"": ""5"", ""difficulty"": ""2"", ""collocations"": ""confirm an appointment"", ""explanation"": ""Cụm từ thường gặp trong ngữ cảnh công việc và bài thi TOEIC."", ""tags"": ""toeic,v4,collocation,office-administration"", ""audio_text"": ""Please confirm an appointment before the deadline."", ""source"": ""YangLingo TOEIC Expansion v4""}",77f0b5c6b96782f18f9c705c4195c932532db4d5
base-0272,COLLOCATION,make an appointment,đặt lịch hẹn,,Please make an appointment before the deadline.,Vui lòng đặt lịch hẹn trước hạn chót.,Office Administration,B1,"{""part_of_speech"": ""phrase"", ""subtopic"": ""TOEIC Collocation"", ""toeic_part"": ""5"", ""difficulty"": ""2"", ""collocations"": ""make an appointment"", ""explanation"": ""Cụm từ thường gặp trong ngữ cảnh công việc và bài thi TOEIC."", ""tags"": ""toeic,v4,collocation,office-administration"", ""audio_text"": ""Please make an appointment before the deadline."", ""source"": ""YangLingo TOEIC Expansion v4""}",431bbea1468073834e1f1234885edfbecb2f336b
base-0273,COLLOCATION,attach a file,đính kèm tệp,,Please attach a file before the deadline.,Vui lòng đính kèm tệp trước hạn chót.,Office Administration,B1,"{""part_of_speech"": ""phrase"", ""subtopic"": ""TOEIC Collocation"", ""toeic_part"": ""5"", ""difficulty"": ""2"", ""collocations"": ""attach a file"", ""explanation"": ""Cụm từ thường gặp trong ngữ cảnh công việc và bài thi TOEIC."", ""tags"": ""toeic,v4,collocation,office-administration"", ""audio_text"": ""Please attach a file before the deadline."", ""source"": ""YangLingo TOEIC Expansion v4""}",d96c193ea782ff36fec6a4d837ac00d8b2f9f54a
base-0274,COLLOCATION,forward an email,chuyển tiếp email,,Please forward an email before the deadline.,Vui lòng chuyển tiếp email trước hạn chót.,Office Administration,B1,"{""part_of_speech"": ""phrase"", ""subtopic"": ""TOEIC Collocation"", ""toeic_part"": ""5"", ""difficulty"": ""2"", ""collocations"": ""forward an email"", ""explanation"": ""Cụm từ thường gặp trong ngữ cảnh công việc và bài thi TOEIC."", ""tags"": ""toeic,v4,collocation,office-administration"", ""audio_text"": ""Please forward an email before the deadline."", ""source"": ""YangLingo TOEIC Expansion v4""}",e0c3a13a32f5eeaa2158bf355c179c4a94c37ff6
base-0275,COLLOCATION,reply to an inquiry,trả lời yêu cầu hỏi thông tin,,Please reply to an inquiry before the deadline.,Vui lòng trả lời yêu cầu hỏi thông tin trước hạn chót.,Office Administration,B1,"{""part_of_speech"": ""phrase"", ""subtopic"": ""TOEIC Collocation"", ""toeic_part"": ""5"", ""difficulty"": ""2"", ""collocations"": ""reply to an inquiry"", ""explanation"": ""Cụm từ thường gặp trong ngữ cảnh công việc và bài thi TOEIC."", ""tags"": ""toeic,v4,collocation,office-administration"", ""audio_text"": ""Please reply to an inquiry before the deadline."", ""source"": ""YangLingo TOEIC Expansion v4""}",237579b73a69fb296309cd5645d68029f47a3dd7
base-0276,COLLOCATION,submit a form,nộp biểu mẫu,,Please submit a form before the deadline.,Vui lòng nộp biểu mẫu trước hạn chót.,Office Administration,B1,"{""part_of_speech"": ""phrase"", ""subtopic"": ""TOEIC Collocation"", ""toeic_part"": ""5"", ""difficulty"": ""2"", ""collocations"": ""submit a form"", ""explanation"": ""Cụm từ thường gặp trong ngữ cảnh công việc và bài thi TOEIC."", ""tags"": ""toeic,v4,collocation,office-administration"", ""audio_text"": ""Please submit a form before the deadline."", ""source"": ""YangLingo TOEIC Expansion v4""}",da8885d343bf5826c3fd40e06e46e3050ef996b6
base-0277,COLLOCATION,sign a document,ký tài liệu,,Please sign a document before the deadline.,Vui lòng ký tài liệu trước hạn chót.,Office Administration,B1,"{""part_of_speech"": ""phrase"", ""subtopic"": ""TOEIC Collocation"", ""toeic_part"": ""5"", ""difficulty"": ""2"", ""collocations"": ""sign a document"", ""explanation"": ""Cụm từ thường gặp trong ngữ cảnh công việc và bài thi TOEIC."", ""tags"": ""toeic,v4,collocation,office-administration"", ""audio_text"": ""Please sign a document before the deadline."", ""source"": ""YangLingo TOEIC Expansion v4""}",d81a0aa95fa66c627728fd90bb7e2450dcc93623
base-0278,COLLOCATION,review the minutes,xem lại biên bản cuộc họp,,Please review the minutes before the deadline.,Vui lòng xem lại biên bản cuộc họp trước hạn chót.,Office Administration,B1,"{""part_of_speech"": ""phrase"", ""subtopic"": ""TOEIC Collocation"", ""toeic_part"": ""5"", ""difficulty"": ""2"", ""collocations"": ""review the minutes"", ""explanation"": ""Cụm từ thường gặp trong ngữ cảnh công việc và bài thi TOEIC."", ""tags"": ""toeic,v4,collocation,office-administration"", ""audio_text"": ""Please review the minutes before the deadline."", ""source"": ""YangLingo TOEIC Expansion v4""}",be371bf35a2ade7acc9302463312adfeaab500f8
base-0279,COLLOCATION,circulate a memo,phổ biến bản ghi nhớ,,Please circulate a memo before the deadline.,Vui lòng phổ biến bản ghi nhớ trước hạn chót.,Office Administration,B1,"{""part_of_speech"": ""phrase"", ""subtopic"": ""TOEIC Collocation"", ""toeic_part"": ""5"", ""difficulty"": ""2"", ""collocations"": ""circulate a memo"", ""explanation"": ""Cụm từ thường gặp trong ngữ cảnh công việc và bài thi TOEIC."", ""tags"": ""toeic,v4,collocation,office-administration"", ""audio_text"": ""Please circulate a memo before the deadline."", ""source"": ""YangLingo TOEIC Expansion v4""}",4a1442d50f86c154b553e043a972078a92a28d1e
base-0280,COLLOCATION,reserve a conference room,đặt phòng họp,,Please reserve a conference room before the deadline.,Vui lòng đặt phòng họp trước hạn chót.,Office Administration,B1,"{""part_of_speech"": ""phrase"", ""subtopic"": ""TOEIC Collocation"", ""toeic_part"": ""5"", ""difficulty"": ""2"", ""collocations"": ""reserve a conference room"", ""explanation"": ""Cụm từ thường gặp trong ngữ cảnh công việc và bài thi TOEIC."", ""tags"": ""toeic,v4,collocation,office-administration"", ""audio_text"": ""Please reserve a conference room before the deadline."", ""source"": ""YangLingo TOEIC Expansion v4""}",83530f62b042cbf878c2538a471b3fb6960ec681
base-0281,COLLOCATION,check availability,kiểm tra thời gian hoặc tình trạng sẵn có,,Please check availability before the deadline.,Vui lòng kiểm tra thời gian hoặc tình trạng sẵn có trước hạn chót.,Office Administration,B1,"{""part_of_speech"": ""phrase"", ""subtopic"": ""TOEIC Collocation"", ""toeic_part"": ""5"", ""difficulty"": ""2"", ""collocations"": ""check availability"", ""explanation"": ""Cụm từ thường gặp trong ngữ cảnh công việc và bài thi TOEIC."", ""tags"": ""toeic,v4,collocation,office-administration"", ""audio_text"": ""Please check availability before the deadline."", ""source"": ""YangLingo TOEIC Expansion v4""}",51eec2d9b690ac6e0de8d86f1a4da669b5fda771
base-0282,COLLOCATION,update the schedule,cập nhật lịch,,Please update the schedule before the deadline.,Vui lòng cập nhật lịch trước hạn chót.,Office Administration,B1,"{""part_of_speech"": ""phrase"", ""subtopic"": ""TOEIC Collocation"", ""toeic_part"": ""5"", ""difficulty"": ""2"", ""collocations"": ""update the schedule"", ""explanation"": ""Cụm từ thường gặp trong ngữ cảnh công việc và bài thi TOEIC."", ""tags"": ""toeic,v4,collocation,office-administration"", ""audio_text"": ""Please update the schedule before the deadline."", ""source"": ""YangLingo TOEIC Expansion v4""}",acc17e02a04837ec65407298b020d10c4220512b
base-0283,COLLOCATION,file a document,lưu hồ sơ một tài liệu,,Please file a document before the deadline.,Vui lòng lưu hồ sơ một tài liệu trước hạn chót.,Office Administration,B1,"{""part_of_speech"": ""phrase"", ""subtopic"": ""TOEIC Collocation"", ""toeic_part"": ""5"", ""difficulty"": ""2"", ""collocations"": ""file a document"", ""explanation"": ""Cụm từ thường gặp trong ngữ cảnh công việc và bài thi TOEIC."", ""tags"": ""toeic,v4,collocation,office-administration"", ""audio_text"": ""Please file a document before the deadline."", ""source"": ""YangLingo TOEIC Expansion v4""}",d7b3af00609a27384f96216ca1b1a45016bd03ed
base-0284,COLLOCATION,retrieve a file,lấy lại một tệp hoặc hồ sơ,,Please retrieve a file before the deadline.,Vui lòng lấy lại một tệp hoặc hồ sơ trước hạn chót.,Office Administration,B1,"{""part_of_speech"": ""phrase"", ""subtopic"": ""TOEIC Collocation"", ""toeic_part"": ""5"", ""difficulty"": ""2"", ""collocations"": ""retrieve a file"", ""explanation"": ""Cụm từ thường gặp trong ngữ cảnh công việc và bài thi TOEIC."", ""tags"": ""toeic,v4,collocation,office-administration"", ""audio_text"": ""Please retrieve a file before the deadline."", ""source"": ""YangLingo TOEIC Expansion v4""}",c2e00522e430ccd99f421131d688a9096ccaa40b
base-0285,COLLOCATION,submit an application,nộp đơn ứng tuyển,,Please submit an application before the deadline.,Vui lòng nộp đơn ứng tuyển trước hạn chót.,Human Resources,B1,"{""part_of_speech"": ""phrase"", ""subtopic"": ""TOEIC Collocation"", ""toeic_part"": ""5"", ""difficulty"": ""2"", ""collocations"": ""submit an application"", ""explanation"": ""Cụm từ thường gặp trong ngữ cảnh công việc và bài thi TOEIC."", ""tags"": ""toeic,v4,collocation,human-resources"", ""audio_text"": ""Please submit an application before the deadline."", ""source"": ""YangLingo TOEIC Expansion v4""}",b3af8c5ed43ca85c6d192c99a0cecb02357c00a9
base-0286,COLLOCATION,fill a vacancy,tuyển người vào vị trí trống,,Please fill a vacancy before the deadline.,Vui lòng tuyển người vào vị trí trống trước hạn chót.,Human Resources,B1,"{""part_of_speech"": ""phrase"", ""subtopic"": ""TOEIC Collocation"", ""toeic_part"": ""5"", ""difficulty"": ""2"", ""collocations"": ""fill a vacancy"", ""explanation"": ""Cụm từ thường gặp trong ngữ cảnh công việc và bài thi TOEIC."", ""tags"": ""toeic,v4,collocation,human-resources"", ""audio_text"": ""Please fill a vacancy before the deadline."", ""source"": ""YangLingo TOEIC Expansion v4""}",9852aab49094cc87692a62a192e392398df48bbd
base-0287,COLLOCATION,meet the qualifications,đáp ứng yêu cầu trình độ,,Please meet the qualifications before the deadline.,Vui lòng đáp ứng yêu cầu trình độ trước hạn chót.,Human Resources,B1,"{""part_of_speech"": ""phrase"", ""subtopic"": ""TOEIC Collocation"", ""toeic_part"": ""5"", ""difficulty"": ""2"", ""collocations"": ""meet the qualifications"", ""explanation"": ""Cụm từ thường gặp trong ngữ cảnh công việc và bài thi TOEIC."", ""tags"": ""toeic,v4,collocation,human-resources"", ""audio_text"": ""Please meet the qualifications before the deadline."", ""source"": ""YangLingo TOEIC Expansion v4""}",f21299cea2e80a3bc5a8714be0ff05451ce8ebcb
base-0288,COLLOCATION,conduct an interview,tiến hành phỏng vấn,,Please conduct an interview before the deadline.,Vui lòng tiến hành phỏng vấn trước hạn chót.,Human Resources,B1,"{""part_of_speech"": ""phrase"", ""subtopic"": ""TOEIC Collocation"", ""toeic_part"": ""5"", ""difficulty"": ""2"", ""collocations"": ""conduct an interview"", ""explanation"": ""Cụm từ thường gặp trong ngữ cảnh công việc và bài thi TOEIC."", ""tags"": ""toeic,v4,collocation,human-resources"", ""audio_text"": ""Please conduct an interview before the deadline."", ""source"": ""YangLingo TOEIC Expansion v4""}",978a02b712c97a0d5e0406565703a99d78d52ff1
base-0289,COLLOCATION,shortlist candidates,lập danh sách ứng viên rút gọn,,Please shortlist candidates before the deadline.,Vui lòng lập danh sách ứng viên rút gọn trước hạn chót.,Human Resources,B1,"{""part_of_speech"": ""phrase"", ""subtopic"": ""TOEIC Collocation"", ""toeic_part"": ""5"", ""difficulty"": ""2"", ""collocations"": ""shortlist candidates"", ""explanation"": ""Cụm từ thường gặp trong ngữ cảnh công việc và bài thi TOEIC."", ""tags"": ""toeic,v4,collocation,human-resources"", ""audio_text"": ""Please shortlist candidates before the deadline."", ""source"": ""YangLingo TOEIC Expansion v4""}",e2bc57a7af058006e66669ba098f500dcfb91fd7
base-0290,COLLOCATION,check references,kiểm tra người hoặc thư giới thiệu,,Please check references before the deadline.,Vui lòng kiểm tra người hoặc thư giới thiệu trước hạn chót.,Human Resources,B1,"{""part_of_speech"": ""phrase"", ""subtopic"": ""TOEIC Collocation"", ""toeic_part"": ""5"", ""difficulty"": ""2"", ""collocations"": ""check references"", ""explanation"": ""Cụm từ thường gặp trong ngữ cảnh công việc và bài thi TOEIC."", ""tags"": ""toeic,v4,collocation,human-resources"", ""audio_text"": ""Please check references before the deadline."", ""source"": ""YangLingo TOEIC Expansion v4""}",a8e2364eb66cb1c2ab7c068decc0ccf661c03588
base-0291,COLLOCATION,accept a job offer,chấp nhận lời mời làm việc,,Please accept a job offer before the deadline.,Vui lòng chấp nhận lời mời làm việc trước hạn chót.,Human Resources,B1,"{""part_of_speech"": ""phrase"", ""subtopic"": ""TOEIC Collocation"", ""toeic_part"": ""5"", ""difficulty"": ""2"", ""collocations"": ""accept a job offer"", ""explanation"": ""Cụm từ thường gặp trong ngữ cảnh công việc và bài thi TOEIC."", ""tags"": ""toeic,v4,collocation,human-resources"", ""audio_text"": ""Please accept a job offer before the deadline."", ""source"": ""YangLingo TOEIC Expansion v4""}",06b764ae0f4fa60aab8106d80fa2d72376611cfe
base-0292,COLLOCATION,reject a job offer,từ chối lời mời làm việc,,Please reject a job offer before the deadline.,Vui lòng từ chối lời mời làm việc trước hạn chót.,Human Resources,B1,"{""part_of_speech"": ""phrase"", ""subtopic"": ""TOEIC Collocation"", ""toeic_part"": ""5"", ""difficulty"": ""2"", ""collocations"": ""reject a job offer"", ""explanation"": ""Cụm từ thường gặp trong ngữ cảnh công việc và bài thi TOEIC."", ""tags"": ""toeic,v4,collocation,human-resources"", ""audio_text"": ""Please reject a job offer before the deadline."", ""source"": ""YangLingo TOEIC Expansion v4""}",95fca0087bdf453fc3ae6794906f1539ba818609
base-0293,COLLOCATION,attend orientation,tham dự buổi định hướng,,Please attend orientation before the deadline.,Vui lòng tham dự buổi định hướng trước hạn chót.,Human Resources,B1,"{""part_of_speech"": ""phrase"", ""subtopic"": ""TOEIC Collocation"", ""toeic_part"": ""5"", ""difficulty"": ""2"", ""collocations"": ""attend orientation"", ""explanation"": ""Cụm từ thường gặp trong ngữ cảnh công việc và bài thi TOEIC."", ""tags"": ""toeic,v4,collocation,human-resources"", ""audio_text"": ""Please attend orientation before the deadline."", ""source"": ""YangLingo TOEIC Expansion v4""}",daebfbd6b656c638e8525f22cea86cb10ccea3b4
base-0294,COLLOCATION,complete probation,hoàn thành thời gian thử việc,,Please complete probation before the deadline.,Vui lòng hoàn thành thời gian thử việc trước hạn chót.,Human Resources,B1,"{""part_of_speech"": ""phrase"", ""subtopic"": ""TOEIC Collocation"", ""toeic_part"": ""5"", ""difficulty"": ""2"", ""collocations"": ""complete probation"", ""explanation"": ""Cụm từ thường gặp trong ngữ cảnh công việc và bài thi TOEIC."", ""tags"": ""toeic,v4,collocation,human-resources"", ""audio_text"": ""Please complete probation before the deadline."", ""source"": ""YangLingo TOEIC Expansion v4""}",dc9e5a4ff01916ce263d2cd85d3e4b192797acf4
base-0295,COLLOCATION,receive a promotion,được thăng chức,,Please receive a promotion before the deadline.,Vui lòng được thăng chức trước hạn chót.,Human Resources,B1,"{""part_of_speech"": ""phrase"", ""subtopic"": ""TOEIC Collocation"", ""toeic_part"": ""5"", ""difficulty"": ""2"", ""collocations"": ""receive a promotion"", ""explanation"": ""Cụm từ thường gặp trong ngữ cảnh công việc và bài thi TOEIC."", ""tags"": ""toeic,v4,collocation,human-resources"", ""audio_text"": ""Please receive a promotion before the deadline."", ""source"": ""YangLingo TOEIC Expansion v4""}",3c313885fd35c5b901d38e11e08825603dd49049
base-0296,COLLOCATION,submit a resignation,nộp đơn nghỉ việc,,Please submit a resignation before the deadline.,Vui lòng nộp đơn nghỉ việc trước hạn chót.,Human Resources,B1,"{""part_of_speech"": ""phrase"", ""subtopic"": ""TOEIC Collocation"", ""toeic_part"": ""5"", ""difficulty"": ""2"", ""collocations"": ""submit a resignation"", ""explanation"": ""Cụm từ thường gặp trong ngữ cảnh công việc và bài thi TOEIC."", ""tags"": ""toeic,v4,collocation,human-resources"", ""audio_text"": ""Please submit a resignation before the deadline."", ""source"": ""YangLingo TOEIC Expansion v4""}",9902b7c9a2067a1628dd0822a70c4e8a2b6433a0
base-0297,COLLOCATION,work overtime,làm thêm giờ,,Please work overtime before the deadline.,Vui lòng làm thêm giờ trước hạn chót.,Human Resources,B1,"{""part_of_speech"": ""phrase"", ""subtopic"": ""TOEIC Collocation"", ""toeic_part"": ""5"", ""difficulty"": ""2"", ""collocations"": ""work overtime"", ""explanation"": ""Cụm từ thường gặp trong ngữ cảnh công việc và bài thi TOEIC."", ""tags"": ""toeic,v4,collocation,human-resources"", ""audio_text"": ""Please work overtime before the deadline."", ""source"": ""YangLingo TOEIC Expansion v4""}",b5d54e0381ca915c49778420c99a96f001690677
base-0298,COLLOCATION,process payroll,xử lý bảng lương,,Please process payroll before the deadline.,Vui lòng xử lý bảng lương trước hạn chót.,Human Resources,B1,"{""part_of_speech"": ""phrase"", ""subtopic"": ""TOEIC Collocation"", ""toeic_part"": ""5"", ""difficulty"": ""2"", ""collocations"": ""process payroll"", ""explanation"": ""Cụm từ thường gặp trong ngữ cảnh công việc và bài thi TOEIC."", ""tags"": ""toeic,v4,collocation,human-resources"", ""audio_text"": ""Please process payroll before the deadline."", ""source"": ""YangLingo TOEIC Expansion v4""}",c2a9bbc11323d14552be409c4c2c54ce88655cdf
base-0299,COLLOCATION,request paid leave,xin nghỉ có lương,,Please request paid leave before the deadline.,Vui lòng xin nghỉ có lương trước hạn chót.,Human Resources,B1,"{""part_of_speech"": ""phrase"", ""subtopic"": ""TOEIC Collocation"", ""toeic_part"": ""5"", ""difficulty"": ""2"", ""collocations"": ""request paid leave"", ""explanation"": ""Cụm từ thường gặp trong ngữ cảnh công việc và bài thi TOEIC."", ""tags"": ""toeic,v4,collocation,human-resources"", ""audio_text"": ""Please request paid leave before the deadline."", ""source"": ""YangLingo TOEIC Expansion v4""}",21aed7a2f40bcdd00fc3cbaeead09a52a886e3c9
base-0300,COLLOCATION,performance appraisal,đánh giá hiệu suất,,The team discussed the performance appraisal during the meeting.,Nhóm đã thảo luận về đánh giá hiệu suất trong cuộc họp.,Human Resources,B1,"{""part_of_speech"": ""phrase"", ""subtopic"": ""TOEIC Collocation"", ""toeic_part"": ""5"", ""difficulty"": ""2"", ""collocations"": ""performance appraisal"", ""explanation"": ""Cụm từ thường gặp trong ngữ cảnh công việc và bài thi TOEIC."", ""tags"": ""toeic,v4,collocation,human-resources"", ""audio_text"": ""The team discussed the performance appraisal during the meeting."", ""source"": ""YangLingo TOEIC Expansion v4""}",c152d344bee0e55b9273bb11beda863162b108bb
base-0301,COLLOCATION,employee benefits,phúc lợi nhân viên,,The team discussed the employee benefits during the meeting.,Nhóm đã thảo luận về phúc lợi nhân viên trong cuộc họp.,Human Resources,B1,"{""part_of_speech"": ""phrase"", ""subtopic"": ""TOEIC Collocation"", ""toeic_part"": ""5"", ""difficulty"": ""2"", ""collocations"": ""employee benefits"", ""explanation"": ""Cụm từ thường gặp trong ngữ cảnh công việc và bài thi TOEIC."", ""tags"": ""toeic,v4,collocation,human-resources"", ""audio_text"": ""The team discussed the employee benefits during the meeting."", ""source"": ""YangLingo TOEIC Expansion v4""}",bd241ae2f2190423d85ee0d17407daa1bd6a51d6
base-0302,COLLOCATION,training session,buổi đào tạo,,The team discussed the training session during the meeting.,Nhóm đã thảo luận về buổi đào tạo trong cuộc họp.,Human Resources,B1,"{""part_of_speech"": ""phrase"", ""subtopic"": ""TOEIC Collocation"", ""toeic_part"": ""5"", ""difficulty"": ""2"", ""collocations"": ""training session"", ""explanation"": ""Cụm từ thường gặp trong ngữ cảnh công việc và bài thi TOEIC."", ""tags"": ""toeic,v4,collocation,human-resources"", ""audio_text"": ""The team discussed the training session during the meeting."", ""source"": ""YangLingo TOEIC Expansion v4""}",b97250c23cf4b5d7f37cdc018cdfc5c9dd91a5dc
base-0303,COLLOCATION,career development,phát triển nghề nghiệp,,The team discussed the career development during the meeting.,Nhóm đã thảo luận về phát triển nghề nghiệp trong cuộc họp.,Human Resources,B1,"{""part_of_speech"": ""phrase"", ""subtopic"": ""TOEIC Collocation"", ""toeic_part"": ""5"", ""difficulty"": ""2"", ""collocations"": ""career development"", ""explanation"": ""Cụm từ thường gặp trong ngữ cảnh công việc và bài thi TOEIC."", ""tags"": ""toeic,v4,collocation,human-resources"", ""audio_text"": ""The team discussed the career development during the meeting."", ""source"": ""YangLingo TOEIC Expansion v4""}",f8c53612da106c852e26105979d8c49d7a3cc5c9
base-0304,COLLOCATION,staff shortage,thiếu nhân sự,,The team discussed the staff shortage during the meeting.,Nhóm đã thảo luận về thiếu nhân sự trong cuộc họp.,Human Resources,B1,"{""part_of_speech"": ""phrase"", ""subtopic"": ""TOEIC Collocation"", ""toeic_part"": ""5"", ""difficulty"": ""2"", ""collocations"": ""staff shortage"", ""explanation"": ""Cụm từ thường gặp trong ngữ cảnh công việc và bài thi TOEIC."", ""tags"": ""toeic,v4,collocation,human-resources"", ""audio_text"": ""The team discussed the staff shortage during the meeting."", ""source"": ""YangLingo TOEIC Expansion v4""}",fc04010b35a6ab2a7597c2aa26b0021c8223f35d
base-0305,COLLOCATION,issue an invoice,phát hành hóa đơn,,Please issue an invoice before the deadline.,Vui lòng phát hành hóa đơn trước hạn chót.,Finance Accounting,B2,"{""part_of_speech"": ""phrase"", ""subtopic"": ""TOEIC Collocation"", ""toeic_part"": ""5"", ""difficulty"": ""3"", ""collocations"": ""issue an invoice"", ""explanation"": ""Cụm từ thường gặp trong ngữ cảnh công việc và bài thi TOEIC."", ""tags"": ""toeic,v4,collocation,finance-accounting"", ""audio_text"": ""Please issue an invoice before the deadline."", ""source"": ""YangLingo TOEIC Expansion v4""}",ca292144adf834d286a12f719c3c728b2a6e9c52
base-0306,COLLOCATION,pay an invoice,thanh toán hóa đơn,,Please pay an invoice before the deadline.,Vui lòng thanh toán hóa đơn trước hạn chót.,Finance Accounting,B2,"{""part_of_speech"": ""phrase"", ""subtopic"": ""TOEIC Collocation"", ""toeic_part"": ""5"", ""difficulty"": ""3"", ""collocations"": ""pay an invoice"", ""explanation"": ""Cụm từ thường gặp trong ngữ cảnh công việc và bài thi TOEIC."", ""tags"": ""toeic,v4,collocation,finance-accounting"", ""audio_text"": ""Please pay an invoice before the deadline."", ""source"": ""YangLingo TOEIC Expansion v4""}",3ddc10f0adcc9b9c7cfd94df52d3cf0764e9d0ed
base-0307,COLLOCATION,process a reimbursement,xử lý hoàn trả chi phí,,Please process a reimbursement before the deadline.,Vui lòng xử lý hoàn trả chi phí trước hạn chót.,Finance Accounting,B2,"{""part_of_speech"": ""phrase"", ""subtopic"": ""TOEIC Collocation"", ""toeic_part"": ""5"", ""difficulty"": ""3"", ""collocations"": ""process a reimbursement"", ""explanation"": ""Cụm từ thường gặp trong ngữ cảnh công việc và bài thi TOEIC."", ""tags"": ""toeic,v4,collocation,finance-accounting"", ""audio_text"": ""Please process a reimbursement before the deadline."", ""source"": ""YangLingo TOEIC Expansion v4""}",d57014d4465c5fab4c0b8e78d81aa08d45713d1a
base-0308,COLLOCATION,submit an expense report,nộp báo cáo chi phí,,Please submit an expense report before the deadline.,Vui lòng nộp báo cáo chi phí trước hạn chót.,Finance Accounting,B2,"{""part_of_speech"": ""phrase"", ""subtopic"": ""TOEIC Collocation"", ""toeic_part"": ""5"", ""difficulty"": ""3"", ""collocations"": ""submit an expense report"", ""explanation"": ""Cụm từ thường gặp trong ngữ cảnh công việc và bài thi TOEIC."", ""tags"": ""toeic,v4,collocation,finance-accounting"", ""audio_text"": ""Please submit an expense report before the deadline."", ""source"": ""YangLingo TOEIC Expansion v4""}",5e9383f53c8d05ab08bc49e291dc3749184c30bb
base-0309,COLLOCATION,approve a budget,phê duyệt ngân sách,,Please approve a budget before the deadline.,Vui lòng phê duyệt ngân sách trước hạn chót.,Finance Accounting,B2,"{""part_of_speech"": ""phrase"", ""subtopic"": ""TOEIC Collocation"", ""toeic_part"": ""5"", ""difficulty"": ""3"", ""collocations"": ""approve a budget"", ""explanation"": ""Cụm từ thường gặp trong ngữ cảnh công việc và bài thi TOEIC."", ""tags"": ""toeic,v4,collocation,finance-accounting"", ""audio_text"": ""Please approve a budget before the deadline."", ""source"": ""YangLingo TOEIC Expansion v4""}",aa5599120e8aa3dd6abff32b9357d6cc315de064
base-0310,COLLOCATION,exceed the budget,vượt ngân sách,,Please exceed the budget before the deadline.,Vui lòng vượt ngân sách trước hạn chót.,Finance Accounting,B2,"{""part_of_speech"": ""phrase"", ""subtopic"": ""TOEIC Collocation"", ""toeic_part"": ""5"", ""difficulty"": ""3"", ""collocations"": ""exceed the budget"", ""explanation"": ""Cụm từ thường gặp trong ngữ cảnh công việc và bài thi TOEIC."", ""tags"": ""toeic,v4,collocation,finance-accounting"", ""audio_text"": ""Please exceed the budget before the deadline."", ""source"": ""YangLingo TOEIC Expansion v4""}",90841c387d0788d19247ad6eeb6f9ef3a3bfd8e6
base-0311,COLLOCATION,annual revenue,doanh thu hằng năm,,The team discussed the annual revenue during the meeting.,Nhóm đã thảo luận về doanh thu hằng năm trong cuộc họp.,Finance Accounting,B2,"{""part_of_speech"": ""phrase"", ""subtopic"": ""TOEIC Collocation"", ""toeic_part"": ""5"", ""difficulty"": ""3"", ""collocations"": ""annual revenue"", ""explanation"": ""Cụm từ thường gặp trong ngữ cảnh công việc và bài thi TOEIC."", ""tags"": ""toeic,v4,collocation,finance-accounting"", ""audio_text"": ""The team discussed the annual revenue during the meeting."", ""source"": ""YangLingo TOEIC Expansion v4""}",cb9d2d007e7498848152a0009e2bf1109a189667
base-0312,COLLOCATION,conduct an audit,tiến hành kiểm toán,,Please conduct an audit before the deadline.,Vui lòng tiến hành kiểm toán trước hạn chót.,Finance Accounting,B2,"{""part_of_speech"": ""phrase"", ""subtopic"": ""TOEIC Collocation"", ""toeic_part"": ""5"", ""difficulty"": ""3"", ""collocations"": ""conduct an audit"", ""explanation"": ""Cụm từ thường gặp trong ngữ cảnh công việc và bài thi TOEIC."", ""tags"": ""toeic,v4,collocation,finance-accounting"", ""audio_text"": ""Please conduct an audit before the deadline."", ""source"": ""YangLingo TOEIC Expansion v4""}",449ab2080e954db1db5a0e7ba6eb64cbc752774c
base-0313,COLLOCATION,review a balance sheet,xem xét bảng cân đối kế toán,,Please review a balance sheet before the deadline.,Vui lòng xem xét bảng cân đối kế toán trước hạn chót.,Finance Accounting,B2,"{""part_of_speech"": ""phrase"", ""subtopic"": ""TOEIC Collocation"", ""toeic_part"": ""5"", ""difficulty"": ""3"", ""collocations"": ""review a balance sheet"", ""explanation"": ""Cụm từ thường gặp trong ngữ cảnh công việc và bài thi TOEIC."", ""tags"": ""toeic,v4,collocation,finance-accounting"", ""audio_text"": ""Please review a balance sheet before the deadline."", ""source"": ""YangLingo TOEIC Expansion v4""}",7bd51a28b0f7ddd1c7ce0227e33967973d74988c
base-0314,COLLOCATION,improve cash flow,cải thiện dòng tiền,,Please improve cash flow before the deadline.,Vui lòng cải thiện dòng tiền trước hạn chót.,Finance Accounting,B2,"{""part_of_speech"": ""phrase"", ""subtopic"": ""TOEIC Collocation"", ""toeic_part"": ""5"", ""difficulty"": ""3"", ""collocations"": ""improve cash flow"", ""explanation"": ""Cụm từ thường gặp trong ngữ cảnh công việc và bài thi TOEIC."", ""tags"": ""toeic,v4,collocation,finance-accounting"", ""audio_text"": ""Please improve cash flow before the deadline."", ""source"": ""YangLingo TOEIC Expansion v4""}",d60dd55a8eca81209aa404af8c1c98fed8187d6c
base-0315,COLLOCATION,make a deposit,gửi tiền,,Please make a deposit before the deadline.,Vui lòng gửi tiền trước hạn chót.,Finance Accounting,B2,"{""part_of_speech"": ""phrase"", ""subtopic"": ""TOEIC Collocation"", ""toeic_part"": ""5"", ""difficulty"": ""3"", ""collocations"": ""make a deposit"", ""explanation"": ""Cụm từ thường gặp trong ngữ cảnh công việc và bài thi TOEIC."", ""tags"": ""toeic,v4,collocation,finance-accounting"", ""audio_text"": ""Please make a deposit before the deadline."", ""source"": ""YangLingo TOEIC Expansion v4""}",fbddc8e6e5feaf7d8762de6dd00ac65d64159197
base-0316,COLLOCATION,make a withdrawal,rút tiền,,Please make a withdrawal before the deadline.,Vui lòng rút tiền trước hạn chót.,Finance Accounting,B2,"{""part_of_speech"": ""phrase"", ""subtopic"": ""TOEIC Collocation"", ""toeic_part"": ""5"", ""difficulty"": ""3"", ""collocations"": ""make a withdrawal"", ""explanation"": ""Cụm từ thường gặp trong ngữ cảnh công việc và bài thi TOEIC."", ""tags"": ""toeic,v4,collocation,finance-accounting"", ""audio_text"": ""Please make a withdrawal before the deadline."", ""source"": ""YangLingo TOEIC Expansion v4""}",001cdd3a886b929f8dad6e1ab414f6ab707f0219
base-0317,COLLOCATION,pay in installments,thanh toán trả góp,,Please pay in installments before the deadline.,Vui lòng thanh toán trả góp trước hạn chót.,Finance Accounting,B2,"{""part_of_speech"": ""phrase"", ""subtopic"": ""TOEIC Collocation"", ""toeic_part"": ""5"", ""difficulty"": ""3"", ""collocations"": ""pay in installments"", ""explanation"": ""Cụm từ thường gặp trong ngữ cảnh công việc và bài thi TOEIC."", ""tags"": ""toeic,v4,collocation,finance-accounting"", ""audio_text"": ""Please pay in installments before the deadline."", ""source"": ""YangLingo TOEIC Expansion v4""}",bbc814a98ed934bdee482c40b950a0cc96ce340e
base-0318,COLLOCATION,overdue payment,khoản thanh toán quá hạn,,The team discussed the overdue payment during the meeting.,Nhóm đã thảo luận về khoản thanh toán quá hạn trong cuộc họp.,Finance Accounting,B2,"{""part_of_speech"": ""phrase"", ""subtopic"": ""TOEIC Collocation"", ""toeic_part"": ""5"", ""difficulty"": ""3"", ""collocations"": ""overdue payment"", ""explanation"": ""Cụm từ thường gặp trong ngữ cảnh công việc và bài thi TOEIC."", ""tags"": ""toeic,v4,collocation,finance-accounting"", ""audio_text"": ""The team discussed the overdue payment during the meeting."", ""source"": ""YangLingo TOEIC Expansion v4""}",3b2326e09d2b3cab21a80d3c80ba2ff0b98dca39
base-0319,COLLOCATION,outstanding balance,số dư chưa thanh toán,,The team discussed the outstanding balance during the meeting.,Nhóm đã thảo luận về số dư chưa thanh toán trong cuộc họp.,Finance Accounting,B2,"{""part_of_speech"": ""phrase"", ""subtopic"": ""TOEIC Collocation"", ""toeic_part"": ""5"", ""difficulty"": ""3"", ""collocations"": ""outstanding balance"", ""explanation"": ""Cụm từ thường gặp trong ngữ cảnh công việc và bài thi TOEIC."", ""tags"": ""toeic,v4,collocation,finance-accounting"", ""audio_text"": ""The team discussed the outstanding balance during the meeting."", ""source"": ""YangLingo TOEIC Expansion v4""}",712fdce6af037bf2c46d2f4da9d12512bf376e1d
base-0320,COLLOCATION,accounts payable,các khoản phải trả,,The team discussed the accounts payable during the meeting.,Nhóm đã thảo luận về các khoản phải trả trong cuộc họp.,Finance Accounting,B2,"{""part_of_speech"": ""phrase"", ""subtopic"": ""TOEIC Collocation"", ""toeic_part"": ""5"", ""difficulty"": ""3"", ""collocations"": ""accounts payable"", ""explanation"": ""Cụm từ thường gặp trong ngữ cảnh công việc và bài thi TOEIC."", ""tags"": ""toeic,v4,collocation,finance-accounting"", ""audio_text"": ""The team discussed the accounts payable during the meeting."", ""source"": ""YangLingo TOEIC Expansion v4""}",98c9dd6a69fdc7877a84933d131209a96c9e60e9
base-0321,COLLOCATION,accounts receivable,các khoản phải thu,,The team discussed the accounts receivable during the meeting.,Nhóm đã thảo luận về các khoản phải thu trong cuộc họp.,Finance Accounting,B2,"{""part_of_speech"": ""phrase"", ""subtopic"": ""TOEIC Collocation"", ""toeic_part"": ""5"", ""difficulty"": ""3"", ""collocations"": ""accounts receivable"", ""explanation"": ""Cụm từ thường gặp trong ngữ cảnh công việc và bài thi TOEIC."", ""tags"": ""toeic,v4,collocation,finance-accounting"", ""audio_text"": ""The team discussed the accounts receivable during the meeting."", ""source"": ""YangLingo TOEIC Expansion v4""}",b5abc0dbd0e1f566bc7146708f37d4ff8c4399fd
base-0322,COLLOCATION,claim a refund,yêu cầu hoàn tiền,,Please claim a refund before the deadline.,Vui lòng yêu cầu hoàn tiền trước hạn chót.,Finance Accounting,B2,"{""part_of_speech"": ""phrase"", ""subtopic"": ""TOEIC Collocation"", ""toeic_part"": ""5"", ""difficulty"": ""3"", ""collocations"": ""claim a refund"", ""explanation"": ""Cụm từ thường gặp trong ngữ cảnh công việc và bài thi TOEIC."", ""tags"": ""toeic,v4,collocation,finance-accounting"", ""audio_text"": ""Please claim a refund before the deadline."", ""source"": ""YangLingo TOEIC Expansion v4""}",1787970b371f211829cc56d416d82eb13eefde49
base-0323,COLLOCATION,place an order,đặt hàng,,Please place an order before the deadline.,Vui lòng đặt hàng trước hạn chót.,Purchasing Logistics,B1,"{""part_of_speech"": ""phrase"", ""subtopic"": ""TOEIC Collocation"", ""toeic_part"": ""7"", ""difficulty"": ""2"", ""collocations"": ""place an order"", ""explanation"": ""Cụm từ thường gặp trong ngữ cảnh công việc và bài thi TOEIC."", ""tags"": ""toeic,v4,collocation,purchasing-logistics"", ""audio_text"": ""Please place an order before the deadline."", ""source"": ""YangLingo TOEIC Expansion v4""}",8f43f3b005d40863a1a2ecbf55c1f70de3cfafd4
base-0324,COLLOCATION,cancel an order,hủy đơn hàng,,Please cancel an order before the deadline.,Vui lòng hủy đơn hàng trước hạn chót.,Purchasing Logistics,B1,"{""part_of_speech"": ""phrase"", ""subtopic"": ""TOEIC Collocation"", ""toeic_part"": ""7"", ""difficulty"": ""2"", ""collocations"": ""cancel an order"", ""explanation"": ""Cụm từ thường gặp trong ngữ cảnh công việc và bài thi TOEIC."", ""tags"": ""toeic,v4,collocation,purchasing-logistics"", ""audio_text"": ""Please cancel an order before the deadline."", ""source"": ""YangLingo TOEIC Expansion v4""}",3e932ef7b39103f94ed2968a20cfacbd35eb131d
base-0325,COLLOCATION,request a quotation,yêu cầu báo giá,,Please request a quotation before the deadline.,Vui lòng yêu cầu báo giá trước hạn chót.,Purchasing Logistics,B1,"{""part_of_speech"": ""phrase"", ""subtopic"": ""TOEIC Collocation"", ""toeic_part"": ""7"", ""difficulty"": ""2"", ""collocations"": ""request a quotation"", ""explanation"": ""Cụm từ thường gặp trong ngữ cảnh công việc và bài thi TOEIC."", ""tags"": ""toeic,v4,collocation,purchasing-logistics"", ""audio_text"": ""Please request a quotation before the deadline."", ""source"": ""YangLingo TOEIC Expansion v4""}",2a0b2acbe37a07d309c56577e6dc6edd5ed0b0d5
base-0326,COLLOCATION,compare suppliers,so sánh nhà cung cấp,,Please compare suppliers before the deadline.,Vui lòng so sánh nhà cung cấp trước hạn chót.,Purchasing Logistics,B1,"{""part_of_speech"": ""phrase"", ""subtopic"": ""TOEIC Collocation"", ""toeic_part"": ""7"", ""difficulty"": ""2"", ""collocations"": ""compare suppliers"", ""explanation"": ""Cụm từ thường gặp trong ngữ cảnh công việc và bài thi TOEIC."", ""tags"": ""toeic,v4,collocation,purchasing-logistics"", ""audio_text"": ""Please compare suppliers before the deadline."", ""source"": ""YangLingo TOEIC Expansion v4""}",5d498a98401bff45cfd3bdf7e1c2037799ee9646
base-0327,COLLOCATION,check inventory,kiểm tra hàng tồn kho,,Please check inventory before the deadline.,Vui lòng kiểm tra hàng tồn kho trước hạn chót.,Purchasing Logistics,B1,"{""part_of_speech"": ""phrase"", ""subtopic"": ""TOEIC Collocation"", ""toeic_part"": ""7"", ""difficulty"": ""2"", ""collocations"": ""check inventory"", ""explanation"": ""Cụm từ thường gặp trong ngữ cảnh công việc và bài thi TOEIC."", ""tags"": ""toeic,v4,collocation,purchasing-logistics"", ""audio_text"": ""Please check inventory before the deadline."", ""source"": ""YangLingo TOEIC Expansion v4""}",49468256508a589f66f8f88b041b17a096f33469
base-0328,COLLOCATION,manage inventory,quản lý hàng tồn kho,,Please manage inventory before the deadline.,Vui lòng quản lý hàng tồn kho trước hạn chót.,Purchasing Logistics,B1,"{""part_of_speech"": ""phrase"", ""subtopic"": ""TOEIC Collocation"", ""toeic_part"": ""7"", ""difficulty"": ""2"", ""collocations"": ""manage inventory"", ""explanation"": ""Cụm từ thường gặp trong ngữ cảnh công việc và bài thi TOEIC."", ""tags"": ""toeic,v4,collocation,purchasing-logistics"", ""audio_text"": ""Please manage inventory before the deadline."", ""source"": ""YangLingo TOEIC Expansion v4""}",5d0676fff6941d1ef2e151fe5c65305b2c54e70d
base-0329,COLLOCATION,track a shipment,theo dõi lô hàng,,Please track a shipment before the deadline.,Vui lòng theo dõi lô hàng trước hạn chót.,Purchasing Logistics,B1,"{""part_of_speech"": ""phrase"", ""subtopic"": ""TOEIC Collocation"", ""toeic_part"": ""7"", ""difficulty"": ""2"", ""collocations"": ""track a shipment"", ""explanation"": ""Cụm từ thường gặp trong ngữ cảnh công việc và bài thi TOEIC."", ""tags"": ""toeic,v4,collocation,purchasing-logistics"", ""audio_text"": ""Please track a shipment before the deadline."", ""source"": ""YangLingo TOEIC Expansion v4""}",c3c8418de4b39c7693f4e854a0a04427fd0b8df6
base-0330,COLLOCATION,dispatch an order,gửi một đơn hàng,,Please dispatch an order before the deadline.,Vui lòng gửi một đơn hàng trước hạn chót.,Purchasing Logistics,B1,"{""part_of_speech"": ""phrase"", ""subtopic"": ""TOEIC Collocation"", ""toeic_part"": ""7"", ""difficulty"": ""2"", ""collocations"": ""dispatch an order"", ""explanation"": ""Cụm từ thường gặp trong ngữ cảnh công việc và bài thi TOEIC."", ""tags"": ""toeic,v4,collocation,purchasing-logistics"", ""audio_text"": ""Please dispatch an order before the deadline."", ""source"": ""YangLingo TOEIC Expansion v4""}",cb110a5eb911dbca1af3939236fb92302cfb2d05
base-0331,COLLOCATION,confirm delivery,xác nhận giao hàng,,Please confirm delivery before the deadline.,Vui lòng xác nhận giao hàng trước hạn chót.,Purchasing Logistics,B1,"{""part_of_speech"": ""phrase"", ""subtopic"": ""TOEIC Collocation"", ""toeic_part"": ""7"", ""difficulty"": ""2"", ""collocations"": ""confirm delivery"", ""explanation"": ""Cụm từ thường gặp trong ngữ cảnh công việc và bài thi TOEIC."", ""tags"": ""toeic,v4,collocation,purchasing-logistics"", ""audio_text"": ""Please confirm delivery before the deadline."", ""source"": ""YangLingo TOEIC Expansion v4""}",bd9ee4f0621666f5e2d7ec3c62e3070aade42682
base-0332,COLLOCATION,shipping address,địa chỉ giao hàng,,The team discussed the shipping address during the meeting.,Nhóm đã thảo luận về địa chỉ giao hàng trong cuộc họp.,Purchasing Logistics,B1,"{""part_of_speech"": ""phrase"", ""subtopic"": ""TOEIC Collocation"", ""toeic_part"": ""7"", ""difficulty"": ""2"", ""collocations"": ""shipping address"", ""explanation"": ""Cụm từ thường gặp trong ngữ cảnh công việc và bài thi TOEIC."", ""tags"": ""toeic,v4,collocation,purchasing-logistics"", ""audio_text"": ""The team discussed the shipping address during the meeting."", ""source"": ""YangLingo TOEIC Expansion v4""}",56de3f1d9913df62552936dc55ec0c90e25c5f7e
base-0333,COLLOCATION,delivery date,ngày giao hàng,,The team discussed the delivery date during the meeting.,Nhóm đã thảo luận về ngày giao hàng trong cuộc họp.,Purchasing Logistics,B1,"{""part_of_speech"": ""phrase"", ""subtopic"": ""TOEIC Collocation"", ""toeic_part"": ""7"", ""difficulty"": ""2"", ""collocations"": ""delivery date"", ""explanation"": ""Cụm từ thường gặp trong ngữ cảnh công việc và bài thi TOEIC."", ""tags"": ""toeic,v4,collocation,purchasing-logistics"", ""audio_text"": ""The team discussed the delivery date during the meeting."", ""source"": ""YangLingo TOEIC Expansion v4""}",67f8b435388abdb0f190836ff1600e3def7539a9
base-0334,COLLOCATION,back in stock,có hàng trở lại,,Please back in stock before the deadline.,Vui lòng có hàng trở lại trước hạn chót.,Purchasing Logistics,B1,"{""part_of_speech"": ""phrase"", ""subtopic"": ""TOEIC Collocation"", ""toeic_part"": ""7"", ""difficulty"": ""2"", ""collocations"": ""back in stock"", ""explanation"": ""Cụm từ thường gặp trong ngữ cảnh công việc và bài thi TOEIC."", ""tags"": ""toeic,v4,collocation,purchasing-logistics"", ""audio_text"": ""Please back in stock before the deadline."", ""source"": ""YangLingo TOEIC Expansion v4""}",1c02583cf47836dc6cbe806ab188396728fc2ea4
base-0335,COLLOCATION,restock the shelves,bổ sung hàng lên kệ,,The team discussed the restock the shelves during the meeting.,Nhóm đã thảo luận về bổ sung hàng lên kệ trong cuộc họp.,Purchasing Logistics,B1,"{""part_of_speech"": ""phrase"", ""subtopic"": ""TOEIC Collocation"", ""toeic_part"": ""7"", ""difficulty"": ""2"", ""collocations"": ""restock the shelves"", ""explanation"": ""Cụm từ thường gặp trong ngữ cảnh công việc và bài thi TOEIC."", ""tags"": ""toeic,v4,collocation,purchasing-logistics"", ""audio_text"": ""The team discussed the restock the shelves during the meeting."", ""source"": ""YangLingo TOEIC Expansion v4""}",f346be3835e156503cdd5629ae4433fe71e03281
base-0336,COLLOCATION,return a defective item,trả lại sản phẩm lỗi,,Please return a defective item before the deadline.,Vui lòng trả lại sản phẩm lỗi trước hạn chót.,Purchasing Logistics,B1,"{""part_of_speech"": ""phrase"", ""subtopic"": ""TOEIC Collocation"", ""toeic_part"": ""7"", ""difficulty"": ""2"", ""collocations"": ""return a defective item"", ""explanation"": ""Cụm từ thường gặp trong ngữ cảnh công việc và bài thi TOEIC."", ""tags"": ""toeic,v4,collocation,purchasing-logistics"", ""audio_text"": ""Please return a defective item before the deadline."", ""source"": ""YangLingo TOEIC Expansion v4""}",95deaf33a100620244432805eda49c7c6d456cd5
base-0337,COLLOCATION,request a replacement,yêu cầu sản phẩm thay thế,,Please request a replacement before the deadline.,Vui lòng yêu cầu sản phẩm thay thế trước hạn chót.,Purchasing Logistics,B1,"{""part_of_speech"": ""phrase"", ""subtopic"": ""TOEIC Collocation"", ""toeic_part"": ""7"", ""difficulty"": ""2"", ""collocations"": ""request a replacement"", ""explanation"": ""Cụm từ thường gặp trong ngữ cảnh công việc và bài thi TOEIC."", ""tags"": ""toeic,v4,collocation,purchasing-logistics"", ""audio_text"": ""Please request a replacement before the deadline."", ""source"": ""YangLingo TOEIC Expansion v4""}",e33ca55a0abadb7873c02ccaeaa0d534ca7aa7fa
base-0338,COLLOCATION,warranty coverage,phạm vi bảo hành,,The team discussed the warranty coverage during the meeting.,Nhóm đã thảo luận về phạm vi bảo hành trong cuộc họp.,Purchasing Logistics,B1,"{""part_of_speech"": ""phrase"", ""subtopic"": ""TOEIC Collocation"", ""toeic_part"": ""7"", ""difficulty"": ""2"", ""collocations"": ""warranty coverage"", ""explanation"": ""Cụm từ thường gặp trong ngữ cảnh công việc và bài thi TOEIC."", ""tags"": ""toeic,v4,collocation,purchasing-logistics"", ""audio_text"": ""The team discussed the warranty coverage during the meeting."", ""source"": ""YangLingo TOEIC Expansion v4""}",605afe84f9cf4dc927fd08c5ea5d91571c9c59e3
base-0339,COLLOCATION,launch a campaign,khởi động chiến dịch,,Please launch a campaign before the deadline.,Vui lòng khởi động chiến dịch trước hạn chót.,Sales Marketing,B1,"{""part_of_speech"": ""phrase"", ""subtopic"": ""TOEIC Collocation"", ""toeic_part"": ""5"", ""difficulty"": ""2"", ""collocations"": ""launch a campaign"", ""explanation"": ""Cụm từ thường gặp trong ngữ cảnh công việc và bài thi TOEIC."", ""tags"": ""toeic,v4,collocation,sales-marketing"", ""audio_text"": ""Please launch a campaign before the deadline."", ""source"": ""YangLingo TOEIC Expansion v4""}",b9738b274e57ad309920419b22877d2789a3dd5f
base-0340,COLLOCATION,advertising campaign,chiến dịch quảng cáo,,The team discussed the advertising campaign during the meeting.,Nhóm đã thảo luận về chiến dịch quảng cáo trong cuộc họp.,Sales Marketing,B1,"{""part_of_speech"": ""phrase"", ""subtopic"": ""TOEIC Collocation"", ""toeic_part"": ""5"", ""difficulty"": ""2"", ""collocations"": ""advertising campaign"", ""explanation"": ""Cụm từ thường gặp trong ngữ cảnh công việc và bài thi TOEIC."", ""tags"": ""toeic,v4,collocation,sales-marketing"", ""audio_text"": ""The team discussed the advertising campaign during the meeting."", ""source"": ""YangLingo TOEIC Expansion v4""}",97efc19bc44571bc970c3b4ad0e037eb99eaf52a
base-0341,COLLOCATION,distribute brochures,phát brochure,,Please distribute brochures before the deadline.,Vui lòng phát brochure trước hạn chót.,Sales Marketing,B1,"{""part_of_speech"": ""phrase"", ""subtopic"": ""TOEIC Collocation"", ""toeic_part"": ""5"", ""difficulty"": ""2"", ""collocations"": ""distribute brochures"", ""explanation"": ""Cụm từ thường gặp trong ngữ cảnh công việc và bài thi TOEIC."", ""tags"": ""toeic,v4,collocation,sales-marketing"", ""audio_text"": ""Please distribute brochures before the deadline."", ""source"": ""YangLingo TOEIC Expansion v4""}",8b3e11bec73f4e796929ac58f7987b6800484323
base-0342,COLLOCATION,product catalog,danh mục sản phẩm,,The team discussed the product catalog during the meeting.,Nhóm đã thảo luận về danh mục sản phẩm trong cuộc họp.,Sales Marketing,B1,"{""part_of_speech"": ""phrase"", ""subtopic"": ""TOEIC Collocation"", ""toeic_part"": ""5"", ""difficulty"": ""2"", ""collocations"": ""product catalog"", ""explanation"": ""Cụm từ thường gặp trong ngữ cảnh công việc và bài thi TOEIC."", ""tags"": ""toeic,v4,collocation,sales-marketing"", ""audio_text"": ""The team discussed the product catalog during the meeting."", ""source"": ""YangLingo TOEIC Expansion v4""}",5a244fc449bc36d65d6c92119d066df336b629ef
base-0343,COLLOCATION,offer a discount,đưa ra giảm giá,,Please offer a discount before the deadline.,Vui lòng đưa ra giảm giá trước hạn chót.,Sales Marketing,B1,"{""part_of_speech"": ""phrase"", ""subtopic"": ""TOEIC Collocation"", ""toeic_part"": ""5"", ""difficulty"": ""2"", ""collocations"": ""offer a discount"", ""explanation"": ""Cụm từ thường gặp trong ngữ cảnh công việc và bài thi TOEIC."", ""tags"": ""toeic,v4,collocation,sales-marketing"", ""audio_text"": ""Please offer a discount before the deadline."", ""source"": ""YangLingo TOEIC Expansion v4""}",9f318a1fcc88f99a967e29471690eaa1de101148
base-0344,COLLOCATION,redeem a coupon,sử dụng phiếu giảm giá,,Please redeem a coupon before the deadline.,Vui lòng sử dụng phiếu giảm giá trước hạn chót.,Sales Marketing,B1,"{""part_of_speech"": ""phrase"", ""subtopic"": ""TOEIC Collocation"", ""toeic_part"": ""5"", ""difficulty"": ""2"", ""collocations"": ""redeem a coupon"", ""explanation"": ""Cụm từ thường gặp trong ngữ cảnh công việc và bài thi TOEIC."", ""tags"": ""toeic,v4,collocation,sales-marketing"", ""audio_text"": ""Please redeem a coupon before the deadline."", ""source"": ""YangLingo TOEIC Expansion v4""}",97602753e919027608d82598cd680b6392a9049d
base-0345,COLLOCATION,renew a subscription,gia hạn đăng ký,,Please renew a subscription before the deadline.,Vui lòng gia hạn đăng ký trước hạn chót.,Sales Marketing,B1,"{""part_of_speech"": ""phrase"", ""subtopic"": ""TOEIC Collocation"", ""toeic_part"": ""5"", ""difficulty"": ""2"", ""collocations"": ""renew a subscription"", ""explanation"": ""Cụm từ thường gặp trong ngữ cảnh công việc và bài thi TOEIC."", ""tags"": ""toeic,v4,collocation,sales-marketing"", ""audio_text"": ""Please renew a subscription before the deadline."", ""source"": ""YangLingo TOEIC Expansion v4""}",d2fc73afde9c96c378903808de486f648aefc8d7
base-0346,COLLOCATION,increase market share,tăng thị phần,,Please increase market share before the deadline.,Vui lòng tăng thị phần trước hạn chót.,Sales Marketing,B1,"{""part_of_speech"": ""phrase"", ""subtopic"": ""TOEIC Collocation"", ""toeic_part"": ""5"", ""difficulty"": ""2"", ""collocations"": ""increase market share"", ""explanation"": ""Cụm từ thường gặp trong ngữ cảnh công việc và bài thi TOEIC."", ""tags"": ""toeic,v4,collocation,sales-marketing"", ""audio_text"": ""Please increase market share before the deadline."", ""source"": ""YangLingo TOEIC Expansion v4""}",64ac08c9046fb5a926887df6a6c6cc9ce8830012
base-0347,COLLOCATION,conduct market research,tiến hành nghiên cứu thị trường,,Please conduct market research before the deadline.,Vui lòng tiến hành nghiên cứu thị trường trước hạn chót.,Sales Marketing,B1,"{""part_of_speech"": ""phrase"", ""subtopic"": ""TOEIC Collocation"", ""toeic_part"": ""5"", ""difficulty"": ""2"", ""collocations"": ""conduct market research"", ""explanation"": ""Cụm từ thường gặp trong ngữ cảnh công việc và bài thi TOEIC."", ""tags"": ""toeic,v4,collocation,sales-marketing"", ""audio_text"": ""Please conduct market research before the deadline."", ""source"": ""YangLingo TOEIC Expansion v4""}",9d7b34b6b929e93031af3fb6dd3b1bbd1d4b53e1
base-0348,COLLOCATION,target market,thị trường mục tiêu,,Please target market before the deadline.,Vui lòng thị trường mục tiêu trước hạn chót.,Sales Marketing,B1,"{""part_of_speech"": ""phrase"", ""subtopic"": ""TOEIC Collocation"", ""toeic_part"": ""5"", ""difficulty"": ""2"", ""collocations"": ""target market"", ""explanation"": ""Cụm từ thường gặp trong ngữ cảnh công việc và bài thi TOEIC."", ""tags"": ""toeic,v4,collocation,sales-marketing"", ""audio_text"": ""Please target market before the deadline."", ""source"": ""YangLingo TOEIC Expansion v4""}",3c9346b4aec0a9f0c7ecabc5d28285f494239f76
base-0349,COLLOCATION,earn a commission,nhận hoa hồng,,Please earn a commission before the deadline.,Vui lòng nhận hoa hồng trước hạn chót.,Sales Marketing,B1,"{""part_of_speech"": ""phrase"", ""subtopic"": ""TOEIC Collocation"", ""toeic_part"": ""5"", ""difficulty"": ""2"", ""collocations"": ""earn a commission"", ""explanation"": ""Cụm từ thường gặp trong ngữ cảnh công việc và bài thi TOEIC."", ""tags"": ""toeic,v4,collocation,sales-marketing"", ""audio_text"": ""Please earn a commission before the deadline."", ""source"": ""YangLingo TOEIC Expansion v4""}",4647e02f8e4b7015d067df44cbea3b64cfdb63f3
base-0350,COLLOCATION,potential customer,khách hàng tiềm năng,,The team discussed the potential customer during the meeting.,Nhóm đã thảo luận về khách hàng tiềm năng trong cuộc họp.,Sales Marketing,B1,"{""part_of_speech"": ""phrase"", ""subtopic"": ""TOEIC Collocation"", ""toeic_part"": ""5"", ""difficulty"": ""2"", ""collocations"": ""potential customer"", ""explanation"": ""Cụm từ thường gặp trong ngữ cảnh công việc và bài thi TOEIC."", ""tags"": ""toeic,v4,collocation,sales-marketing"", ""audio_text"": ""The team discussed the potential customer during the meeting."", ""source"": ""YangLingo TOEIC Expansion v4""}",bf886ef42683de2674a9a2efabc3aab007a0c4aa
base-0351,COLLOCATION,customer feedback,phản hồi khách hàng,,The team discussed the customer feedback during the meeting.,Nhóm đã thảo luận về phản hồi khách hàng trong cuộc họp.,Sales Marketing,B1,"{""part_of_speech"": ""phrase"", ""subtopic"": ""TOEIC Collocation"", ""toeic_part"": ""5"", ""difficulty"": ""2"", ""collocations"": ""customer feedback"", ""explanation"": ""Cụm từ thường gặp trong ngữ cảnh công việc và bài thi TOEIC."", ""tags"": ""toeic,v4,collocation,sales-marketing"", ""audio_text"": ""The team discussed the customer feedback during the meeting."", ""source"": ""YangLingo TOEIC Expansion v4""}",63bab13eab2ba7e30a3d9beab52bb833dcb03a17
base-0352,COLLOCATION,launch a product,ra mắt sản phẩm,,Please launch a product before the deadline.,Vui lòng ra mắt sản phẩm trước hạn chót.,Sales Marketing,B1,"{""part_of_speech"": ""phrase"", ""subtopic"": ""TOEIC Collocation"", ""toeic_part"": ""5"", ""difficulty"": ""2"", ""collocations"": ""launch a product"", ""explanation"": ""Cụm từ thường gặp trong ngữ cảnh công việc và bài thi TOEIC."", ""tags"": ""toeic,v4,collocation,sales-marketing"", ""audio_text"": ""Please launch a product before the deadline."", ""source"": ""YangLingo TOEIC Expansion v4""}",0667cc8c0bdfe78537b862da00739b26e1ffc811
base-0353,COLLOCATION,product demonstration,buổi trình diễn sản phẩm,,The team discussed the product demonstration during the meeting.,Nhóm đã thảo luận về buổi trình diễn sản phẩm trong cuộc họp.,Sales Marketing,B1,"{""part_of_speech"": ""phrase"", ""subtopic"": ""TOEIC Collocation"", ""toeic_part"": ""5"", ""difficulty"": ""2"", ""collocations"": ""product demonstration"", ""explanation"": ""Cụm từ thường gặp trong ngữ cảnh công việc và bài thi TOEIC."", ""tags"": ""toeic,v4,collocation,sales-marketing"", ""audio_text"": ""The team discussed the product demonstration during the meeting."", ""source"": ""YangLingo TOEIC Expansion v4""}",fd0b8d264885614d62b97de03aa5c7de8456f36e
base-0354,COLLOCATION,negotiate a price,đàm phán giá,,Please negotiate a price before the deadline.,Vui lòng đàm phán giá trước hạn chót.,Sales Marketing,B1,"{""part_of_speech"": ""phrase"", ""subtopic"": ""TOEIC Collocation"", ""toeic_part"": ""5"", ""difficulty"": ""2"", ""collocations"": ""negotiate a price"", ""explanation"": ""Cụm từ thường gặp trong ngữ cảnh công việc và bài thi TOEIC."", ""tags"": ""toeic,v4,collocation,sales-marketing"", ""audio_text"": ""Please negotiate a price before the deadline."", ""source"": ""YangLingo TOEIC Expansion v4""}",f5283e30421371babeff7d9c6bfde8d5a41c8399
base-0355,COLLOCATION,submit a proposal,nộp đề xuất,,Please submit a proposal before the deadline.,Vui lòng nộp đề xuất trước hạn chót.,Sales Marketing,B1,"{""part_of_speech"": ""phrase"", ""subtopic"": ""TOEIC Collocation"", ""toeic_part"": ""5"", ""difficulty"": ""2"", ""collocations"": ""submit a proposal"", ""explanation"": ""Cụm từ thường gặp trong ngữ cảnh công việc và bài thi TOEIC."", ""tags"": ""toeic,v4,collocation,sales-marketing"", ""audio_text"": ""Please submit a proposal before the deadline."", ""source"": ""YangLingo TOEIC Expansion v4""}",b175dc27e5e8a36f8091425a3e5ed0d9401af33e
base-0356,COLLOCATION,make a reservation,đặt chỗ,,Please make a reservation before the deadline.,Vui lòng đặt chỗ trước hạn chót.,Travel Hospitality,B1,"{""part_of_speech"": ""phrase"", ""subtopic"": ""TOEIC Collocation"", ""toeic_part"": ""7"", ""difficulty"": ""2"", ""collocations"": ""make a reservation"", ""explanation"": ""Cụm từ thường gặp trong ngữ cảnh công việc và bài thi TOEIC."", ""tags"": ""toeic,v4,collocation,travel-hospitality"", ""audio_text"": ""Please make a reservation before the deadline."", ""source"": ""YangLingo TOEIC Expansion v4""}",7e6a2feec8eac8fba49d3d7b773fef8fff34fdf5
base-0357,COLLOCATION,confirm a reservation,xác nhận đặt chỗ,,Please confirm a reservation before the deadline.,Vui lòng xác nhận đặt chỗ trước hạn chót.,Travel Hospitality,B1,"{""part_of_speech"": ""phrase"", ""subtopic"": ""TOEIC Collocation"", ""toeic_part"": ""7"", ""difficulty"": ""2"", ""collocations"": ""confirm a reservation"", ""explanation"": ""Cụm từ thường gặp trong ngữ cảnh công việc và bài thi TOEIC."", ""tags"": ""toeic,v4,collocation,travel-hospitality"", ""audio_text"": ""Please confirm a reservation before the deadline."", ""source"": ""YangLingo TOEIC Expansion v4""}",98253edf516fd5543d4ee1bce1957de9a7d2103a
base-0358,COLLOCATION,cancel a reservation,hủy đặt chỗ,,Please cancel a reservation before the deadline.,Vui lòng hủy đặt chỗ trước hạn chót.,Travel Hospitality,B1,"{""part_of_speech"": ""phrase"", ""subtopic"": ""TOEIC Collocation"", ""toeic_part"": ""7"", ""difficulty"": ""2"", ""collocations"": ""cancel a reservation"", ""explanation"": ""Cụm từ thường gặp trong ngữ cảnh công việc và bài thi TOEIC."", ""tags"": ""toeic,v4,collocation,travel-hospitality"", ""audio_text"": ""Please cancel a reservation before the deadline."", ""source"": ""YangLingo TOEIC Expansion v4""}",28c5f5cdf045bd95ec30ca0f2640683a8c39121e
base-0359,COLLOCATION,change a booking,thay đổi đặt chỗ,,Please change a booking before the deadline.,Vui lòng thay đổi đặt chỗ trước hạn chót.,Travel Hospitality,B1,"{""part_of_speech"": ""phrase"", ""subtopic"": ""TOEIC Collocation"", ""toeic_part"": ""7"", ""difficulty"": ""2"", ""collocations"": ""change a booking"", ""explanation"": ""Cụm từ thường gặp trong ngữ cảnh công việc và bài thi TOEIC."", ""tags"": ""toeic,v4,collocation,travel-hospitality"", ""audio_text"": ""Please change a booking before the deadline."", ""source"": ""YangLingo TOEIC Expansion v4""}",26625d9ffc12e7b7ff1853c1aeb2e14ecd4e7310
base-0360,COLLOCATION,travel itinerary,lịch trình chuyến đi,,The team discussed the travel itinerary during the meeting.,Nhóm đã thảo luận về lịch trình chuyến đi trong cuộc họp.,Travel Hospitality,B1,"{""part_of_speech"": ""phrase"", ""subtopic"": ""TOEIC Collocation"", ""toeic_part"": ""7"", ""difficulty"": ""2"", ""collocations"": ""travel itinerary"", ""explanation"": ""Cụm từ thường gặp trong ngữ cảnh công việc và bài thi TOEIC."", ""tags"": ""toeic,v4,collocation,travel-hospitality"", ""audio_text"": ""The team discussed the travel itinerary during the meeting."", ""source"": ""YangLingo TOEIC Expansion v4""}",e4876aad0cd7f624fb819c482ee7af257bfc181a
base-0361,COLLOCATION,check in online,làm thủ tục trực tuyến,,Please check in online before the deadline.,Vui lòng làm thủ tục trực tuyến trước hạn chót.,Travel Hospitality,B1,"{""part_of_speech"": ""phrase"", ""subtopic"": ""TOEIC Collocation"", ""toeic_part"": ""7"", ""difficulty"": ""2"", ""collocations"": ""check in online"", ""explanation"": ""Cụm từ thường gặp trong ngữ cảnh công việc và bài thi TOEIC."", ""tags"": ""toeic,v4,collocation,travel-hospitality"", ""audio_text"": ""Please check in online before the deadline."", ""source"": ""YangLingo TOEIC Expansion v4""}",e11fb070adb821d9e15ed804748e15d05f1859b1
base-0362,COLLOCATION,check out of the hotel,trả phòng khách sạn,,Please check out of the hotel before the deadline.,Vui lòng trả phòng khách sạn trước hạn chót.,Travel Hospitality,B1,"{""part_of_speech"": ""phrase"", ""subtopic"": ""TOEIC Collocation"", ""toeic_part"": ""7"", ""difficulty"": ""2"", ""collocations"": ""check out of the hotel"", ""explanation"": ""Cụm từ thường gặp trong ngữ cảnh công việc và bài thi TOEIC."", ""tags"": ""toeic,v4,collocation,travel-hospitality"", ""audio_text"": ""Please check out of the hotel before the deadline."", ""source"": ""YangLingo TOEIC Expansion v4""}",63f973cee2f4475f663747831cd6114d86caeab9
base-0363,COLLOCATION,carry-on luggage,hành lý xách tay,,The team discussed the carry-on luggage during the meeting.,Nhóm đã thảo luận về hành lý xách tay trong cuộc họp.,Travel Hospitality,B1,"{""part_of_speech"": ""phrase"", ""subtopic"": ""TOEIC Collocation"", ""toeic_part"": ""7"", ""difficulty"": ""2"", ""collocations"": ""carry-on luggage"", ""explanation"": ""Cụm từ thường gặp trong ngữ cảnh công việc và bài thi TOEIC."", ""tags"": ""toeic,v4,collocation,travel-hospitality"", ""audio_text"": ""The team discussed the carry-on luggage during the meeting."", ""source"": ""YangLingo TOEIC Expansion v4""}",04f1ea3aa664737c8d79088be3db8b32f0102fb0
base-0364,COLLOCATION,flight delay,chuyến bay bị hoãn,,The team discussed the flight delay during the meeting.,Nhóm đã thảo luận về chuyến bay bị hoãn trong cuộc họp.,Travel Hospitality,B1,"{""part_of_speech"": ""phrase"", ""subtopic"": ""TOEIC Collocation"", ""toeic_part"": ""7"", ""difficulty"": ""2"", ""collocations"": ""flight delay"", ""explanation"": ""Cụm từ thường gặp trong ngữ cảnh công việc và bài thi TOEIC."", ""tags"": ""toeic,v4,collocation,travel-hospitality"", ""audio_text"": ""The team discussed the flight delay during the meeting."", ""source"": ""YangLingo TOEIC Expansion v4""}",5003ddb5a57a3ff0830b009b8669f692d2702381
base-0365,COLLOCATION,flight cancellation,chuyến bay bị hủy,,The team discussed the flight cancellation during the meeting.,Nhóm đã thảo luận về chuyến bay bị hủy trong cuộc họp.,Travel Hospitality,B1,"{""part_of_speech"": ""phrase"", ""subtopic"": ""TOEIC Collocation"", ""toeic_part"": ""7"", ""difficulty"": ""2"", ""collocations"": ""flight cancellation"", ""explanation"": ""Cụm từ thường gặp trong ngữ cảnh công việc và bài thi TOEIC."", ""tags"": ""toeic,v4,collocation,travel-hospitality"", ""audio_text"": ""The team discussed the flight cancellation during the meeting."", ""source"": ""YangLingo TOEIC Expansion v4""}",545814caed57823594b404cf8e8888c084c6d794
base-0366,COLLOCATION,round-trip fare,giá vé khứ hồi,,The team discussed the round-trip fare during the meeting.,Nhóm đã thảo luận về giá vé khứ hồi trong cuộc họp.,Travel Hospitality,B1,"{""part_of_speech"": ""phrase"", ""subtopic"": ""TOEIC Collocation"", ""toeic_part"": ""7"", ""difficulty"": ""2"", ""collocations"": ""round-trip fare"", ""explanation"": ""Cụm từ thường gặp trong ngữ cảnh công việc và bài thi TOEIC."", ""tags"": ""toeic,v4,collocation,travel-hospitality"", ""audio_text"": ""The team discussed the round-trip fare during the meeting."", ""source"": ""YangLingo TOEIC Expansion v4""}",e2dbb4093bacdacbea2d972dcde0de96760c993f
base-0367,COLLOCATION,hotel accommodation,chỗ ở khách sạn,,The team discussed the hotel accommodation during the meeting.,Nhóm đã thảo luận về chỗ ở khách sạn trong cuộc họp.,Travel Hospitality,B1,"{""part_of_speech"": ""phrase"", ""subtopic"": ""TOEIC Collocation"", ""toeic_part"": ""7"", ""difficulty"": ""2"", ""collocations"": ""hotel accommodation"", ""explanation"": ""Cụm từ thường gặp trong ngữ cảnh công việc và bài thi TOEIC."", ""tags"": ""toeic,v4,collocation,travel-hospitality"", ""audio_text"": ""The team discussed the hotel accommodation during the meeting."", ""source"": ""YangLingo TOEIC Expansion v4""}",d0880e9916c8867c6f75f0939bcbf4419328cdc9
base-0368,COLLOCATION,complimentary breakfast,bữa sáng miễn phí,,The team discussed the complimentary breakfast during the meeting.,Nhóm đã thảo luận về bữa sáng miễn phí trong cuộc họp.,Travel Hospitality,B1,"{""part_of_speech"": ""phrase"", ""subtopic"": ""TOEIC Collocation"", ""toeic_part"": ""7"", ""difficulty"": ""2"", ""collocations"": ""complimentary breakfast"", ""explanation"": ""Cụm từ thường gặp trong ngữ cảnh công việc và bài thi TOEIC."", ""tags"": ""toeic,v4,collocation,travel-hospitality"", ""audio_text"": ""The team discussed the complimentary breakfast during the meeting."", ""source"": ""YangLingo TOEIC Expansion v4""}",f6fe2c5b8e7f07618ea3f6e5b8c3cbdc65f9eb22
base-0369,COLLOCATION,shuttle service,dịch vụ xe đưa đón,,The team discussed the shuttle service during the meeting.,Nhóm đã thảo luận về dịch vụ xe đưa đón trong cuộc họp.,Travel Hospitality,B1,"{""part_of_speech"": ""phrase"", ""subtopic"": ""TOEIC Collocation"", ""toeic_part"": ""7"", ""difficulty"": ""2"", ""collocations"": ""shuttle service"", ""explanation"": ""Cụm từ thường gặp trong ngữ cảnh công việc và bài thi TOEIC."", ""tags"": ""toeic,v4,collocation,travel-hospitality"", ""audio_text"": ""The team discussed the shuttle service during the meeting."", ""source"": ""YangLingo TOEIC Expansion v4""}",00bbeec9b0de972a015439a69b74a53c50c3ec27
base-0370,COLLOCATION,routine maintenance,bảo trì định kỳ,,The team discussed the routine maintenance during the meeting.,Nhóm đã thảo luận về bảo trì định kỳ trong cuộc họp.,Facilities Maintenance,B1,"{""part_of_speech"": ""phrase"", ""subtopic"": ""TOEIC Collocation"", ""toeic_part"": ""7"", ""difficulty"": ""2"", ""collocations"": ""routine maintenance"", ""explanation"": ""Cụm từ thường gặp trong ngữ cảnh công việc và bài thi TOEIC."", ""tags"": ""toeic,v4,collocation,facilities-maintenance"", ""audio_text"": ""The team discussed the routine maintenance during the meeting."", ""source"": ""YangLingo TOEIC Expansion v4""}",e332f9a52fe5e610af42d5b3a7e4a1e111ca09ba
base-0371,COLLOCATION,schedule maintenance,lên lịch bảo trì,,Please schedule maintenance before the deadline.,Vui lòng lên lịch bảo trì trước hạn chót.,Facilities Maintenance,B1,"{""part_of_speech"": ""phrase"", ""subtopic"": ""TOEIC Collocation"", ""toeic_part"": ""7"", ""difficulty"": ""2"", ""collocations"": ""schedule maintenance"", ""explanation"": ""Cụm từ thường gặp trong ngữ cảnh công việc và bài thi TOEIC."", ""tags"": ""toeic,v4,collocation,facilities-maintenance"", ""audio_text"": ""Please schedule maintenance before the deadline."", ""source"": ""YangLingo TOEIC Expansion v4""}",04ad671ff4c1e0e9532e93d81d3e04e409625cc1
base-0372,COLLOCATION,undergo renovation,được cải tạo,,Please undergo renovation before the deadline.,Vui lòng được cải tạo trước hạn chót.,Facilities Maintenance,B1,"{""part_of_speech"": ""phrase"", ""subtopic"": ""TOEIC Collocation"", ""toeic_part"": ""7"", ""difficulty"": ""2"", ""collocations"": ""undergo renovation"", ""explanation"": ""Cụm từ thường gặp trong ngữ cảnh công việc và bài thi TOEIC."", ""tags"": ""toeic,v4,collocation,facilities-maintenance"", ""audio_text"": ""Please undergo renovation before the deadline."", ""source"": ""YangLingo TOEIC Expansion v4""}",079082cd80c7de5fad1a22e326702f100151eb40
base-0373,COLLOCATION,hire a contractor,thuê nhà thầu,,Please hire a contractor before the deadline.,Vui lòng thuê nhà thầu trước hạn chót.,Facilities Maintenance,B1,"{""part_of_speech"": ""phrase"", ""subtopic"": ""TOEIC Collocation"", ""toeic_part"": ""7"", ""difficulty"": ""2"", ""collocations"": ""hire a contractor"", ""explanation"": ""Cụm từ thường gặp trong ngữ cảnh công việc và bài thi TOEIC."", ""tags"": ""toeic,v4,collocation,facilities-maintenance"", ""audio_text"": ""Please hire a contractor before the deadline."", ""source"": ""YangLingo TOEIC Expansion v4""}",a9119e282a0b50aba89ab1f1977a13bf9baefcae
base-0374,COLLOCATION,request a repair,yêu cầu sửa chữa,,Please request a repair before the deadline.,Vui lòng yêu cầu sửa chữa trước hạn chót.,Facilities Maintenance,B1,"{""part_of_speech"": ""phrase"", ""subtopic"": ""TOEIC Collocation"", ""toeic_part"": ""7"", ""difficulty"": ""2"", ""collocations"": ""request a repair"", ""explanation"": ""Cụm từ thường gặp trong ngữ cảnh công việc và bài thi TOEIC."", ""tags"": ""toeic,v4,collocation,facilities-maintenance"", ""audio_text"": ""Please request a repair before the deadline."", ""source"": ""YangLingo TOEIC Expansion v4""}",5763a9e16adc8374a6a6edda029778a2d8ec9756
base-0375,COLLOCATION,conduct an inspection,tiến hành kiểm tra,,Please conduct an inspection before the deadline.,Vui lòng tiến hành kiểm tra trước hạn chót.,Facilities Maintenance,B1,"{""part_of_speech"": ""phrase"", ""subtopic"": ""TOEIC Collocation"", ""toeic_part"": ""7"", ""difficulty"": ""2"", ""collocations"": ""conduct an inspection"", ""explanation"": ""Cụm từ thường gặp trong ngữ cảnh công việc và bài thi TOEIC."", ""tags"": ""toeic,v4,collocation,facilities-maintenance"", ""audio_text"": ""Please conduct an inspection before the deadline."", ""source"": ""YangLingo TOEIC Expansion v4""}",da37cc1fc9a43ec8560ece7d990f7cf850d63d56
base-0376,COLLOCATION,equipment malfunction,sự cố thiết bị,,The team discussed the equipment malfunction during the meeting.,Nhóm đã thảo luận về sự cố thiết bị trong cuộc họp.,Facilities Maintenance,B1,"{""part_of_speech"": ""phrase"", ""subtopic"": ""TOEIC Collocation"", ""toeic_part"": ""7"", ""difficulty"": ""2"", ""collocations"": ""equipment malfunction"", ""explanation"": ""Cụm từ thường gặp trong ngữ cảnh công việc và bài thi TOEIC."", ""tags"": ""toeic,v4,collocation,facilities-maintenance"", ""audio_text"": ""The team discussed the equipment malfunction during the meeting."", ""source"": ""YangLingo TOEIC Expansion v4""}",3347121257178da5560ac58f0076c4ab5c97431c
base-0377,COLLOCATION,power outage,mất điện,,The team discussed the power outage during the meeting.,Nhóm đã thảo luận về mất điện trong cuộc họp.,Facilities Maintenance,B1,"{""part_of_speech"": ""phrase"", ""subtopic"": ""TOEIC Collocation"", ""toeic_part"": ""7"", ""difficulty"": ""2"", ""collocations"": ""power outage"", ""explanation"": ""Cụm từ thường gặp trong ngữ cảnh công việc và bài thi TOEIC."", ""tags"": ""toeic,v4,collocation,facilities-maintenance"", ""audio_text"": ""The team discussed the power outage during the meeting."", ""source"": ""YangLingo TOEIC Expansion v4""}",218bbebe5c1274ed66f17d2af7e51b5ffe9ada3a
base-0378,COLLOCATION,install equipment,lắp đặt thiết bị,,Please install equipment before the deadline.,Vui lòng lắp đặt thiết bị trước hạn chót.,Facilities Maintenance,B1,"{""part_of_speech"": ""phrase"", ""subtopic"": ""TOEIC Collocation"", ""toeic_part"": ""7"", ""difficulty"": ""2"", ""collocations"": ""install equipment"", ""explanation"": ""Cụm từ thường gặp trong ngữ cảnh công việc và bài thi TOEIC."", ""tags"": ""toeic,v4,collocation,facilities-maintenance"", ""audio_text"": ""Please install equipment before the deadline."", ""source"": ""YangLingo TOEIC Expansion v4""}",eb7fbd0194b678bab6828da087132c40dc378f5d
base-0379,COLLOCATION,replace a component,thay linh kiện,,Please replace a component before the deadline.,Vui lòng thay linh kiện trước hạn chót.,Facilities Maintenance,B1,"{""part_of_speech"": ""phrase"", ""subtopic"": ""TOEIC Collocation"", ""toeic_part"": ""7"", ""difficulty"": ""2"", ""collocations"": ""replace a component"", ""explanation"": ""Cụm từ thường gặp trong ngữ cảnh công việc và bài thi TOEIC."", ""tags"": ""toeic,v4,collocation,facilities-maintenance"", ""audio_text"": ""Please replace a component before the deadline."", ""source"": ""YangLingo TOEIC Expansion v4""}",659b2ff6d25ccd23342ba78e3a3f4f05448c3613
base-0380,COLLOCATION,technical specification,thông số kỹ thuật,,The team discussed the technical specification during the meeting.,Nhóm đã thảo luận về thông số kỹ thuật trong cuộc họp.,Facilities Maintenance,B1,"{""part_of_speech"": ""phrase"", ""subtopic"": ""TOEIC Collocation"", ""toeic_part"": ""7"", ""difficulty"": ""2"", ""collocations"": ""technical specification"", ""explanation"": ""Cụm từ thường gặp trong ngữ cảnh công việc và bài thi TOEIC."", ""tags"": ""toeic,v4,collocation,facilities-maintenance"", ""audio_text"": ""The team discussed the technical specification during the meeting."", ""source"": ""YangLingo TOEIC Expansion v4""}",4db061a08a653e03325a5463f1be1e9bd2e4b0ec
base-0381,COLLOCATION,sign a lease,ký hợp đồng thuê,,Please sign a lease before the deadline.,Vui lòng ký hợp đồng thuê trước hạn chót.,Facilities Maintenance,B1,"{""part_of_speech"": ""phrase"", ""subtopic"": ""TOEIC Collocation"", ""toeic_part"": ""7"", ""difficulty"": ""2"", ""collocations"": ""sign a lease"", ""explanation"": ""Cụm từ thường gặp trong ngữ cảnh công việc và bài thi TOEIC."", ""tags"": ""toeic,v4,collocation,facilities-maintenance"", ""audio_text"": ""Please sign a lease before the deadline."", ""source"": ""YangLingo TOEIC Expansion v4""}",a1869255195610042e8b9833b1e9055e30102a3a
base-0382,COLLOCATION,renew a lease,gia hạn hợp đồng thuê,,Please renew a lease before the deadline.,Vui lòng gia hạn hợp đồng thuê trước hạn chót.,Facilities Maintenance,B1,"{""part_of_speech"": ""phrase"", ""subtopic"": ""TOEIC Collocation"", ""toeic_part"": ""7"", ""difficulty"": ""2"", ""collocations"": ""renew a lease"", ""explanation"": ""Cụm từ thường gặp trong ngữ cảnh công việc và bài thi TOEIC."", ""tags"": ""toeic,v4,collocation,facilities-maintenance"", ""audio_text"": ""Please renew a lease before the deadline."", ""source"": ""YangLingo TOEIC Expansion v4""}",37f522aaca3b1c1b5a261cc6e4ff284b9f52bdab
base-0383,COLLOCATION,utility bill,hóa đơn tiện ích,,The team discussed the utility bill during the meeting.,Nhóm đã thảo luận về hóa đơn tiện ích trong cuộc họp.,Facilities Maintenance,B1,"{""part_of_speech"": ""phrase"", ""subtopic"": ""TOEIC Collocation"", ""toeic_part"": ""7"", ""difficulty"": ""2"", ""collocations"": ""utility bill"", ""explanation"": ""Cụm từ thường gặp trong ngữ cảnh công việc và bài thi TOEIC."", ""tags"": ""toeic,v4,collocation,facilities-maintenance"", ""audio_text"": ""The team discussed the utility bill during the meeting."", ""source"": ""YangLingo TOEIC Expansion v4""}",908cfa8f2dae6dc3812d5da928cdcc3f4a364f2d
base-0384,COLLOCATION,air-conditioning system,hệ thống điều hòa,,The team discussed the air-conditioning system during the meeting.,Nhóm đã thảo luận về hệ thống điều hòa trong cuộc họp.,Facilities Maintenance,B1,"{""part_of_speech"": ""phrase"", ""subtopic"": ""TOEIC Collocation"", ""toeic_part"": ""7"", ""difficulty"": ""2"", ""collocations"": ""air-conditioning system"", ""explanation"": ""Cụm từ thường gặp trong ngữ cảnh công việc và bài thi TOEIC."", ""tags"": ""toeic,v4,collocation,facilities-maintenance"", ""audio_text"": ""The team discussed the air-conditioning system during the meeting."", ""source"": ""YangLingo TOEIC Expansion v4""}",827d35761584b6446e9ab9a10599c6c1a7b3d560
base-0385,COLLOCATION,emergency exit,lối thoát hiểm,,The team discussed the emergency exit during the meeting.,Nhóm đã thảo luận về lối thoát hiểm trong cuộc họp.,Facilities Maintenance,B1,"{""part_of_speech"": ""phrase"", ""subtopic"": ""TOEIC Collocation"", ""toeic_part"": ""7"", ""difficulty"": ""2"", ""collocations"": ""emergency exit"", ""explanation"": ""Cụm từ thường gặp trong ngữ cảnh công việc và bài thi TOEIC."", ""tags"": ""toeic,v4,collocation,facilities-maintenance"", ""audio_text"": ""The team discussed the emergency exit during the meeting."", ""source"": ""YangLingo TOEIC Expansion v4""}",73366646ed5e206e4a16822e8467fd31dfa203ba
base-0386,COLLOCATION,building entrance,lối vào tòa nhà,,The team discussed the building entrance during the meeting.,Nhóm đã thảo luận về lối vào tòa nhà trong cuộc họp.,Facilities Maintenance,B1,"{""part_of_speech"": ""phrase"", ""subtopic"": ""TOEIC Collocation"", ""toeic_part"": ""7"", ""difficulty"": ""2"", ""collocations"": ""building entrance"", ""explanation"": ""Cụm từ thường gặp trong ngữ cảnh công việc và bài thi TOEIC."", ""tags"": ""toeic,v4,collocation,facilities-maintenance"", ""audio_text"": ""The team discussed the building entrance during the meeting."", ""source"": ""YangLingo TOEIC Expansion v4""}",f33bf7d7de27c7b9f4df2bb73b85699d19aad6db
base-0387,COLLOCATION,raw materials,nguyên vật liệu,,The team discussed the raw materials during the meeting.,Nhóm đã thảo luận về nguyên vật liệu trong cuộc họp.,Manufacturing Production,B2,"{""part_of_speech"": ""phrase"", ""subtopic"": ""TOEIC Collocation"", ""toeic_part"": ""7"", ""difficulty"": ""3"", ""collocations"": ""raw materials"", ""explanation"": ""Cụm từ thường gặp trong ngữ cảnh công việc và bài thi TOEIC."", ""tags"": ""toeic,v4,collocation,manufacturing-production"", ""audio_text"": ""The team discussed the raw materials during the meeting."", ""source"": ""YangLingo TOEIC Expansion v4""}",4f2ba374283168363882664daa5bb4c88052e028
base-0388,COLLOCATION,meet specifications,đáp ứng thông số kỹ thuật,,Please meet specifications before the deadline.,Vui lòng đáp ứng thông số kỹ thuật trước hạn chót.,Manufacturing Production,B2,"{""part_of_speech"": ""phrase"", ""subtopic"": ""TOEIC Collocation"", ""toeic_part"": ""7"", ""difficulty"": ""3"", ""collocations"": ""meet specifications"", ""explanation"": ""Cụm từ thường gặp trong ngữ cảnh công việc và bài thi TOEIC."", ""tags"": ""toeic,v4,collocation,manufacturing-production"", ""audio_text"": ""Please meet specifications before the deadline."", ""source"": ""YangLingo TOEIC Expansion v4""}",7832cdc20bf4dd7eacd9e206d6fe7628f75be86c
base-0389,COLLOCATION,production capacity,công suất sản xuất,,The team discussed the production capacity during the meeting.,Nhóm đã thảo luận về công suất sản xuất trong cuộc họp.,Manufacturing Production,B2,"{""part_of_speech"": ""phrase"", ""subtopic"": ""TOEIC Collocation"", ""toeic_part"": ""7"", ""difficulty"": ""3"", ""collocations"": ""production capacity"", ""explanation"": ""Cụm từ thường gặp trong ngữ cảnh công việc và bài thi TOEIC."", ""tags"": ""toeic,v4,collocation,manufacturing-production"", ""audio_text"": ""The team discussed the production capacity during the meeting."", ""source"": ""YangLingo TOEIC Expansion v4""}",e422350e132a7099d1c7682a2c2e01cee651947d
base-0390,COLLOCATION,increase output,tăng sản lượng,,Please increase output before the deadline.,Vui lòng tăng sản lượng trước hạn chót.,Manufacturing Production,B2,"{""part_of_speech"": ""phrase"", ""subtopic"": ""TOEIC Collocation"", ""toeic_part"": ""7"", ""difficulty"": ""3"", ""collocations"": ""increase output"", ""explanation"": ""Cụm từ thường gặp trong ngữ cảnh công việc và bài thi TOEIC."", ""tags"": ""toeic,v4,collocation,manufacturing-production"", ""audio_text"": ""Please increase output before the deadline."", ""source"": ""YangLingo TOEIC Expansion v4""}",fe31ba8ce075b067bf360ec844f92d57967096c3
base-0391,COLLOCATION,improve productivity,cải thiện năng suất,,Please improve productivity before the deadline.,Vui lòng cải thiện năng suất trước hạn chót.,Manufacturing Production,B2,"{""part_of_speech"": ""phrase"", ""subtopic"": ""TOEIC Collocation"", ""toeic_part"": ""7"", ""difficulty"": ""3"", ""collocations"": ""improve productivity"", ""explanation"": ""Cụm từ thường gặp trong ngữ cảnh công việc và bài thi TOEIC."", ""tags"": ""toeic,v4,collocation,manufacturing-production"", ""audio_text"": ""Please improve productivity before the deadline."", ""source"": ""YangLingo TOEIC Expansion v4""}",e959f05cc1757d2e1a2fa1eb8bd38a00fcdee1e9
base-0392,COLLOCATION,operating efficiency,hiệu suất vận hành,,The team discussed the operating efficiency during the meeting.,Nhóm đã thảo luận về hiệu suất vận hành trong cuộc họp.,Manufacturing Production,B2,"{""part_of_speech"": ""phrase"", ""subtopic"": ""TOEIC Collocation"", ""toeic_part"": ""7"", ""difficulty"": ""3"", ""collocations"": ""operating efficiency"", ""explanation"": ""Cụm từ thường gặp trong ngữ cảnh công việc và bài thi TOEIC."", ""tags"": ""toeic,v4,collocation,manufacturing-production"", ""audio_text"": ""The team discussed the operating efficiency during the meeting."", ""source"": ""YangLingo TOEIC Expansion v4""}",668064abeadb04f9a21eee9967326aaad15068aa
base-0393,COLLOCATION,operate machinery,vận hành máy móc,,Please operate machinery before the deadline.,Vui lòng vận hành máy móc trước hạn chót.,Manufacturing Production,B2,"{""part_of_speech"": ""phrase"", ""subtopic"": ""TOEIC Collocation"", ""toeic_part"": ""7"", ""difficulty"": ""3"", ""collocations"": ""operate machinery"", ""explanation"": ""Cụm từ thường gặp trong ngữ cảnh công việc và bài thi TOEIC."", ""tags"": ""toeic,v4,collocation,manufacturing-production"", ""audio_text"": ""Please operate machinery before the deadline."", ""source"": ""YangLingo TOEIC Expansion v4""}",aba662474f6fd58ecb5e64d3e30ad831d694ad28
base-0394,COLLOCATION,machine operator,người vận hành máy,,The team discussed the machine operator during the meeting.,Nhóm đã thảo luận về người vận hành máy trong cuộc họp.,Manufacturing Production,B2,"{""part_of_speech"": ""phrase"", ""subtopic"": ""TOEIC Collocation"", ""toeic_part"": ""7"", ""difficulty"": ""3"", ""collocations"": ""machine operator"", ""explanation"": ""Cụm từ thường gặp trong ngữ cảnh công việc và bài thi TOEIC."", ""tags"": ""toeic,v4,collocation,manufacturing-production"", ""audio_text"": ""The team discussed the machine operator during the meeting."", ""source"": ""YangLingo TOEIC Expansion v4""}",7b5006308e57dd1231c15c4ce7dae8a3f0fb3e01
base-0395,COLLOCATION,manufacturing defect,lỗi sản xuất,,The team discussed the manufacturing defect during the meeting.,Nhóm đã thảo luận về lỗi sản xuất trong cuộc họp.,Manufacturing Production,B2,"{""part_of_speech"": ""phrase"", ""subtopic"": ""TOEIC Collocation"", ""toeic_part"": ""7"", ""difficulty"": ""3"", ""collocations"": ""manufacturing defect"", ""explanation"": ""Cụm từ thường gặp trong ngữ cảnh công việc và bài thi TOEIC."", ""tags"": ""toeic,v4,collocation,manufacturing-production"", ""audio_text"": ""The team discussed the manufacturing defect during the meeting."", ""source"": ""YangLingo TOEIC Expansion v4""}",f3a5c406036ae7443bf079ffae6ffdda2c9b81bb
base-0396,COLLOCATION,batch number,số lô sản xuất,,The team discussed the batch number during the meeting.,Nhóm đã thảo luận về số lô sản xuất trong cuộc họp.,Manufacturing Production,B2,"{""part_of_speech"": ""phrase"", ""subtopic"": ""TOEIC Collocation"", ""toeic_part"": ""7"", ""difficulty"": ""3"", ""collocations"": ""batch number"", ""explanation"": ""Cụm từ thường gặp trong ngữ cảnh công việc và bài thi TOEIC."", ""tags"": ""toeic,v4,collocation,manufacturing-production"", ""audio_text"": ""The team discussed the batch number during the meeting."", ""source"": ""YangLingo TOEIC Expansion v4""}",b1d0864ba70e95691f6ead99161acbed2c09f8b9
base-0397,COLLOCATION,safety procedure,quy trình an toàn,,The team discussed the safety procedure during the meeting.,Nhóm đã thảo luận về quy trình an toàn trong cuộc họp.,Manufacturing Production,B2,"{""part_of_speech"": ""phrase"", ""subtopic"": ""TOEIC Collocation"", ""toeic_part"": ""7"", ""difficulty"": ""3"", ""collocations"": ""safety procedure"", ""explanation"": ""Cụm từ thường gặp trong ngữ cảnh công việc và bài thi TOEIC."", ""tags"": ""toeic,v4,collocation,manufacturing-production"", ""audio_text"": ""The team discussed the safety procedure during the meeting."", ""source"": ""YangLingo TOEIC Expansion v4""}",b313bef393084f2a7e4fc102cdd63031bbc82fd4
base-0398,COLLOCATION,inventory level,mức tồn kho,,The team discussed the inventory level during the meeting.,Nhóm đã thảo luận về mức tồn kho trong cuộc họp.,Manufacturing Production,B2,"{""part_of_speech"": ""phrase"", ""subtopic"": ""TOEIC Collocation"", ""toeic_part"": ""7"", ""difficulty"": ""3"", ""collocations"": ""inventory level"", ""explanation"": ""Cụm từ thường gặp trong ngữ cảnh công việc và bài thi TOEIC."", ""tags"": ""toeic,v4,collocation,manufacturing-production"", ""audio_text"": ""The team discussed the inventory level during the meeting."", ""source"": ""YangLingo TOEIC Expansion v4""}",b22e697239d9a588bb9b7e5383d4182e1a2791c3
base-0399,COLLOCATION,factory inspection,kiểm tra nhà máy,,The team discussed the factory inspection during the meeting.,Nhóm đã thảo luận về kiểm tra nhà máy trong cuộc họp.,Manufacturing Production,B2,"{""part_of_speech"": ""phrase"", ""subtopic"": ""TOEIC Collocation"", ""toeic_part"": ""7"", ""difficulty"": ""3"", ""collocations"": ""factory inspection"", ""explanation"": ""Cụm từ thường gặp trong ngữ cảnh công việc và bài thi TOEIC."", ""tags"": ""toeic,v4,collocation,manufacturing-production"", ""audio_text"": ""The team discussed the factory inspection during the meeting."", ""source"": ""YangLingo TOEIC Expansion v4""}",daae040c908c0fb537da028fa51a7517d1d92198
base-0400,COLLOCATION,production target,mục tiêu sản lượng,,The team discussed the production target during the meeting.,Nhóm đã thảo luận về mục tiêu sản lượng trong cuộc họp.,Manufacturing Production,B2,"{""part_of_speech"": ""phrase"", ""subtopic"": ""TOEIC Collocation"", ""toeic_part"": ""7"", ""difficulty"": ""3"", ""collocations"": ""production target"", ""explanation"": ""Cụm từ thường gặp trong ngữ cảnh công việc và bài thi TOEIC."", ""tags"": ""toeic,v4,collocation,manufacturing-production"", ""audio_text"": ""The team discussed the production target during the meeting."", ""source"": ""YangLingo TOEIC Expansion v4""}",f41c395fa70b74e2f6dd4421517187445f09f0de
base-0401,COLLOCATION,reset a password,đặt lại mật khẩu,,Please reset a password before the deadline.,Vui lòng đặt lại mật khẩu trước hạn chót.,IT Technical Support,B1,"{""part_of_speech"": ""phrase"", ""subtopic"": ""TOEIC Collocation"", ""toeic_part"": ""5"", ""difficulty"": ""2"", ""collocations"": ""reset a password"", ""explanation"": ""Cụm từ thường gặp trong ngữ cảnh công việc và bài thi TOEIC."", ""tags"": ""toeic,v4,collocation,it-technical-support"", ""audio_text"": ""Please reset a password before the deadline."", ""source"": ""YangLingo TOEIC Expansion v4""}",1921c42e0cabf568bb746b7c0b8560793cbdb736
base-0402,COLLOCATION,log in to an account,đăng nhập vào tài khoản,,Please log in to an account before the deadline.,Vui lòng đăng nhập vào tài khoản trước hạn chót.,IT Technical Support,B1,"{""part_of_speech"": ""phrase"", ""subtopic"": ""TOEIC Collocation"", ""toeic_part"": ""5"", ""difficulty"": ""2"", ""collocations"": ""log in to an account"", ""explanation"": ""Cụm từ thường gặp trong ngữ cảnh công việc và bài thi TOEIC."", ""tags"": ""toeic,v4,collocation,it-technical-support"", ""audio_text"": ""Please log in to an account before the deadline."", ""source"": ""YangLingo TOEIC Expansion v4""}",3837855e8b63be30c0db67e198399a6899cb8224
base-0403,COLLOCATION,access a database,truy cập cơ sở dữ liệu,,Please access a database before the deadline.,Vui lòng truy cập cơ sở dữ liệu trước hạn chót.,IT Technical Support,B1,"{""part_of_speech"": ""phrase"", ""subtopic"": ""TOEIC Collocation"", ""toeic_part"": ""5"", ""difficulty"": ""2"", ""collocations"": ""access a database"", ""explanation"": ""Cụm từ thường gặp trong ngữ cảnh công việc và bài thi TOEIC."", ""tags"": ""toeic,v4,collocation,it-technical-support"", ""audio_text"": ""Please access a database before the deadline."", ""source"": ""YangLingo TOEIC Expansion v4""}",30a165e5a04401156147bcd754d0d6f4352835ef
base-0404,COLLOCATION,upload a file,tải tệp lên,,Please upload a file before the deadline.,Vui lòng tải tệp lên trước hạn chót.,IT Technical Support,B1,"{""part_of_speech"": ""phrase"", ""subtopic"": ""TOEIC Collocation"", ""toeic_part"": ""5"", ""difficulty"": ""2"", ""collocations"": ""upload a file"", ""explanation"": ""Cụm từ thường gặp trong ngữ cảnh công việc và bài thi TOEIC."", ""tags"": ""toeic,v4,collocation,it-technical-support"", ""audio_text"": ""Please upload a file before the deadline."", ""source"": ""YangLingo TOEIC Expansion v4""}",d01120e7f72b53943c7df7e89dab85f08bd2f912
base-0405,COLLOCATION,download an attachment,tải tệp đính kèm xuống,,Please download an attachment before the deadline.,Vui lòng tải tệp đính kèm xuống trước hạn chót.,IT Technical Support,B1,"{""part_of_speech"": ""phrase"", ""subtopic"": ""TOEIC Collocation"", ""toeic_part"": ""5"", ""difficulty"": ""2"", ""collocations"": ""download an attachment"", ""explanation"": ""Cụm từ thường gặp trong ngữ cảnh công việc và bài thi TOEIC."", ""tags"": ""toeic,v4,collocation,it-technical-support"", ""audio_text"": ""Please download an attachment before the deadline."", ""source"": ""YangLingo TOEIC Expansion v4""}",460f38542cd3e199fc37c181a7d30e11fbde3fe4
base-0406,COLLOCATION,back up data,sao lưu dữ liệu,,Please back up data before the deadline.,Vui lòng sao lưu dữ liệu trước hạn chót.,IT Technical Support,B1,"{""part_of_speech"": ""phrase"", ""subtopic"": ""TOEIC Collocation"", ""toeic_part"": ""5"", ""difficulty"": ""2"", ""collocations"": ""back up data"", ""explanation"": ""Cụm từ thường gặp trong ngữ cảnh công việc và bài thi TOEIC."", ""tags"": ""toeic,v4,collocation,it-technical-support"", ""audio_text"": ""Please back up data before the deadline."", ""source"": ""YangLingo TOEIC Expansion v4""}",52c7a33401d9eedad992aadc302db5d2674ec326
base-0407,COLLOCATION,restore a backup,khôi phục bản sao lưu,,Please restore a backup before the deadline.,Vui lòng khôi phục bản sao lưu trước hạn chót.,IT Technical Support,B1,"{""part_of_speech"": ""phrase"", ""subtopic"": ""TOEIC Collocation"", ""toeic_part"": ""5"", ""difficulty"": ""2"", ""collocations"": ""restore a backup"", ""explanation"": ""Cụm từ thường gặp trong ngữ cảnh công việc và bài thi TOEIC."", ""tags"": ""toeic,v4,collocation,it-technical-support"", ""audio_text"": ""Please restore a backup before the deadline."", ""source"": ""YangLingo TOEIC Expansion v4""}",52533cb327afe11aad325fd5325004cacfd7adc2
base-0408,COLLOCATION,install software,cài đặt phần mềm,,Please install software before the deadline.,Vui lòng cài đặt phần mềm trước hạn chót.,IT Technical Support,B1,"{""part_of_speech"": ""phrase"", ""subtopic"": ""TOEIC Collocation"", ""toeic_part"": ""5"", ""difficulty"": ""2"", ""collocations"": ""install software"", ""explanation"": ""Cụm từ thường gặp trong ngữ cảnh công việc và bài thi TOEIC."", ""tags"": ""toeic,v4,collocation,it-technical-support"", ""audio_text"": ""Please install software before the deadline."", ""source"": ""YangLingo TOEIC Expansion v4""}",54925f8a9e172cbffde7fc95cc9edac5e6925483
base-0409,COLLOCATION,upgrade the system,nâng cấp hệ thống,,Please upgrade the system before the deadline.,Vui lòng nâng cấp hệ thống trước hạn chót.,IT Technical Support,B1,"{""part_of_speech"": ""phrase"", ""subtopic"": ""TOEIC Collocation"", ""toeic_part"": ""5"", ""difficulty"": ""2"", ""collocations"": ""upgrade the system"", ""explanation"": ""Cụm từ thường gặp trong ngữ cảnh công việc và bài thi TOEIC."", ""tags"": ""toeic,v4,collocation,it-technical-support"", ""audio_text"": ""Please upgrade the system before the deadline."", ""source"": ""YangLingo TOEIC Expansion v4""}",bb88ede380a16a71beed26fd4b9932d065484f75
base-0410,COLLOCATION,configure a device,cấu hình thiết bị,,Please configure a device before the deadline.,Vui lòng cấu hình thiết bị trước hạn chót.,IT Technical Support,B1,"{""part_of_speech"": ""phrase"", ""subtopic"": ""TOEIC Collocation"", ""toeic_part"": ""5"", ""difficulty"": ""2"", ""collocations"": ""configure a device"", ""explanation"": ""Cụm từ thường gặp trong ngữ cảnh công việc và bài thi TOEIC."", ""tags"": ""toeic,v4,collocation,it-technical-support"", ""audio_text"": ""Please configure a device before the deadline."", ""source"": ""YangLingo TOEIC Expansion v4""}",1c636158f3755336af8e098d94bc4f2840339a31
base-0411,COLLOCATION,troubleshoot a problem,xử lý sự cố,,Please troubleshoot a problem before the deadline.,Vui lòng xử lý sự cố trước hạn chót.,IT Technical Support,B1,"{""part_of_speech"": ""phrase"", ""subtopic"": ""TOEIC Collocation"", ""toeic_part"": ""5"", ""difficulty"": ""2"", ""collocations"": ""troubleshoot a problem"", ""explanation"": ""Cụm từ thường gặp trong ngữ cảnh công việc và bài thi TOEIC."", ""tags"": ""toeic,v4,collocation,it-technical-support"", ""audio_text"": ""Please troubleshoot a problem before the deadline."", ""source"": ""YangLingo TOEIC Expansion v4""}",a52036023ddd9e22d7ffdca4ac98faf8f72e8dec
base-0412,COLLOCATION,network connection,kết nối mạng,,The team discussed the network connection during the meeting.,Nhóm đã thảo luận về kết nối mạng trong cuộc họp.,IT Technical Support,B1,"{""part_of_speech"": ""phrase"", ""subtopic"": ""TOEIC Collocation"", ""toeic_part"": ""5"", ""difficulty"": ""2"", ""collocations"": ""network connection"", ""explanation"": ""Cụm từ thường gặp trong ngữ cảnh công việc và bài thi TOEIC."", ""tags"": ""toeic,v4,collocation,it-technical-support"", ""audio_text"": ""The team discussed the network connection during the meeting."", ""source"": ""YangLingo TOEIC Expansion v4""}",958d0a6957a9a015f0cad4de68e0445c11dd9398
base-0413,COLLOCATION,wireless network,mạng không dây,,The team discussed the wireless network during the meeting.,Nhóm đã thảo luận về mạng không dây trong cuộc họp.,IT Technical Support,B1,"{""part_of_speech"": ""phrase"", ""subtopic"": ""TOEIC Collocation"", ""toeic_part"": ""5"", ""difficulty"": ""2"", ""collocations"": ""wireless network"", ""explanation"": ""Cụm từ thường gặp trong ngữ cảnh công việc và bài thi TOEIC."", ""tags"": ""toeic,v4,collocation,it-technical-support"", ""audio_text"": ""The team discussed the wireless network during the meeting."", ""source"": ""YangLingo TOEIC Expansion v4""}",d47e2791ad388d79b86872adea7c5d23253e66fa
base-0414,COLLOCATION,contact the help desk,liên hệ bộ phận hỗ trợ,,Please contact the help desk before the deadline.,Vui lòng liên hệ bộ phận hỗ trợ trước hạn chót.,IT Technical Support,B1,"{""part_of_speech"": ""phrase"", ""subtopic"": ""TOEIC Collocation"", ""toeic_part"": ""5"", ""difficulty"": ""2"", ""collocations"": ""contact the help desk"", ""explanation"": ""Cụm từ thường gặp trong ngữ cảnh công việc và bài thi TOEIC."", ""tags"": ""toeic,v4,collocation,it-technical-support"", ""audio_text"": ""Please contact the help desk before the deadline."", ""source"": ""YangLingo TOEIC Expansion v4""}",92159ec1fe76c7d06a137d388f67d2eaba765492
base-0415,COLLOCATION,security update,bản cập nhật bảo mật,,The team discussed the security update during the meeting.,Nhóm đã thảo luận về bản cập nhật bảo mật trong cuộc họp.,IT Technical Support,B1,"{""part_of_speech"": ""phrase"", ""subtopic"": ""TOEIC Collocation"", ""toeic_part"": ""5"", ""difficulty"": ""2"", ""collocations"": ""security update"", ""explanation"": ""Cụm từ thường gặp trong ngữ cảnh công việc và bài thi TOEIC."", ""tags"": ""toeic,v4,collocation,it-technical-support"", ""audio_text"": ""The team discussed the security update during the meeting."", ""source"": ""YangLingo TOEIC Expansion v4""}",65f6b8918fb0b8f2661e1b31bd8dd559f11783e8
base-0416,COLLOCATION,software license,giấy phép phần mềm,,The team discussed the software license during the meeting.,Nhóm đã thảo luận về giấy phép phần mềm trong cuộc họp.,IT Technical Support,B1,"{""part_of_speech"": ""phrase"", ""subtopic"": ""TOEIC Collocation"", ""toeic_part"": ""5"", ""difficulty"": ""2"", ""collocations"": ""software license"", ""explanation"": ""Cụm từ thường gặp trong ngữ cảnh công việc và bài thi TOEIC."", ""tags"": ""toeic,v4,collocation,it-technical-support"", ""audio_text"": ""The team discussed the software license during the meeting."", ""source"": ""YangLingo TOEIC Expansion v4""}",b3550a53e9787f66c0a5864e5b542dbf9e49dfb1
base-0417,COLLOCATION,compatible device,thiết bị tương thích,,The team discussed the compatible device during the meeting.,Nhóm đã thảo luận về thiết bị tương thích trong cuộc họp.,IT Technical Support,B1,"{""part_of_speech"": ""phrase"", ""subtopic"": ""TOEIC Collocation"", ""toeic_part"": ""5"", ""difficulty"": ""2"", ""collocations"": ""compatible device"", ""explanation"": ""Cụm từ thường gặp trong ngữ cảnh công việc và bài thi TOEIC."", ""tags"": ""toeic,v4,collocation,it-technical-support"", ""audio_text"": ""The team discussed the compatible device during the meeting."", ""source"": ""YangLingo TOEIC Expansion v4""}",9a9a73ee4e9b635621f9b2b409bad99e8f7fb786
base-0418,COLLOCATION,system outage,sự cố gián đoạn hệ thống,,The team discussed the system outage during the meeting.,Nhóm đã thảo luận về sự cố gián đoạn hệ thống trong cuộc họp.,IT Technical Support,B1,"{""part_of_speech"": ""phrase"", ""subtopic"": ""TOEIC Collocation"", ""toeic_part"": ""5"", ""difficulty"": ""2"", ""collocations"": ""system outage"", ""explanation"": ""Cụm từ thường gặp trong ngữ cảnh công việc và bài thi TOEIC."", ""tags"": ""toeic,v4,collocation,it-technical-support"", ""audio_text"": ""The team discussed the system outage during the meeting."", ""source"": ""YangLingo TOEIC Expansion v4""}",b192eec5b30ceed04abb621da0a7ccac7fd15c17
base-0419,COLLOCATION,meet a milestone,đạt một mốc dự án,,Please meet a milestone before the deadline.,Vui lòng đạt một mốc dự án trước hạn chót.,Projects Meetings,B1,"{""part_of_speech"": ""phrase"", ""subtopic"": ""TOEIC Collocation"", ""toeic_part"": ""5"", ""difficulty"": ""2"", ""collocations"": ""meet a milestone"", ""explanation"": ""Cụm từ thường gặp trong ngữ cảnh công việc và bài thi TOEIC."", ""tags"": ""toeic,v4,collocation,projects-meetings"", ""audio_text"": ""Please meet a milestone before the deadline."", ""source"": ""YangLingo TOEIC Expansion v4""}",1a1e638b8d9334403d9d4ac439070c7dcde0f6e9
base-0420,COLLOCATION,project deliverable,sản phẩm phải bàn giao,,The team discussed the project deliverable during the meeting.,Nhóm đã thảo luận về sản phẩm phải bàn giao trong cuộc họp.,Projects Meetings,B1,"{""part_of_speech"": ""phrase"", ""subtopic"": ""TOEIC Collocation"", ""toeic_part"": ""5"", ""difficulty"": ""2"", ""collocations"": ""project deliverable"", ""explanation"": ""Cụm từ thường gặp trong ngữ cảnh công việc và bài thi TOEIC."", ""tags"": ""toeic,v4,collocation,projects-meetings"", ""audio_text"": ""The team discussed the project deliverable during the meeting."", ""source"": ""YangLingo TOEIC Expansion v4""}",d4c758052bbdfea8032b4f4822a7a04d72a212ae
base-0421,COLLOCATION,assign a task,giao nhiệm vụ,,Please assign a task before the deadline.,Vui lòng giao nhiệm vụ trước hạn chót.,Projects Meetings,B1,"{""part_of_speech"": ""phrase"", ""subtopic"": ""TOEIC Collocation"", ""toeic_part"": ""5"", ""difficulty"": ""2"", ""collocations"": ""assign a task"", ""explanation"": ""Cụm từ thường gặp trong ngữ cảnh công việc và bài thi TOEIC."", ""tags"": ""toeic,v4,collocation,projects-meetings"", ""audio_text"": ""Please assign a task before the deadline."", ""source"": ""YangLingo TOEIC Expansion v4""}",f3c759a43363f28977da0e2786a9b5bb5c012dc7
base-0422,COLLOCATION,provide a status update,cung cấp cập nhật tình trạng,,Please provide a status update before the deadline.,Vui lòng cung cấp cập nhật tình trạng trước hạn chót.,Projects Meetings,B1,"{""part_of_speech"": ""phrase"", ""subtopic"": ""TOEIC Collocation"", ""toeic_part"": ""5"", ""difficulty"": ""2"", ""collocations"": ""provide a status update"", ""explanation"": ""Cụm từ thường gặp trong ngữ cảnh công việc và bài thi TOEIC."", ""tags"": ""toeic,v4,collocation,projects-meetings"", ""audio_text"": ""Please provide a status update before the deadline."", ""source"": ""YangLingo TOEIC Expansion v4""}",2d88702560b8cba5814f28806d752ffb95c66e3d
base-0423,COLLOCATION,key stakeholder,bên liên quan chủ chốt,,The team discussed the key stakeholder during the meeting.,Nhóm đã thảo luận về bên liên quan chủ chốt trong cuộc họp.,Projects Meetings,B1,"{""part_of_speech"": ""phrase"", ""subtopic"": ""TOEIC Collocation"", ""toeic_part"": ""5"", ""difficulty"": ""2"", ""collocations"": ""key stakeholder"", ""explanation"": ""Cụm từ thường gặp trong ngữ cảnh công việc và bài thi TOEIC."", ""tags"": ""toeic,v4,collocation,projects-meetings"", ""audio_text"": ""The team discussed the key stakeholder during the meeting."", ""source"": ""YangLingo TOEIC Expansion v4""}",4fa1b2cdd6d66686cbd9eafda44edc3ec7725980
base-0424,COLLOCATION,define an objective,xác định mục tiêu,,Please define an objective before the deadline.,Vui lòng xác định mục tiêu trước hạn chót.,Projects Meetings,B1,"{""part_of_speech"": ""phrase"", ""subtopic"": ""TOEIC Collocation"", ""toeic_part"": ""5"", ""difficulty"": ""2"", ""collocations"": ""define an objective"", ""explanation"": ""Cụm từ thường gặp trong ngữ cảnh công việc và bài thi TOEIC."", ""tags"": ""toeic,v4,collocation,projects-meetings"", ""audio_text"": ""Please define an objective before the deadline."", ""source"": ""YangLingo TOEIC Expansion v4""}",d418746d0f11e8dabbe3308b7d31973b11e8feeb
base-0425,COLLOCATION,set priorities,đặt thứ tự ưu tiên,,Please set priorities before the deadline.,Vui lòng đặt thứ tự ưu tiên trước hạn chót.,Projects Meetings,B1,"{""part_of_speech"": ""phrase"", ""subtopic"": ""TOEIC Collocation"", ""toeic_part"": ""5"", ""difficulty"": ""2"", ""collocations"": ""set priorities"", ""explanation"": ""Cụm từ thường gặp trong ngữ cảnh công việc và bài thi TOEIC."", ""tags"": ""toeic,v4,collocation,projects-meetings"", ""audio_text"": ""Please set priorities before the deadline."", ""source"": ""YangLingo TOEIC Expansion v4""}",c37da8eebeca415d20624ba76f74c512354a8b7d
base-0426,COLLOCATION,project scope,phạm vi dự án,,The team discussed the project scope during the meeting.,Nhóm đã thảo luận về phạm vi dự án trong cuộc họp.,Projects Meetings,B1,"{""part_of_speech"": ""phrase"", ""subtopic"": ""TOEIC Collocation"", ""toeic_part"": ""5"", ""difficulty"": ""2"", ""collocations"": ""project scope"", ""explanation"": ""Cụm từ thường gặp trong ngữ cảnh công việc và bài thi TOEIC."", ""tags"": ""toeic,v4,collocation,projects-meetings"", ""audio_text"": ""The team discussed the project scope during the meeting."", ""source"": ""YangLingo TOEIC Expansion v4""}",7efc188ceaa8caa5c977425d93a5c5caea3482b7
base-0427,COLLOCATION,project timeline,tiến độ dự án,,The team discussed the project timeline during the meeting.,Nhóm đã thảo luận về tiến độ dự án trong cuộc họp.,Projects Meetings,B1,"{""part_of_speech"": ""phrase"", ""subtopic"": ""TOEIC Collocation"", ""toeic_part"": ""5"", ""difficulty"": ""2"", ""collocations"": ""project timeline"", ""explanation"": ""Cụm từ thường gặp trong ngữ cảnh công việc và bài thi TOEIC."", ""tags"": ""toeic,v4,collocation,projects-meetings"", ""audio_text"": ""The team discussed the project timeline during the meeting."", ""source"": ""YangLingo TOEIC Expansion v4""}",dbc0631c2fb29ec968403825a2d1a316851e6aed
base-0428,COLLOCATION,implementation plan,kế hoạch triển khai,,The team discussed the implementation plan during the meeting.,Nhóm đã thảo luận về kế hoạch triển khai trong cuộc họp.,Projects Meetings,B1,"{""part_of_speech"": ""phrase"", ""subtopic"": ""TOEIC Collocation"", ""toeic_part"": ""5"", ""difficulty"": ""2"", ""collocations"": ""implementation plan"", ""explanation"": ""Cụm từ thường gặp trong ngữ cảnh công việc và bài thi TOEIC."", ""tags"": ""toeic,v4,collocation,projects-meetings"", ""audio_text"": ""The team discussed the implementation plan during the meeting."", ""source"": ""YangLingo TOEIC Expansion v4""}",801a5beb3541fb0a06829ebe8c353545c8837368
base-0429,COLLOCATION,revise a draft,sửa bản nháp,,Please revise a draft before the deadline.,Vui lòng sửa bản nháp trước hạn chót.,Projects Meetings,B1,"{""part_of_speech"": ""phrase"", ""subtopic"": ""TOEIC Collocation"", ""toeic_part"": ""5"", ""difficulty"": ""2"", ""collocations"": ""revise a draft"", ""explanation"": ""Cụm từ thường gặp trong ngữ cảnh công việc và bài thi TOEIC."", ""tags"": ""toeic,v4,collocation,projects-meetings"", ""audio_text"": ""Please revise a draft before the deadline."", ""source"": ""YangLingo TOEIC Expansion v4""}",f1b3c3e988b2dd682b13542731e6e74c35a24215
base-0430,COLLOCATION,approve a proposal,phê duyệt đề xuất,,Please approve a proposal before the deadline.,Vui lòng phê duyệt đề xuất trước hạn chót.,Projects Meetings,B1,"{""part_of_speech"": ""phrase"", ""subtopic"": ""TOEIC Collocation"", ""toeic_part"": ""5"", ""difficulty"": ""2"", ""collocations"": ""approve a proposal"", ""explanation"": ""Cụm từ thường gặp trong ngữ cảnh công việc và bài thi TOEIC."", ""tags"": ""toeic,v4,collocation,projects-meetings"", ""audio_text"": ""Please approve a proposal before the deadline."", ""source"": ""YangLingo TOEIC Expansion v4""}",12680efbf84a3c6a99726f303a1de33aa0eaf43b
base-0431,COLLOCATION,give a presentation,thuyết trình,,Please give a presentation before the deadline.,Vui lòng thuyết trình trước hạn chót.,Projects Meetings,B1,"{""part_of_speech"": ""phrase"", ""subtopic"": ""TOEIC Collocation"", ""toeic_part"": ""5"", ""difficulty"": ""2"", ""collocations"": ""give a presentation"", ""explanation"": ""Cụm từ thường gặp trong ngữ cảnh công việc và bài thi TOEIC."", ""tags"": ""toeic,v4,collocation,projects-meetings"", ""audio_text"": ""Please give a presentation before the deadline."", ""source"": ""YangLingo TOEIC Expansion v4""}",6f7267b1d78bacd8d94386f50bf9922ede6a2e96
base-0432,COLLOCATION,join a conference call,tham gia cuộc họp qua điện thoại,,Please join a conference call before the deadline.,Vui lòng tham gia cuộc họp qua điện thoại trước hạn chót.,Projects Meetings,B1,"{""part_of_speech"": ""phrase"", ""subtopic"": ""TOEIC Collocation"", ""toeic_part"": ""5"", ""difficulty"": ""2"", ""collocations"": ""join a conference call"", ""explanation"": ""Cụm từ thường gặp trong ngữ cảnh công việc và bài thi TOEIC."", ""tags"": ""toeic,v4,collocation,projects-meetings"", ""audio_text"": ""Please join a conference call before the deadline."", ""source"": ""YangLingo TOEIC Expansion v4""}",7a4a5816a1c22db5426fb15ede7c353e411ba9b7
base-0433,COLLOCATION,attend a video conference,tham dự hội nghị video,,Please attend a video conference before the deadline.,Vui lòng tham dự hội nghị video trước hạn chót.,Projects Meetings,B1,"{""part_of_speech"": ""phrase"", ""subtopic"": ""TOEIC Collocation"", ""toeic_part"": ""5"", ""difficulty"": ""2"", ""collocations"": ""attend a video conference"", ""explanation"": ""Cụm từ thường gặp trong ngữ cảnh công việc và bài thi TOEIC."", ""tags"": ""toeic,v4,collocation,projects-meetings"", ""audio_text"": ""Please attend a video conference before the deadline."", ""source"": ""YangLingo TOEIC Expansion v4""}",f3ed2b37614aa41204c5b01d5c4f8bbd8019ddd5
base-0434,COLLOCATION,follow up on an issue,theo dõi một vấn đề,,Please follow up on an issue before the deadline.,Vui lòng theo dõi một vấn đề trước hạn chót.,Projects Meetings,B1,"{""part_of_speech"": ""phrase"", ""subtopic"": ""TOEIC Collocation"", ""toeic_part"": ""5"", ""difficulty"": ""2"", ""collocations"": ""follow up on an issue"", ""explanation"": ""Cụm từ thường gặp trong ngữ cảnh công việc và bài thi TOEIC."", ""tags"": ""toeic,v4,collocation,projects-meetings"", ""audio_text"": ""Please follow up on an issue before the deadline."", ""source"": ""YangLingo TOEIC Expansion v4""}",0f8feb48ee1a99036874f90338334843ada65a8f
base-0435,COLLOCATION,kickoff meeting,cuộc họp khởi động dự án,,The team discussed the kickoff meeting during the meeting.,Nhóm đã thảo luận về cuộc họp khởi động dự án trong cuộc họp.,Projects Meetings,B1,"{""part_of_speech"": ""phrase"", ""subtopic"": ""TOEIC Collocation"", ""toeic_part"": ""5"", ""difficulty"": ""2"", ""collocations"": ""kickoff meeting"", ""explanation"": ""Cụm từ thường gặp trong ngữ cảnh công việc và bài thi TOEIC."", ""tags"": ""toeic,v4,collocation,projects-meetings"", ""audio_text"": ""The team discussed the kickoff meeting during the meeting."", ""source"": ""YangLingo TOEIC Expansion v4""}",f85d4deee8e8a750405b8ce5a9916402a352ce71
base-0436,COLLOCATION,sign a contract,ký hợp đồng,,Please sign a contract before the deadline.,Vui lòng ký hợp đồng trước hạn chót.,Legal Contracts,B2,"{""part_of_speech"": ""phrase"", ""subtopic"": ""TOEIC Collocation"", ""toeic_part"": ""7"", ""difficulty"": ""3"", ""collocations"": ""sign a contract"", ""explanation"": ""Cụm từ thường gặp trong ngữ cảnh công việc và bài thi TOEIC."", ""tags"": ""toeic,v4,collocation,legal-contracts"", ""audio_text"": ""Please sign a contract before the deadline."", ""source"": ""YangLingo TOEIC Expansion v4""}",6279e42d3264c1f06ecc0ec70129b32eb410cfc1
base-0437,COLLOCATION,renew a contract,gia hạn hợp đồng,,Please renew a contract before the deadline.,Vui lòng gia hạn hợp đồng trước hạn chót.,Legal Contracts,B2,"{""part_of_speech"": ""phrase"", ""subtopic"": ""TOEIC Collocation"", ""toeic_part"": ""7"", ""difficulty"": ""3"", ""collocations"": ""renew a contract"", ""explanation"": ""Cụm từ thường gặp trong ngữ cảnh công việc và bài thi TOEIC."", ""tags"": ""toeic,v4,collocation,legal-contracts"", ""audio_text"": ""Please renew a contract before the deadline."", ""source"": ""YangLingo TOEIC Expansion v4""}",d791cfcb0bdec62167cb2636559a8ee7c9e3f8a3
base-0438,COLLOCATION,terminate a contract,chấm dứt hợp đồng,,Please terminate a contract before the deadline.,Vui lòng chấm dứt hợp đồng trước hạn chót.,Legal Contracts,B2,"{""part_of_speech"": ""phrase"", ""subtopic"": ""TOEIC Collocation"", ""toeic_part"": ""7"", ""difficulty"": ""3"", ""collocations"": ""terminate a contract"", ""explanation"": ""Cụm từ thường gặp trong ngữ cảnh công việc và bài thi TOEIC."", ""tags"": ""toeic,v4,collocation,legal-contracts"", ""audio_text"": ""Please terminate a contract before the deadline."", ""source"": ""YangLingo TOEIC Expansion v4""}",834965f45ba33068a1b4570f99b1cc1abd553209
base-0439,COLLOCATION,contract clause,điều khoản hợp đồng,,The team discussed the contract clause during the meeting.,Nhóm đã thảo luận về điều khoản hợp đồng trong cuộc họp.,Legal Contracts,B2,"{""part_of_speech"": ""phrase"", ""subtopic"": ""TOEIC Collocation"", ""toeic_part"": ""7"", ""difficulty"": ""3"", ""collocations"": ""contract clause"", ""explanation"": ""Cụm từ thường gặp trong ngữ cảnh công việc và bài thi TOEIC."", ""tags"": ""toeic,v4,collocation,legal-contracts"", ""audio_text"": ""The team discussed the contract clause during the meeting."", ""source"": ""YangLingo TOEIC Expansion v4""}",60c314491439a884468e9823296b5e6ecbb143c2
base-0440,COLLOCATION,legal obligation,nghĩa vụ pháp lý,,The team discussed the legal obligation during the meeting.,Nhóm đã thảo luận về nghĩa vụ pháp lý trong cuộc họp.,Legal Contracts,B2,"{""part_of_speech"": ""phrase"", ""subtopic"": ""TOEIC Collocation"", ""toeic_part"": ""7"", ""difficulty"": ""3"", ""collocations"": ""legal obligation"", ""explanation"": ""Cụm từ thường gặp trong ngữ cảnh công việc và bài thi TOEIC."", ""tags"": ""toeic,v4,collocation,legal-contracts"", ""audio_text"": ""The team discussed the legal obligation during the meeting."", ""source"": ""YangLingo TOEIC Expansion v4""}",7791d7415df93472358dd5f930cd4282dd00f848
base-0441,COLLOCATION,comply with regulations,tuân thủ quy định,,Please comply with regulations before the deadline.,Vui lòng tuân thủ quy định trước hạn chót.,Legal Contracts,B2,"{""part_of_speech"": ""phrase"", ""subtopic"": ""TOEIC Collocation"", ""toeic_part"": ""7"", ""difficulty"": ""3"", ""collocations"": ""comply with regulations"", ""explanation"": ""Cụm từ thường gặp trong ngữ cảnh công việc và bài thi TOEIC."", ""tags"": ""toeic,v4,collocation,legal-contracts"", ""audio_text"": ""Please comply with regulations before the deadline."", ""source"": ""YangLingo TOEIC Expansion v4""}",bfd625d0a2a4db5c2a1af1202b08da8869e742fd
base-0442,COLLOCATION,obtain a permit,xin giấy phép,,Please obtain a permit before the deadline.,Vui lòng xin giấy phép trước hạn chót.,Legal Contracts,B2,"{""part_of_speech"": ""phrase"", ""subtopic"": ""TOEIC Collocation"", ""toeic_part"": ""7"", ""difficulty"": ""3"", ""collocations"": ""obtain a permit"", ""explanation"": ""Cụm từ thường gặp trong ngữ cảnh công việc và bài thi TOEIC."", ""tags"": ""toeic,v4,collocation,legal-contracts"", ""audio_text"": ""Please obtain a permit before the deadline."", ""source"": ""YangLingo TOEIC Expansion v4""}",1fb4805ba09b1867052c071267a0776d5ada88c3
base-0443,COLLOCATION,obtain authorization,nhận sự cho phép,,Please obtain authorization before the deadline.,Vui lòng nhận sự cho phép trước hạn chót.,Legal Contracts,B2,"{""part_of_speech"": ""phrase"", ""subtopic"": ""TOEIC Collocation"", ""toeic_part"": ""7"", ""difficulty"": ""3"", ""collocations"": ""obtain authorization"", ""explanation"": ""Cụm từ thường gặp trong ngữ cảnh công việc và bài thi TOEIC."", ""tags"": ""toeic,v4,collocation,legal-contracts"", ""audio_text"": ""Please obtain authorization before the deadline."", ""source"": ""YangLingo TOEIC Expansion v4""}",50ec499ba6d56b67d0530cfb7bbf45a3f144b1d1
base-0444,COLLOCATION,confidential information,thông tin bảo mật,,The team discussed the confidential information during the meeting.,Nhóm đã thảo luận về thông tin bảo mật trong cuộc họp.,Legal Contracts,B2,"{""part_of_speech"": ""phrase"", ""subtopic"": ""TOEIC Collocation"", ""toeic_part"": ""7"", ""difficulty"": ""3"", ""collocations"": ""confidential information"", ""explanation"": ""Cụm từ thường gặp trong ngữ cảnh công việc và bài thi TOEIC."", ""tags"": ""toeic,v4,collocation,legal-contracts"", ""audio_text"": ""The team discussed the confidential information during the meeting."", ""source"": ""YangLingo TOEIC Expansion v4""}",9d23a72776edff7417c13f4dd7bdd8ca7865e490
base-0445,COLLOCATION,confidentiality agreement,thỏa thuận bảo mật,,The team discussed the confidentiality agreement during the meeting.,Nhóm đã thảo luận về thỏa thuận bảo mật trong cuộc họp.,Legal Contracts,B2,"{""part_of_speech"": ""phrase"", ""subtopic"": ""TOEIC Collocation"", ""toeic_part"": ""7"", ""difficulty"": ""3"", ""collocations"": ""confidentiality agreement"", ""explanation"": ""Cụm từ thường gặp trong ngữ cảnh công việc và bài thi TOEIC."", ""tags"": ""toeic,v4,collocation,legal-contracts"", ""audio_text"": ""The team discussed the confidentiality agreement during the meeting."", ""source"": ""YangLingo TOEIC Expansion v4""}",beda1c3f6da1aa3547323903335aa09493c8e37e
base-0446,COLLOCATION,legal liability,trách nhiệm pháp lý,,The team discussed the legal liability during the meeting.,Nhóm đã thảo luận về trách nhiệm pháp lý trong cuộc họp.,Legal Contracts,B2,"{""part_of_speech"": ""phrase"", ""subtopic"": ""TOEIC Collocation"", ""toeic_part"": ""7"", ""difficulty"": ""3"", ""collocations"": ""legal liability"", ""explanation"": ""Cụm từ thường gặp trong ngữ cảnh công việc và bài thi TOEIC."", ""tags"": ""toeic,v4,collocation,legal-contracts"", ""audio_text"": ""The team discussed the legal liability during the meeting."", ""source"": ""YangLingo TOEIC Expansion v4""}",c1ba00929634996265c2ac479fb6ce0e1cf3c1fc
base-0447,COLLOCATION,settle a dispute,giải quyết tranh chấp,,Please settle a dispute before the deadline.,Vui lòng giải quyết tranh chấp trước hạn chót.,Legal Contracts,B2,"{""part_of_speech"": ""phrase"", ""subtopic"": ""TOEIC Collocation"", ""toeic_part"": ""7"", ""difficulty"": ""3"", ""collocations"": ""settle a dispute"", ""explanation"": ""Cụm từ thường gặp trong ngữ cảnh công việc và bài thi TOEIC."", ""tags"": ""toeic,v4,collocation,legal-contracts"", ""audio_text"": ""Please settle a dispute before the deadline."", ""source"": ""YangLingo TOEIC Expansion v4""}",8703f1a6a17e9444a830f9ed5ecab18ebf24a0cf
base-0448,COLLOCATION,request a refund,yêu cầu hoàn tiền,,Please request a refund before the deadline.,Vui lòng yêu cầu hoàn tiền trước hạn chót.,Retail Customer Service,B1,"{""part_of_speech"": ""phrase"", ""subtopic"": ""TOEIC Collocation"", ""toeic_part"": ""7"", ""difficulty"": ""2"", ""collocations"": ""request a refund"", ""explanation"": ""Cụm từ thường gặp trong ngữ cảnh công việc và bài thi TOEIC."", ""tags"": ""toeic,v4,collocation,retail-customer-service"", ""audio_text"": ""Please request a refund before the deadline."", ""source"": ""YangLingo TOEIC Expansion v4""}",ff0ce3b98de18c38fcee52b51b3feb74f39563a8
base-0449,COLLOCATION,exchange an item,đổi sản phẩm,,Please exchange an item before the deadline.,Vui lòng đổi sản phẩm trước hạn chót.,Retail Customer Service,B1,"{""part_of_speech"": ""phrase"", ""subtopic"": ""TOEIC Collocation"", ""toeic_part"": ""7"", ""difficulty"": ""2"", ""collocations"": ""exchange an item"", ""explanation"": ""Cụm từ thường gặp trong ngữ cảnh công việc và bài thi TOEIC."", ""tags"": ""toeic,v4,collocation,retail-customer-service"", ""audio_text"": ""Please exchange an item before the deadline."", ""source"": ""YangLingo TOEIC Expansion v4""}",feafed15e9b0c539a370e77ac934344f77f5d98d
base-0450,COLLOCATION,show a receipt,xuất trình biên lai,,Please show a receipt before the deadline.,Vui lòng xuất trình biên lai trước hạn chót.,Retail Customer Service,B1,"{""part_of_speech"": ""phrase"", ""subtopic"": ""TOEIC Collocation"", ""toeic_part"": ""7"", ""difficulty"": ""2"", ""collocations"": ""show a receipt"", ""explanation"": ""Cụm từ thường gặp trong ngữ cảnh công việc và bài thi TOEIC."", ""tags"": ""toeic,v4,collocation,retail-customer-service"", ""audio_text"": ""Please show a receipt before the deadline."", ""source"": ""YangLingo TOEIC Expansion v4""}",6ffc9ce0913d12566485ff3988215e33f0ee6861
base-0451,COLLOCATION,process a payment,xử lý thanh toán,,Please process a payment before the deadline.,Vui lòng xử lý thanh toán trước hạn chót.,Retail Customer Service,B1,"{""part_of_speech"": ""phrase"", ""subtopic"": ""TOEIC Collocation"", ""toeic_part"": ""7"", ""difficulty"": ""2"", ""collocations"": ""process a payment"", ""explanation"": ""Cụm từ thường gặp trong ngữ cảnh công việc và bài thi TOEIC."", ""tags"": ""toeic,v4,collocation,retail-customer-service"", ""audio_text"": ""Please process a payment before the deadline."", ""source"": ""YangLingo TOEIC Expansion v4""}",e51d6ca52f993cd4d2015bd503df8262157616f7
base-0452,COLLOCATION,credit card payment,thanh toán bằng thẻ tín dụng,,The team discussed the credit card payment during the meeting.,Nhóm đã thảo luận về thanh toán bằng thẻ tín dụng trong cuộc họp.,Retail Customer Service,B1,"{""part_of_speech"": ""phrase"", ""subtopic"": ""TOEIC Collocation"", ""toeic_part"": ""7"", ""difficulty"": ""2"", ""collocations"": ""credit card payment"", ""explanation"": ""Cụm từ thường gặp trong ngữ cảnh công việc và bài thi TOEIC."", ""tags"": ""toeic,v4,collocation,retail-customer-service"", ""audio_text"": ""The team discussed the credit card payment during the meeting."", ""source"": ""YangLingo TOEIC Expansion v4""}",a4436fa6bc7da97076949ef0148cc93b99b34e21
base-0453,COLLOCATION,cash register,máy tính tiền,,The team discussed the cash register during the meeting.,Nhóm đã thảo luận về máy tính tiền trong cuộc họp.,Retail Customer Service,B1,"{""part_of_speech"": ""phrase"", ""subtopic"": ""TOEIC Collocation"", ""toeic_part"": ""7"", ""difficulty"": ""2"", ""collocations"": ""cash register"", ""explanation"": ""Cụm từ thường gặp trong ngữ cảnh công việc và bài thi TOEIC."", ""tags"": ""toeic,v4,collocation,retail-customer-service"", ""audio_text"": ""The team discussed the cash register during the meeting."", ""source"": ""YangLingo TOEIC Expansion v4""}",da1ac9a7032c0f3fa467747bcd953525ccddd151
base-0454,COLLOCATION,attend a seminar,tham dự hội thảo,,Please attend a seminar before the deadline.,Vui lòng tham dự hội thảo trước hạn chót.,Events Conferences,B1,"{""part_of_speech"": ""phrase"", ""subtopic"": ""TOEIC Collocation"", ""toeic_part"": ""7"", ""difficulty"": ""2"", ""collocations"": ""attend a seminar"", ""explanation"": ""Cụm từ thường gặp trong ngữ cảnh công việc và bài thi TOEIC."", ""tags"": ""toeic,v4,collocation,events-conferences"", ""audio_text"": ""Please attend a seminar before the deadline."", ""source"": ""YangLingo TOEIC Expansion v4""}",b8f60af031be29a6c404e237781c86385d45f7df
base-0455,COLLOCATION,host a workshop,tổ chức workshop,,Please host a workshop before the deadline.,Vui lòng tổ chức workshop trước hạn chót.,Events Conferences,B1,"{""part_of_speech"": ""phrase"", ""subtopic"": ""TOEIC Collocation"", ""toeic_part"": ""7"", ""difficulty"": ""2"", ""collocations"": ""host a workshop"", ""explanation"": ""Cụm từ thường gặp trong ngữ cảnh công việc và bài thi TOEIC."", ""tags"": ""toeic,v4,collocation,events-conferences"", ""audio_text"": ""Please host a workshop before the deadline."", ""source"": ""YangLingo TOEIC Expansion v4""}",450674cf792a158657478d628f09fb77f426b4ed
base-0456,COLLOCATION,annual convention,hội nghị thường niên,,The team discussed the annual convention during the meeting.,Nhóm đã thảo luận về hội nghị thường niên trong cuộc họp.,Events Conferences,B1,"{""part_of_speech"": ""phrase"", ""subtopic"": ""TOEIC Collocation"", ""toeic_part"": ""7"", ""difficulty"": ""2"", ""collocations"": ""annual convention"", ""explanation"": ""Cụm từ thường gặp trong ngữ cảnh công việc và bài thi TOEIC."", ""tags"": ""toeic,v4,collocation,events-conferences"", ""audio_text"": ""The team discussed the annual convention during the meeting."", ""source"": ""YangLingo TOEIC Expansion v4""}",71cc06eb320fd7e364ce2a51f95528467a33eec5
base-0457,COLLOCATION,exhibition hall,sảnh triển lãm,,The team discussed the exhibition hall during the meeting.,Nhóm đã thảo luận về sảnh triển lãm trong cuộc họp.,Events Conferences,B1,"{""part_of_speech"": ""phrase"", ""subtopic"": ""TOEIC Collocation"", ""toeic_part"": ""7"", ""difficulty"": ""2"", ""collocations"": ""exhibition hall"", ""explanation"": ""Cụm từ thường gặp trong ngữ cảnh công việc và bài thi TOEIC."", ""tags"": ""toeic,v4,collocation,events-conferences"", ""audio_text"": ""The team discussed the exhibition hall during the meeting."", ""source"": ""YangLingo TOEIC Expansion v4""}",2ab4dbad7c2af7a1fd48aa4cf5bb2e3d440cb04e
base-0458,COLLOCATION,register for an event,đăng ký sự kiện,,Please register for an event before the deadline.,Vui lòng đăng ký sự kiện trước hạn chót.,Events Conferences,B1,"{""part_of_speech"": ""phrase"", ""subtopic"": ""TOEIC Collocation"", ""toeic_part"": ""7"", ""difficulty"": ""2"", ""collocations"": ""register for an event"", ""explanation"": ""Cụm từ thường gặp trong ngữ cảnh công việc và bài thi TOEIC."", ""tags"": ""toeic,v4,collocation,events-conferences"", ""audio_text"": ""Please register for an event before the deadline."", ""source"": ""YangLingo TOEIC Expansion v4""}",4b391a103c20668b7d03d1490edcae1827713758
base-0459,COLLOCATION,keynote speaker,diễn giả chính,,The team discussed the keynote speaker during the meeting.,Nhóm đã thảo luận về diễn giả chính trong cuộc họp.,Events Conferences,B1,"{""part_of_speech"": ""phrase"", ""subtopic"": ""TOEIC Collocation"", ""toeic_part"": ""7"", ""difficulty"": ""2"", ""collocations"": ""keynote speaker"", ""explanation"": ""Cụm từ thường gặp trong ngữ cảnh công việc và bài thi TOEIC."", ""tags"": ""toeic,v4,collocation,events-conferences"", ""audio_text"": ""The team discussed the keynote speaker during the meeting."", ""source"": ""YangLingo TOEIC Expansion v4""}",67d0148134d8d7fbf6046084f83c19c0acef5004
base-0460,COLLOCATION,exhibition booth,gian hàng triển lãm,,The team discussed the exhibition booth during the meeting.,Nhóm đã thảo luận về gian hàng triển lãm trong cuộc họp.,Events Conferences,B1,"{""part_of_speech"": ""phrase"", ""subtopic"": ""TOEIC Collocation"", ""toeic_part"": ""7"", ""difficulty"": ""2"", ""collocations"": ""exhibition booth"", ""explanation"": ""Cụm từ thường gặp trong ngữ cảnh công việc và bài thi TOEIC."", ""tags"": ""toeic,v4,collocation,events-conferences"", ""audio_text"": ""The team discussed the exhibition booth during the meeting."", ""source"": ""YangLingo TOEIC Expansion v4""}",22219a4b264eacf554aec4901614ecf9327ab991
base-0461,COLLOCATION,admission fee,phí vào cửa,,The team discussed the admission fee during the meeting.,Nhóm đã thảo luận về phí vào cửa trong cuộc họp.,Events Conferences,B1,"{""part_of_speech"": ""phrase"", ""subtopic"": ""TOEIC Collocation"", ""toeic_part"": ""7"", ""difficulty"": ""2"", ""collocations"": ""admission fee"", ""explanation"": ""Cụm từ thường gặp trong ngữ cảnh công việc và bài thi TOEIC."", ""tags"": ""toeic,v4,collocation,events-conferences"", ""audio_text"": ""The team discussed the admission fee during the meeting."", ""source"": ""YangLingo TOEIC Expansion v4""}",204d0acaa846f7e06efdebce47b20193df493785
base-0462,COLLOCATION,catering service,dịch vụ ăn uống sự kiện,,The team discussed the catering service during the meeting.,Nhóm đã thảo luận về dịch vụ ăn uống sự kiện trong cuộc họp.,Events Conferences,B1,"{""part_of_speech"": ""phrase"", ""subtopic"": ""TOEIC Collocation"", ""toeic_part"": ""7"", ""difficulty"": ""2"", ""collocations"": ""catering service"", ""explanation"": ""Cụm từ thường gặp trong ngữ cảnh công việc và bài thi TOEIC."", ""tags"": ""toeic,v4,collocation,events-conferences"", ""audio_text"": ""The team discussed the catering service during the meeting."", ""source"": ""YangLingo TOEIC Expansion v4""}",f4704ad6ce443bd1357e46c12a0897d1bc3e4c33
base-0463,COLLOCATION,corporate sponsor,nhà tài trợ doanh nghiệp,,The team discussed the corporate sponsor during the meeting.,Nhóm đã thảo luận về nhà tài trợ doanh nghiệp trong cuộc họp.,Events Conferences,B1,"{""part_of_speech"": ""phrase"", ""subtopic"": ""TOEIC Collocation"", ""toeic_part"": ""7"", ""difficulty"": ""2"", ""collocations"": ""corporate sponsor"", ""explanation"": ""Cụm từ thường gặp trong ngữ cảnh công việc và bài thi TOEIC."", ""tags"": ""toeic,v4,collocation,events-conferences"", ""audio_text"": ""The team discussed the corporate sponsor during the meeting."", ""source"": ""YangLingo TOEIC Expansion v4""}",1b0b5abe069c12dd709cf4aedd7ce1ccdc83b319
base-0464,COLLOCATION,opening ceremony,lễ khai mạc,,The team discussed the opening ceremony during the meeting.,Nhóm đã thảo luận về lễ khai mạc trong cuộc họp.,Events Conferences,B1,"{""part_of_speech"": ""phrase"", ""subtopic"": ""TOEIC Collocation"", ""toeic_part"": ""7"", ""difficulty"": ""2"", ""collocations"": ""opening ceremony"", ""explanation"": ""Cụm từ thường gặp trong ngữ cảnh công việc và bài thi TOEIC."", ""tags"": ""toeic,v4,collocation,events-conferences"", ""audio_text"": ""The team discussed the opening ceremony during the meeting."", ""source"": ""YangLingo TOEIC Expansion v4""}",17bfd23a389559f3691bde53a7ac2c36f0aee77d
base-0465,LISTENING_RECOGNITION,Could you send me the revised report?,Bạn có thể gửi cho tôi báo cáo đã sửa được không?,,Could you send me the revised report?,Bạn có thể gửi cho tôi báo cáo đã sửa được không?,Workplace Communication,B1,"{""part_of_speech"": ""sentence"", ""subtopic"": ""TOEIC Functional Phrase"", ""toeic_part"": ""2"", ""difficulty"": ""1"", ""explanation"": ""Câu chức năng nên luyện nghe nhận diện, nối âm và shadowing."", ""tags"": ""toeic,v4,functional-phrase,workplace-communication"", ""audio_text"": ""Could you send me the revised report?"", ""source"": ""YangLingo TOEIC Expansion v4""}",2fdc724585720c0359a5d548f7305187fbf81d18
base-0466,LISTENING_RECOGNITION,Have you received the revised report yet?,Bạn đã nhận được báo cáo đã sửa chưa?,,Have you received the revised report yet?,Bạn đã nhận được báo cáo đã sửa chưa?,Workplace Communication,B1,"{""part_of_speech"": ""sentence"", ""subtopic"": ""TOEIC Functional Phrase"", ""toeic_part"": ""2"", ""difficulty"": ""1"", ""explanation"": ""Câu chức năng nên luyện nghe nhận diện, nối âm và shadowing."", ""tags"": ""toeic,v4,functional-phrase,workplace-communication"", ""audio_text"": ""Have you received the revised report yet?"", ""source"": ""YangLingo TOEIC Expansion v4""}",bdd35da4bcdc1ef0a953c7a7836a043f03aa8345
base-0467,LISTENING_RECOGNITION,When do you need the revised report?,Khi nào bạn cần báo cáo đã sửa?,,When do you need the revised report?,Khi nào bạn cần báo cáo đã sửa?,Workplace Communication,B1,"{""part_of_speech"": ""sentence"", ""subtopic"": ""TOEIC Functional Phrase"", ""toeic_part"": ""2"", ""difficulty"": ""2"", ""explanation"": ""Câu chức năng nên luyện nghe nhận diện, nối âm và shadowing."", ""tags"": ""toeic,v4,functional-phrase,workplace-communication"", ""audio_text"": ""When do you need the revised report?"", ""source"": ""YangLingo TOEIC Expansion v4""}",0e32781d4def4e8840449e48d7b726df6b89d67d
base-0468,LISTENING_RECOGNITION,Could you send me the updated schedule?,Bạn có thể gửi cho tôi lịch đã cập nhật được không?,,Could you send me the updated schedule?,Bạn có thể gửi cho tôi lịch đã cập nhật được không?,Workplace Communication,B1,"{""part_of_speech"": ""sentence"", ""subtopic"": ""TOEIC Functional Phrase"", ""toeic_part"": ""2"", ""difficulty"": ""1"", ""explanation"": ""Câu chức năng nên luyện nghe nhận diện, nối âm và shadowing."", ""tags"": ""toeic,v4,functional-phrase,workplace-communication"", ""audio_text"": ""Could you send me the updated schedule?"", ""source"": ""YangLingo TOEIC Expansion v4""}",3fc3a7ad102d61870a76002df34b7cff4cf09eec
base-0469,LISTENING_RECOGNITION,Have you received the updated schedule yet?,Bạn đã nhận được lịch đã cập nhật chưa?,,Have you received the updated schedule yet?,Bạn đã nhận được lịch đã cập nhật chưa?,Workplace Communication,B1,"{""part_of_speech"": ""sentence"", ""subtopic"": ""TOEIC Functional Phrase"", ""toeic_part"": ""2"", ""difficulty"": ""1"", ""explanation"": ""Câu chức năng nên luyện nghe nhận diện, nối âm và shadowing."", ""tags"": ""toeic,v4,functional-phrase,workplace-communication"", ""audio_text"": ""Have you received the updated schedule yet?"", ""source"": ""YangLingo TOEIC Expansion v4""}",c26376fa95c400e49d6f8a0330b8d4b051698a1a
base-0470,LISTENING_RECOGNITION,When do you need the updated schedule?,Khi nào bạn cần lịch đã cập nhật?,,When do you need the updated schedule?,Khi nào bạn cần lịch đã cập nhật?,Workplace Communication,B1,"{""part_of_speech"": ""sentence"", ""subtopic"": ""TOEIC Functional Phrase"", ""toeic_part"": ""2"", ""difficulty"": ""2"", ""explanation"": ""Câu chức năng nên luyện nghe nhận diện, nối âm và shadowing."", ""tags"": ""toeic,v4,functional-phrase,workplace-communication"", ""audio_text"": ""When do you need the updated schedule?"", ""source"": ""YangLingo TOEIC Expansion v4""}",a1af2b2700e09333632b74ceaa10f47f4db8011b
base-0471,LISTENING_RECOGNITION,Could you send me the invoice?,Bạn có thể gửi cho tôi hóa đơn được không?,,Could you send me the invoice?,Bạn có thể gửi cho tôi hóa đơn được không?,Workplace Communication,B1,"{""part_of_speech"": ""sentence"", ""subtopic"": ""TOEIC Functional Phrase"", ""toeic_part"": ""2"", ""difficulty"": ""1"", ""explanation"": ""Câu chức năng nên luyện nghe nhận diện, nối âm và shadowing."", ""tags"": ""toeic,v4,functional-phrase,workplace-communication"", ""audio_text"": ""Could you send me the invoice?"", ""source"": ""YangLingo TOEIC Expansion v4""}",a0ddac5bc04481c6933ec97022d21917cc76470b
base-0472,LISTENING_RECOGNITION,Have you received the invoice yet?,Bạn đã nhận được hóa đơn chưa?,,Have you received the invoice yet?,Bạn đã nhận được hóa đơn chưa?,Workplace Communication,B1,"{""part_of_speech"": ""sentence"", ""subtopic"": ""TOEIC Functional Phrase"", ""toeic_part"": ""2"", ""difficulty"": ""1"", ""explanation"": ""Câu chức năng nên luyện nghe nhận diện, nối âm và shadowing."", ""tags"": ""toeic,v4,functional-phrase,workplace-communication"", ""audio_text"": ""Have you received the invoice yet?"", ""source"": ""YangLingo TOEIC Expansion v4""}",bd35fe237971644e727f65cc164d0eec51360312
base-0473,LISTENING_RECOGNITION,When do you need the invoice?,Khi nào bạn cần hóa đơn?,,When do you need the invoice?,Khi nào bạn cần hóa đơn?,Workplace Communication,B1,"{""part_of_speech"": ""sentence"", ""subtopic"": ""TOEIC Functional Phrase"", ""toeic_part"": ""2"", ""difficulty"": ""2"", ""explanation"": ""Câu chức năng nên luyện nghe nhận diện, nối âm và shadowing."", ""tags"": ""toeic,v4,functional-phrase,workplace-communication"", ""audio_text"": ""When do you need the invoice?"", ""source"": ""YangLingo TOEIC Expansion v4""}",c68432e6f1a893ab0abb407056b6dfb5b8a8b015
base-0474,LISTENING_RECOGNITION,Could you send me the meeting agenda?,Bạn có thể gửi cho tôi chương trình họp được không?,,Could you send me the meeting agenda?,Bạn có thể gửi cho tôi chương trình họp được không?,Workplace Communication,B1,"{""part_of_speech"": ""sentence"", ""subtopic"": ""TOEIC Functional Phrase"", ""toeic_part"": ""2"", ""difficulty"": ""1"", ""explanation"": ""Câu chức năng nên luyện nghe nhận diện, nối âm và shadowing."", ""tags"": ""toeic,v4,functional-phrase,workplace-communication"", ""audio_text"": ""Could you send me the meeting agenda?"", ""source"": ""YangLingo TOEIC Expansion v4""}",34f433a1d9f68e0660bfc8cfcbeb289f869a652a
base-0475,LISTENING_RECOGNITION,Have you received the meeting agenda yet?,Bạn đã nhận được chương trình họp chưa?,,Have you received the meeting agenda yet?,Bạn đã nhận được chương trình họp chưa?,Workplace Communication,B1,"{""part_of_speech"": ""sentence"", ""subtopic"": ""TOEIC Functional Phrase"", ""toeic_part"": ""2"", ""difficulty"": ""1"", ""explanation"": ""Câu chức năng nên luyện nghe nhận diện, nối âm và shadowing."", ""tags"": ""toeic,v4,functional-phrase,workplace-communication"", ""audio_text"": ""Have you received the meeting agenda yet?"", ""source"": ""YangLingo TOEIC Expansion v4""}",6e558ddd727254994b877085520ead0a67e4c2cb
base-0476,LISTENING_RECOGNITION,When do you need the meeting agenda?,Khi nào bạn cần chương trình họp?,,When do you need the meeting agenda?,Khi nào bạn cần chương trình họp?,Workplace Communication,B1,"{""part_of_speech"": ""sentence"", ""subtopic"": ""TOEIC Functional Phrase"", ""toeic_part"": ""2"", ""difficulty"": ""2"", ""explanation"": ""Câu chức năng nên luyện nghe nhận diện, nối âm và shadowing."", ""tags"": ""toeic,v4,functional-phrase,workplace-communication"", ""audio_text"": ""When do you need the meeting agenda?"", ""source"": ""YangLingo TOEIC Expansion v4""}",0f9c844ef4a4d1c868287a3ca47fe2ab86029bd3
base-0477,LISTENING_RECOGNITION,Could you send me the price quote?,Bạn có thể gửi cho tôi báo giá được không?,,Could you send me the price quote?,Bạn có thể gửi cho tôi báo giá được không?,Workplace Communication,B1,"{""part_of_speech"": ""sentence"", ""subtopic"": ""TOEIC Functional Phrase"", ""toeic_part"": ""2"", ""difficulty"": ""1"", ""explanation"": ""Câu chức năng nên luyện nghe nhận diện, nối âm và shadowing."", ""tags"": ""toeic,v4,functional-phrase,workplace-communication"", ""audio_text"": ""Could you send me the price quote?"", ""source"": ""YangLingo TOEIC Expansion v4""}",d50c97ad70ffd1bb8a7da1604799e874dc302b28
base-0478,LISTENING_RECOGNITION,Have you received the price quote yet?,Bạn đã nhận được báo giá chưa?,,Have you received the price quote yet?,Bạn đã nhận được báo giá chưa?,Workplace Communication,B1,"{""part_of_speech"": ""sentence"", ""subtopic"": ""TOEIC Functional Phrase"", ""toeic_part"": ""2"", ""difficulty"": ""1"", ""explanation"": ""Câu chức năng nên luyện nghe nhận diện, nối âm và shadowing."", ""tags"": ""toeic,v4,functional-phrase,workplace-communication"", ""audio_text"": ""Have you received the price quote yet?"", ""source"": ""YangLingo TOEIC Expansion v4""}",12dcb92ca5cf07c06262e73fa196d5b826f0d39e
base-0479,LISTENING_RECOGNITION,When do you need the price quote?,Khi nào bạn cần báo giá?,,When do you need the price quote?,Khi nào bạn cần báo giá?,Workplace Communication,B1,"{""part_of_speech"": ""sentence"", ""subtopic"": ""TOEIC Functional Phrase"", ""toeic_part"": ""2"", ""difficulty"": ""2"", ""explanation"": ""Câu chức năng nên luyện nghe nhận diện, nối âm và shadowing."", ""tags"": ""toeic,v4,functional-phrase,workplace-communication"", ""audio_text"": ""When do you need the price quote?"", ""source"": ""YangLingo TOEIC Expansion v4""}",5049026454534b4446e2a25c853e0b578ee64ce0
base-0480,LISTENING_RECOGNITION,Could you send me the confirmation email?,Bạn có thể gửi cho tôi email xác nhận được không?,,Could you send me the confirmation email?,Bạn có thể gửi cho tôi email xác nhận được không?,Workplace Communication,B1,"{""part_of_speech"": ""sentence"", ""subtopic"": ""TOEIC Functional Phrase"", ""toeic_part"": ""2"", ""difficulty"": ""1"", ""explanation"": ""Câu chức năng nên luyện nghe nhận diện, nối âm và shadowing."", ""tags"": ""toeic,v4,functional-phrase,workplace-communication"", ""audio_text"": ""Could you send me the confirmation email?"", ""source"": ""YangLingo TOEIC Expansion v4""}",e23aa61b8c74a21a46b83ede5e3df5a9f7f95c32
base-0481,LISTENING_RECOGNITION,Have you received the confirmation email yet?,Bạn đã nhận được email xác nhận chưa?,,Have you received the confirmation email yet?,Bạn đã nhận được email xác nhận chưa?,Workplace Communication,B1,"{""part_of_speech"": ""sentence"", ""subtopic"": ""TOEIC Functional Phrase"", ""toeic_part"": ""2"", ""difficulty"": ""1"", ""explanation"": ""Câu chức năng nên luyện nghe nhận diện, nối âm và shadowing."", ""tags"": ""toeic,v4,functional-phrase,workplace-communication"", ""audio_text"": ""Have you received the confirmation email yet?"", ""source"": ""YangLingo TOEIC Expansion v4""}",f72cb360fef31e2a4ad3be32c6fc3174a0a18121
base-0482,LISTENING_RECOGNITION,When do you need the confirmation email?,Khi nào bạn cần email xác nhận?,,When do you need the confirmation email?,Khi nào bạn cần email xác nhận?,Workplace Communication,B1,"{""part_of_speech"": ""sentence"", ""subtopic"": ""TOEIC Functional Phrase"", ""toeic_part"": ""2"", ""difficulty"": ""2"", ""explanation"": ""Câu chức năng nên luyện nghe nhận diện, nối âm và shadowing."", ""tags"": ""toeic,v4,functional-phrase,workplace-communication"", ""audio_text"": ""When do you need the confirmation email?"", ""source"": ""YangLingo TOEIC Expansion v4""}",46007d169b0d2f714aa06f7dcc20586adefce2e7
base-0483,LISTENING_RECOGNITION,Could you send me the application form?,Bạn có thể gửi cho tôi đơn ứng tuyển được không?,,Could you send me the application form?,Bạn có thể gửi cho tôi đơn ứng tuyển được không?,Workplace Communication,B1,"{""part_of_speech"": ""sentence"", ""subtopic"": ""TOEIC Functional Phrase"", ""toeic_part"": ""2"", ""difficulty"": ""1"", ""explanation"": ""Câu chức năng nên luyện nghe nhận diện, nối âm và shadowing."", ""tags"": ""toeic,v4,functional-phrase,workplace-communication"", ""audio_text"": ""Could you send me the application form?"", ""source"": ""YangLingo TOEIC Expansion v4""}",dc4e7085c069383e23319dbfc550b4f655fb5df7
base-0484,LISTENING_RECOGNITION,Have you received the application form yet?,Bạn đã nhận được đơn ứng tuyển chưa?,,Have you received the application form yet?,Bạn đã nhận được đơn ứng tuyển chưa?,Workplace Communication,B1,"{""part_of_speech"": ""sentence"", ""subtopic"": ""TOEIC Functional Phrase"", ""toeic_part"": ""2"", ""difficulty"": ""1"", ""explanation"": ""Câu chức năng nên luyện nghe nhận diện, nối âm và shadowing."", ""tags"": ""toeic,v4,functional-phrase,workplace-communication"", ""audio_text"": ""Have you received the application form yet?"", ""source"": ""YangLingo TOEIC Expansion v4""}",c9f268466480e664441207487642dc8a55e1c5ed
base-0485,LISTENING_RECOGNITION,When do you need the application form?,Khi nào bạn cần đơn ứng tuyển?,,When do you need the application form?,Khi nào bạn cần đơn ứng tuyển?,Workplace Communication,B1,"{""part_of_speech"": ""sentence"", ""subtopic"": ""TOEIC Functional Phrase"", ""toeic_part"": ""2"", ""difficulty"": ""2"", ""explanation"": ""Câu chức năng nên luyện nghe nhận diện, nối âm và shadowing."", ""tags"": ""toeic,v4,functional-phrase,workplace-communication"", ""audio_text"": ""When do you need the application form?"", ""source"": ""YangLingo TOEIC Expansion v4""}",bf69d65d12e65cb6cc9d74bf4d4a53e7561bb795
base-0486,LISTENING_RECOGNITION,Could you send me the expense report?,Bạn có thể gửi cho tôi báo cáo chi phí được không?,,Could you send me the expense report?,Bạn có thể gửi cho tôi báo cáo chi phí được không?,Workplace Communication,B1,"{""part_of_speech"": ""sentence"", ""subtopic"": ""TOEIC Functional Phrase"", ""toeic_part"": ""2"", ""difficulty"": ""1"", ""explanation"": ""Câu chức năng nên luyện nghe nhận diện, nối âm và shadowing."", ""tags"": ""toeic,v4,functional-phrase,workplace-communication"", ""audio_text"": ""Could you send me the expense report?"", ""source"": ""YangLingo TOEIC Expansion v4""}",b559e0cc923f81a49e3bc7409e241843f9dffd16
base-0487,LISTENING_RECOGNITION,Have you received the expense report yet?,Bạn đã nhận được báo cáo chi phí chưa?,,Have you received the expense report yet?,Bạn đã nhận được báo cáo chi phí chưa?,Workplace Communication,B1,"{""part_of_speech"": ""sentence"", ""subtopic"": ""TOEIC Functional Phrase"", ""toeic_part"": ""2"", ""difficulty"": ""1"", ""explanation"": ""Câu chức năng nên luyện nghe nhận diện, nối âm và shadowing."", ""tags"": ""toeic,v4,functional-phrase,workplace-communication"", ""audio_text"": ""Have you received the expense report yet?"", ""source"": ""YangLingo TOEIC Expansion v4""}",471a1d1e970c5ecaacc2e0ca2adb03f19cda0929
base-0488,LISTENING_RECOGNITION,When do you need the expense report?,Khi nào bạn cần báo cáo chi phí?,,When do you need the expense report?,Khi nào bạn cần báo cáo chi phí?,Workplace Communication,B1,"{""part_of_speech"": ""sentence"", ""subtopic"": ""TOEIC Functional Phrase"", ""toeic_part"": ""2"", ""difficulty"": ""2"", ""explanation"": ""Câu chức năng nên luyện nghe nhận diện, nối âm và shadowing."", ""tags"": ""toeic,v4,functional-phrase,workplace-communication"", ""audio_text"": ""When do you need the expense report?"", ""source"": ""YangLingo TOEIC Expansion v4""}",cbdd8485fca7cdcb0728b6e580edbb812a17da94
base-0489,LISTENING_RECOGNITION,Could you send me the purchase order?,Bạn có thể gửi cho tôi đơn đặt hàng được không?,,Could you send me the purchase order?,Bạn có thể gửi cho tôi đơn đặt hàng được không?,Workplace Communication,B1,"{""part_of_speech"": ""sentence"", ""subtopic"": ""TOEIC Functional Phrase"", ""toeic_part"": ""2"", ""difficulty"": ""1"", ""explanation"": ""Câu chức năng nên luyện nghe nhận diện, nối âm và shadowing."", ""tags"": ""toeic,v4,functional-phrase,workplace-communication"", ""audio_text"": ""Could you send me the purchase order?"", ""source"": ""YangLingo TOEIC Expansion v4""}",99f84bd7eb089cf300dedbad1b8a3d8259cbdae5
base-0490,LISTENING_RECOGNITION,Have you received the purchase order yet?,Bạn đã nhận được đơn đặt hàng chưa?,,Have you received the purchase order yet?,Bạn đã nhận được đơn đặt hàng chưa?,Workplace Communication,B1,"{""part_of_speech"": ""sentence"", ""subtopic"": ""TOEIC Functional Phrase"", ""toeic_part"": ""2"", ""difficulty"": ""1"", ""explanation"": ""Câu chức năng nên luyện nghe nhận diện, nối âm và shadowing."", ""tags"": ""toeic,v4,functional-phrase,workplace-communication"", ""audio_text"": ""Have you received the purchase order yet?"", ""source"": ""YangLingo TOEIC Expansion v4""}",2737a93c373eed899ccff383c51d717e8a0cd0dc
base-0491,LISTENING_RECOGNITION,When do you need the purchase order?,Khi nào bạn cần đơn đặt hàng?,,When do you need the purchase order?,Khi nào bạn cần đơn đặt hàng?,Workplace Communication,B1,"{""part_of_speech"": ""sentence"", ""subtopic"": ""TOEIC Functional Phrase"", ""toeic_part"": ""2"", ""difficulty"": ""2"", ""explanation"": ""Câu chức năng nên luyện nghe nhận diện, nối âm và shadowing."", ""tags"": ""toeic,v4,functional-phrase,workplace-communication"", ""audio_text"": ""When do you need the purchase order?"", ""source"": ""YangLingo TOEIC Expansion v4""}",3bccf865b365c80082a36940b947ee51924f466f
base-0492,LISTENING_RECOGNITION,Could you send me the delivery schedule?,Bạn có thể gửi cho tôi lịch giao hàng được không?,,Could you send me the delivery schedule?,Bạn có thể gửi cho tôi lịch giao hàng được không?,Workplace Communication,B1,"{""part_of_speech"": ""sentence"", ""subtopic"": ""TOEIC Functional Phrase"", ""toeic_part"": ""2"", ""difficulty"": ""1"", ""explanation"": ""Câu chức năng nên luyện nghe nhận diện, nối âm và shadowing."", ""tags"": ""toeic,v4,functional-phrase,workplace-communication"", ""audio_text"": ""Could you send me the delivery schedule?"", ""source"": ""YangLingo TOEIC Expansion v4""}",32a724fd3188b92f04f0deaf65513f3c1bdfa583
base-0493,LISTENING_RECOGNITION,Have you received the delivery schedule yet?,Bạn đã nhận được lịch giao hàng chưa?,,Have you received the delivery schedule yet?,Bạn đã nhận được lịch giao hàng chưa?,Workplace Communication,B1,"{""part_of_speech"": ""sentence"", ""subtopic"": ""TOEIC Functional Phrase"", ""toeic_part"": ""2"", ""difficulty"": ""1"", ""explanation"": ""Câu chức năng nên luyện nghe nhận diện, nối âm và shadowing."", ""tags"": ""toeic,v4,functional-phrase,workplace-communication"", ""audio_text"": ""Have you received the delivery schedule yet?"", ""source"": ""YangLingo TOEIC Expansion v4""}",b50d3341cde01a3b79ea3d34dac437e2f26f8eb3
base-0494,LISTENING_RECOGNITION,When do you need the delivery schedule?,Khi nào bạn cần lịch giao hàng?,,When do you need the delivery schedule?,Khi nào bạn cần lịch giao hàng?,Workplace Communication,B1,"{""part_of_speech"": ""sentence"", ""subtopic"": ""TOEIC Functional Phrase"", ""toeic_part"": ""2"", ""difficulty"": ""2"", ""explanation"": ""Câu chức năng nên luyện nghe nhận diện, nối âm và shadowing."", ""tags"": ""toeic,v4,functional-phrase,workplace-communication"", ""audio_text"": ""When do you need the delivery schedule?"", ""source"": ""YangLingo TOEIC Expansion v4""}",93f5e344580b6a1d38e1e4b87184eb1b40925a01
base-0495,LISTENING_RECOGNITION,Could you send me the project proposal?,Bạn có thể gửi cho tôi đề xuất dự án được không?,,Could you send me the project proposal?,Bạn có thể gửi cho tôi đề xuất dự án được không?,Workplace Communication,B1,"{""part_of_speech"": ""sentence"", ""subtopic"": ""TOEIC Functional Phrase"", ""toeic_part"": ""2"", ""difficulty"": ""1"", ""explanation"": ""Câu chức năng nên luyện nghe nhận diện, nối âm và shadowing."", ""tags"": ""toeic,v4,functional-phrase,workplace-communication"", ""audio_text"": ""Could you send me the project proposal?"", ""source"": ""YangLingo TOEIC Expansion v4""}",7caa47cf304bf94993169e535451a4af877c08e2
base-0496,LISTENING_RECOGNITION,Have you received the project proposal yet?,Bạn đã nhận được đề xuất dự án chưa?,,Have you received the project proposal yet?,Bạn đã nhận được đề xuất dự án chưa?,Workplace Communication,B1,"{""part_of_speech"": ""sentence"", ""subtopic"": ""TOEIC Functional Phrase"", ""toeic_part"": ""2"", ""difficulty"": ""1"", ""explanation"": ""Câu chức năng nên luyện nghe nhận diện, nối âm và shadowing."", ""tags"": ""toeic,v4,functional-phrase,workplace-communication"", ""audio_text"": ""Have you received the project proposal yet?"", ""source"": ""YangLingo TOEIC Expansion v4""}",a9b63b8bcc2f7fee8ff9c764abb6783ff1c55839
base-0497,LISTENING_RECOGNITION,When do you need the project proposal?,Khi nào bạn cần đề xuất dự án?,,When do you need the project proposal?,Khi nào bạn cần đề xuất dự án?,Workplace Communication,B1,"{""part_of_speech"": ""sentence"", ""subtopic"": ""TOEIC Functional Phrase"", ""toeic_part"": ""2"", ""difficulty"": ""2"", ""explanation"": ""Câu chức năng nên luyện nghe nhận diện, nối âm và shadowing."", ""tags"": ""toeic,v4,functional-phrase,workplace-communication"", ""audio_text"": ""When do you need the project proposal?"", ""source"": ""YangLingo TOEIC Expansion v4""}",934fcac341667a0ea7307b94f2a60fc989ac87fc
base-0498,LISTENING_RECOGNITION,Could you send me the presentation slides?,Bạn có thể gửi cho tôi slide thuyết trình được không?,,Could you send me the presentation slides?,Bạn có thể gửi cho tôi slide thuyết trình được không?,Workplace Communication,B1,"{""part_of_speech"": ""sentence"", ""subtopic"": ""TOEIC Functional Phrase"", ""toeic_part"": ""2"", ""difficulty"": ""1"", ""explanation"": ""Câu chức năng nên luyện nghe nhận diện, nối âm và shadowing."", ""tags"": ""toeic,v4,functional-phrase,workplace-communication"", ""audio_text"": ""Could you send me the presentation slides?"", ""source"": ""YangLingo TOEIC Expansion v4""}",fb963ef227c1da4e81282d6095a3266da1026be2
base-0499,LISTENING_RECOGNITION,Have you received the presentation slides yet?,Bạn đã nhận được slide thuyết trình chưa?,,Have you received the presentation slides yet?,Bạn đã nhận được slide thuyết trình chưa?,Workplace Communication,B1,"{""part_of_speech"": ""sentence"", ""subtopic"": ""TOEIC Functional Phrase"", ""toeic_part"": ""2"", ""difficulty"": ""1"", ""explanation"": ""Câu chức năng nên luyện nghe nhận diện, nối âm và shadowing."", ""tags"": ""toeic,v4,functional-phrase,workplace-communication"", ""audio_text"": ""Have you received the presentation slides yet?"", ""source"": ""YangLingo TOEIC Expansion v4""}",32df60679d793f2502865eaf2766cb8c13719b9b
base-0500,LISTENING_RECOGNITION,When do you need the presentation slides?,Khi nào bạn cần slide thuyết trình?,,When do you need the presentation slides?,Khi nào bạn cần slide thuyết trình?,Workplace Communication,B1,"{""part_of_speech"": ""sentence"", ""subtopic"": ""TOEIC Functional Phrase"", ""toeic_part"": ""2"", ""difficulty"": ""2"", ""explanation"": ""Câu chức năng nên luyện nghe nhận diện, nối âm và shadowing."", ""tags"": ""toeic,v4,functional-phrase,workplace-communication"", ""audio_text"": ""When do you need the presentation slides?"", ""source"": ""YangLingo TOEIC Expansion v4""}",9166793f32af42b4dcdb8c08641b59385999fb73
base-0501,LISTENING_RECOGNITION,Could you send me the travel itinerary?,Bạn có thể gửi cho tôi lịch trình chuyến đi được không?,,Could you send me the travel itinerary?,Bạn có thể gửi cho tôi lịch trình chuyến đi được không?,Workplace Communication,B1,"{""part_of_speech"": ""sentence"", ""subtopic"": ""TOEIC Functional Phrase"", ""toeic_part"": ""2"", ""difficulty"": ""1"", ""explanation"": ""Câu chức năng nên luyện nghe nhận diện, nối âm và shadowing."", ""tags"": ""toeic,v4,functional-phrase,workplace-communication"", ""audio_text"": ""Could you send me the travel itinerary?"", ""source"": ""YangLingo TOEIC Expansion v4""}",7396f400d783eaf540813aebf686663f73cb338a
base-0502,LISTENING_RECOGNITION,Have you received the travel itinerary yet?,Bạn đã nhận được lịch trình chuyến đi chưa?,,Have you received the travel itinerary yet?,Bạn đã nhận được lịch trình chuyến đi chưa?,Workplace Communication,B1,"{""part_of_speech"": ""sentence"", ""subtopic"": ""TOEIC Functional Phrase"", ""toeic_part"": ""2"", ""difficulty"": ""1"", ""explanation"": ""Câu chức năng nên luyện nghe nhận diện, nối âm và shadowing."", ""tags"": ""toeic,v4,functional-phrase,workplace-communication"", ""audio_text"": ""Have you received the travel itinerary yet?"", ""source"": ""YangLingo TOEIC Expansion v4""}",6ddf533e1ca97e46d55831e87d2edef4b18c6b2a
base-0503,LISTENING_RECOGNITION,When do you need the travel itinerary?,Khi nào bạn cần lịch trình chuyến đi?,,When do you need the travel itinerary?,Khi nào bạn cần lịch trình chuyến đi?,Workplace Communication,B1,"{""part_of_speech"": ""sentence"", ""subtopic"": ""TOEIC Functional Phrase"", ""toeic_part"": ""2"", ""difficulty"": ""2"", ""explanation"": ""Câu chức năng nên luyện nghe nhận diện, nối âm và shadowing."", ""tags"": ""toeic,v4,functional-phrase,workplace-communication"", ""audio_text"": ""When do you need the travel itinerary?"", ""source"": ""YangLingo TOEIC Expansion v4""}",127ba8a3c626e2a4d0051003ea06877cba4b6b57
base-0504,LISTENING_RECOGNITION,Could you send me the reservation details?,Bạn có thể gửi cho tôi chi tiết đặt chỗ được không?,,Could you send me the reservation details?,Bạn có thể gửi cho tôi chi tiết đặt chỗ được không?,Workplace Communication,B1,"{""part_of_speech"": ""sentence"", ""subtopic"": ""TOEIC Functional Phrase"", ""toeic_part"": ""2"", ""difficulty"": ""1"", ""explanation"": ""Câu chức năng nên luyện nghe nhận diện, nối âm và shadowing."", ""tags"": ""toeic,v4,functional-phrase,workplace-communication"", ""audio_text"": ""Could you send me the reservation details?"", ""source"": ""YangLingo TOEIC Expansion v4""}",64c0fb2b4df4b77ad3b239f1968e7eba0fbf9137
base-0505,LISTENING_RECOGNITION,Have you received the reservation details yet?,Bạn đã nhận được chi tiết đặt chỗ chưa?,,Have you received the reservation details yet?,Bạn đã nhận được chi tiết đặt chỗ chưa?,Workplace Communication,B1,"{""part_of_speech"": ""sentence"", ""subtopic"": ""TOEIC Functional Phrase"", ""toeic_part"": ""2"", ""difficulty"": ""1"", ""explanation"": ""Câu chức năng nên luyện nghe nhận diện, nối âm và shadowing."", ""tags"": ""toeic,v4,functional-phrase,workplace-communication"", ""audio_text"": ""Have you received the reservation details yet?"", ""source"": ""YangLingo TOEIC Expansion v4""}",3f2b4b08f92e770117e3adf863ba77e36b18d688
base-0506,LISTENING_RECOGNITION,When do you need the reservation details?,Khi nào bạn cần chi tiết đặt chỗ?,,When do you need the reservation details?,Khi nào bạn cần chi tiết đặt chỗ?,Workplace Communication,B1,"{""part_of_speech"": ""sentence"", ""subtopic"": ""TOEIC Functional Phrase"", ""toeic_part"": ""2"", ""difficulty"": ""2"", ""explanation"": ""Câu chức năng nên luyện nghe nhận diện, nối âm và shadowing."", ""tags"": ""toeic,v4,functional-phrase,workplace-communication"", ""audio_text"": ""When do you need the reservation details?"", ""source"": ""YangLingo TOEIC Expansion v4""}",9445578e362169d90e62d75b87458e7df36423d1
base-0507,LISTENING_RECOGNITION,Could you send me the technical specification?,Bạn có thể gửi cho tôi thông số kỹ thuật được không?,,Could you send me the technical specification?,Bạn có thể gửi cho tôi thông số kỹ thuật được không?,Workplace Communication,B1,"{""part_of_speech"": ""sentence"", ""subtopic"": ""TOEIC Functional Phrase"", ""toeic_part"": ""2"", ""difficulty"": ""1"", ""explanation"": ""Câu chức năng nên luyện nghe nhận diện, nối âm và shadowing."", ""tags"": ""toeic,v4,functional-phrase,workplace-communication"", ""audio_text"": ""Could you send me the technical specification?"", ""source"": ""YangLingo TOEIC Expansion v4""}",79b9ef42c2a287d440bfc87551348b5013e5bc5c
base-0508,LISTENING_RECOGNITION,Have you received the technical specification yet?,Bạn đã nhận được thông số kỹ thuật chưa?,,Have you received the technical specification yet?,Bạn đã nhận được thông số kỹ thuật chưa?,Workplace Communication,B1,"{""part_of_speech"": ""sentence"", ""subtopic"": ""TOEIC Functional Phrase"", ""toeic_part"": ""2"", ""difficulty"": ""1"", ""explanation"": ""Câu chức năng nên luyện nghe nhận diện, nối âm và shadowing."", ""tags"": ""toeic,v4,functional-phrase,workplace-communication"", ""audio_text"": ""Have you received the technical specification yet?"", ""source"": ""YangLingo TOEIC Expansion v4""}",7966da4d5d6843f8df5f5f053ef70ea23165d65b
base-0509,LISTENING_RECOGNITION,When do you need the technical specification?,Khi nào bạn cần thông số kỹ thuật?,,When do you need the technical specification?,Khi nào bạn cần thông số kỹ thuật?,Workplace Communication,B1,"{""part_of_speech"": ""sentence"", ""subtopic"": ""TOEIC Functional Phrase"", ""toeic_part"": ""2"", ""difficulty"": ""2"", ""explanation"": ""Câu chức năng nên luyện nghe nhận diện, nối âm và shadowing."", ""tags"": ""toeic,v4,functional-phrase,workplace-communication"", ""audio_text"": ""When do you need the technical specification?"", ""source"": ""YangLingo TOEIC Expansion v4""}",fff74def8125fbb043483f118dd040f6a5a7756a
base-0510,LISTENING_RECOGNITION,Could you send me the contract draft?,Bạn có thể gửi cho tôi bản dự thảo hợp đồng được không?,,Could you send me the contract draft?,Bạn có thể gửi cho tôi bản dự thảo hợp đồng được không?,Workplace Communication,B1,"{""part_of_speech"": ""sentence"", ""subtopic"": ""TOEIC Functional Phrase"", ""toeic_part"": ""2"", ""difficulty"": ""1"", ""explanation"": ""Câu chức năng nên luyện nghe nhận diện, nối âm và shadowing."", ""tags"": ""toeic,v4,functional-phrase,workplace-communication"", ""audio_text"": ""Could you send me the contract draft?"", ""source"": ""YangLingo TOEIC Expansion v4""}",1ad799951ecf593e7e38562db1b03c183c512159
base-0511,LISTENING_RECOGNITION,Have you received the contract draft yet?,Bạn đã nhận được bản dự thảo hợp đồng chưa?,,Have you received the contract draft yet?,Bạn đã nhận được bản dự thảo hợp đồng chưa?,Workplace Communication,B1,"{""part_of_speech"": ""sentence"", ""subtopic"": ""TOEIC Functional Phrase"", ""toeic_part"": ""2"", ""difficulty"": ""1"", ""explanation"": ""Câu chức năng nên luyện nghe nhận diện, nối âm và shadowing."", ""tags"": ""toeic,v4,functional-phrase,workplace-communication"", ""audio_text"": ""Have you received the contract draft yet?"", ""source"": ""YangLingo TOEIC Expansion v4""}",a7075ce64686e2c91186859bbd92d4db99943fb1
base-0512,LISTENING_RECOGNITION,When do you need the contract draft?,Khi nào bạn cần bản dự thảo hợp đồng?,,When do you need the contract draft?,Khi nào bạn cần bản dự thảo hợp đồng?,Workplace Communication,B1,"{""part_of_speech"": ""sentence"", ""subtopic"": ""TOEIC Functional Phrase"", ""toeic_part"": ""2"", ""difficulty"": ""2"", ""explanation"": ""Câu chức năng nên luyện nghe nhận diện, nối âm và shadowing."", ""tags"": ""toeic,v4,functional-phrase,workplace-communication"", ""audio_text"": ""When do you need the contract draft?"", ""source"": ""YangLingo TOEIC Expansion v4""}",b3e237c914fa88b6a48386f2e4d8cc501f738780
base-0513,LISTENING_RECOGNITION,Could you send me the training materials?,Bạn có thể gửi cho tôi tài liệu đào tạo được không?,,Could you send me the training materials?,Bạn có thể gửi cho tôi tài liệu đào tạo được không?,Workplace Communication,B1,"{""part_of_speech"": ""sentence"", ""subtopic"": ""TOEIC Functional Phrase"", ""toeic_part"": ""2"", ""difficulty"": ""1"", ""explanation"": ""Câu chức năng nên luyện nghe nhận diện, nối âm và shadowing."", ""tags"": ""toeic,v4,functional-phrase,workplace-communication"", ""audio_text"": ""Could you send me the training materials?"", ""source"": ""YangLingo TOEIC Expansion v4""}",6080bb593105495b7a92fe9409d228dd95168b2f
base-0514,LISTENING_RECOGNITION,Have you received the training materials yet?,Bạn đã nhận được tài liệu đào tạo chưa?,,Have you received the training materials yet?,Bạn đã nhận được tài liệu đào tạo chưa?,Workplace Communication,B1,"{""part_of_speech"": ""sentence"", ""subtopic"": ""TOEIC Functional Phrase"", ""toeic_part"": ""2"", ""difficulty"": ""1"", ""explanation"": ""Câu chức năng nên luyện nghe nhận diện, nối âm và shadowing."", ""tags"": ""toeic,v4,functional-phrase,workplace-communication"", ""audio_text"": ""Have you received the training materials yet?"", ""source"": ""YangLingo TOEIC Expansion v4""}",2ee68779c63acce32d75f25b2187d3b57ec109e9
base-0515,LISTENING_RECOGNITION,When do you need the training materials?,Khi nào bạn cần tài liệu đào tạo?,,When do you need the training materials?,Khi nào bạn cần tài liệu đào tạo?,Workplace Communication,B1,"{""part_of_speech"": ""sentence"", ""subtopic"": ""TOEIC Functional Phrase"", ""toeic_part"": ""2"", ""difficulty"": ""2"", ""explanation"": ""Câu chức năng nên luyện nghe nhận diện, nối âm và shadowing."", ""tags"": ""toeic,v4,functional-phrase,workplace-communication"", ""audio_text"": ""When do you need the training materials?"", ""source"": ""YangLingo TOEIC Expansion v4""}",e0d78776558e6bef7b46efec0fb06b57d898e740
base-0516,LISTENING_RECOGNITION,Could you send me the customer feedback?,Bạn có thể gửi cho tôi phản hồi khách hàng được không?,,Could you send me the customer feedback?,Bạn có thể gửi cho tôi phản hồi khách hàng được không?,Workplace Communication,B1,"{""part_of_speech"": ""sentence"", ""subtopic"": ""TOEIC Functional Phrase"", ""toeic_part"": ""2"", ""difficulty"": ""1"", ""explanation"": ""Câu chức năng nên luyện nghe nhận diện, nối âm và shadowing."", ""tags"": ""toeic,v4,functional-phrase,workplace-communication"", ""audio_text"": ""Could you send me the customer feedback?"", ""source"": ""YangLingo TOEIC Expansion v4""}",b3fbb43e675f4128b86507730e92dfe7c7aebb61
base-0517,LISTENING_RECOGNITION,Have you received the customer feedback yet?,Bạn đã nhận được phản hồi khách hàng chưa?,,Have you received the customer feedback yet?,Bạn đã nhận được phản hồi khách hàng chưa?,Workplace Communication,B1,"{""part_of_speech"": ""sentence"", ""subtopic"": ""TOEIC Functional Phrase"", ""toeic_part"": ""2"", ""difficulty"": ""1"", ""explanation"": ""Câu chức năng nên luyện nghe nhận diện, nối âm và shadowing."", ""tags"": ""toeic,v4,functional-phrase,workplace-communication"", ""audio_text"": ""Have you received the customer feedback yet?"", ""source"": ""YangLingo TOEIC Expansion v4""}",3782152494cebad036a3bd10789a8edc8d3f60a4
base-0518,LISTENING_RECOGNITION,When do you need the customer feedback?,Khi nào bạn cần phản hồi khách hàng?,,When do you need the customer feedback?,Khi nào bạn cần phản hồi khách hàng?,Workplace Communication,B1,"{""part_of_speech"": ""sentence"", ""subtopic"": ""TOEIC Functional Phrase"", ""toeic_part"": ""2"", ""difficulty"": ""2"", ""explanation"": ""Câu chức năng nên luyện nghe nhận diện, nối âm và shadowing."", ""tags"": ""toeic,v4,functional-phrase,workplace-communication"", ""audio_text"": ""When do you need the customer feedback?"", ""source"": ""YangLingo TOEIC Expansion v4""}",6f4ab0a86408914af12a05c4caf0e89f8ed22735
base-0519,LISTENING_RECOGNITION,Could you send me the inventory report?,Bạn có thể gửi cho tôi báo cáo tồn kho được không?,,Could you send me the inventory report?,Bạn có thể gửi cho tôi báo cáo tồn kho được không?,Workplace Communication,B1,"{""part_of_speech"": ""sentence"", ""subtopic"": ""TOEIC Functional Phrase"", ""toeic_part"": ""2"", ""difficulty"": ""1"", ""explanation"": ""Câu chức năng nên luyện nghe nhận diện, nối âm và shadowing."", ""tags"": ""toeic,v4,functional-phrase,workplace-communication"", ""audio_text"": ""Could you send me the inventory report?"", ""source"": ""YangLingo TOEIC Expansion v4""}",98743265127d1cf95cca7a653f4f68269476239b
base-0520,LISTENING_RECOGNITION,Have you received the inventory report yet?,Bạn đã nhận được báo cáo tồn kho chưa?,,Have you received the inventory report yet?,Bạn đã nhận được báo cáo tồn kho chưa?,Workplace Communication,B1,"{""part_of_speech"": ""sentence"", ""subtopic"": ""TOEIC Functional Phrase"", ""toeic_part"": ""2"", ""difficulty"": ""1"", ""explanation"": ""Câu chức năng nên luyện nghe nhận diện, nối âm và shadowing."", ""tags"": ""toeic,v4,functional-phrase,workplace-communication"", ""audio_text"": ""Have you received the inventory report yet?"", ""source"": ""YangLingo TOEIC Expansion v4""}",e06647f8570ab96480ab84da9a0dc72ae315d9b4
base-0521,LISTENING_RECOGNITION,When do you need the inventory report?,Khi nào bạn cần báo cáo tồn kho?,,When do you need the inventory report?,Khi nào bạn cần báo cáo tồn kho?,Workplace Communication,B1,"{""part_of_speech"": ""sentence"", ""subtopic"": ""TOEIC Functional Phrase"", ""toeic_part"": ""2"", ""difficulty"": ""2"", ""explanation"": ""Câu chức năng nên luyện nghe nhận diện, nối âm và shadowing."", ""tags"": ""toeic,v4,functional-phrase,workplace-communication"", ""audio_text"": ""When do you need the inventory report?"", ""source"": ""YangLingo TOEIC Expansion v4""}",83a3638af978a29b3008055b331af9647b5a2145
base-0522,LISTENING_RECOGNITION,Could you send me the maintenance request?,Bạn có thể gửi cho tôi yêu cầu bảo trì được không?,,Could you send me the maintenance request?,Bạn có thể gửi cho tôi yêu cầu bảo trì được không?,Workplace Communication,B1,"{""part_of_speech"": ""sentence"", ""subtopic"": ""TOEIC Functional Phrase"", ""toeic_part"": ""2"", ""difficulty"": ""1"", ""explanation"": ""Câu chức năng nên luyện nghe nhận diện, nối âm và shadowing."", ""tags"": ""toeic,v4,functional-phrase,workplace-communication"", ""audio_text"": ""Could you send me the maintenance request?"", ""source"": ""YangLingo TOEIC Expansion v4""}",2b8183d6755f42a68dc09dcd17b48808e90211ef
base-0523,LISTENING_RECOGNITION,Have you received the maintenance request yet?,Bạn đã nhận được yêu cầu bảo trì chưa?,,Have you received the maintenance request yet?,Bạn đã nhận được yêu cầu bảo trì chưa?,Workplace Communication,B1,"{""part_of_speech"": ""sentence"", ""subtopic"": ""TOEIC Functional Phrase"", ""toeic_part"": ""2"", ""difficulty"": ""1"", ""explanation"": ""Câu chức năng nên luyện nghe nhận diện, nối âm và shadowing."", ""tags"": ""toeic,v4,functional-phrase,workplace-communication"", ""audio_text"": ""Have you received the maintenance request yet?"", ""source"": ""YangLingo TOEIC Expansion v4""}",4d3a5067eba99b3fdcf8ca9a12bff37dfef65b06
base-0524,LISTENING_RECOGNITION,When do you need the maintenance request?,Khi nào bạn cần yêu cầu bảo trì?,,When do you need the maintenance request?,Khi nào bạn cần yêu cầu bảo trì?,Workplace Communication,B1,"{""part_of_speech"": ""sentence"", ""subtopic"": ""TOEIC Functional Phrase"", ""toeic_part"": ""2"", ""difficulty"": ""2"", ""explanation"": ""Câu chức năng nên luyện nghe nhận diện, nối âm và shadowing."", ""tags"": ""toeic,v4,functional-phrase,workplace-communication"", ""audio_text"": ""When do you need the maintenance request?"", ""source"": ""YangLingo TOEIC Expansion v4""}",5be0627131a5136974ca6f696674a59c049bd213
base-0525,LISTENING_RECOGNITION,The staff meeting has been rescheduled.,Cuộc họp nhân viên đã được đổi lịch.,,The staff meeting has been rescheduled.,Cuộc họp nhân viên đã được đổi lịch.,Scheduling Meetings,B1,"{""part_of_speech"": ""sentence"", ""subtopic"": ""TOEIC Functional Phrase"", ""toeic_part"": ""2"", ""difficulty"": ""1"", ""explanation"": ""Câu chức năng nên luyện nghe nhận diện, nối âm và shadowing."", ""tags"": ""toeic,v4,functional-phrase,scheduling-meetings"", ""audio_text"": ""The staff meeting has been rescheduled."", ""source"": ""YangLingo TOEIC Expansion v4""}",21c25639f2924f7c68bd73c781de659bc8e0f245
base-0526,LISTENING_RECOGNITION,What time does the staff meeting start?,Cuộc họp nhân viên bắt đầu lúc mấy giờ?,,What time does the staff meeting start?,Cuộc họp nhân viên bắt đầu lúc mấy giờ?,Scheduling Meetings,B1,"{""part_of_speech"": ""sentence"", ""subtopic"": ""TOEIC Functional Phrase"", ""toeic_part"": ""2"", ""difficulty"": ""1"", ""explanation"": ""Câu chức năng nên luyện nghe nhận diện, nối âm và shadowing."", ""tags"": ""toeic,v4,functional-phrase,scheduling-meetings"", ""audio_text"": ""What time does the staff meeting start?"", ""source"": ""YangLingo TOEIC Expansion v4""}",a8c400ef9e56fb0bd568ebdd02ac9f57912da8e5
base-0527,LISTENING_RECOGNITION,Please let me know if you can attend the staff meeting.,Vui lòng cho tôi biết bạn có thể tham dự cuộc họp nhân viên hay không.,,Please let me know if you can attend the staff meeting.,Vui lòng cho tôi biết bạn có thể tham dự cuộc họp nhân viên hay không.,Scheduling Meetings,B1,"{""part_of_speech"": ""sentence"", ""subtopic"": ""TOEIC Functional Phrase"", ""toeic_part"": ""3"", ""difficulty"": ""2"", ""explanation"": ""Câu chức năng nên luyện nghe nhận diện, nối âm và shadowing."", ""tags"": ""toeic,v4,functional-phrase,scheduling-meetings"", ""audio_text"": ""Please let me know if you can attend the staff meeting."", ""source"": ""YangLingo TOEIC Expansion v4""}",cacfe15b7cc2e40e14d622995cc4afebbf3446c9
base-0528,LISTENING_RECOGNITION,The client meeting has been rescheduled.,Cuộc họp với khách hàng đã được đổi lịch.,,The client meeting has been rescheduled.,Cuộc họp với khách hàng đã được đổi lịch.,Scheduling Meetings,B1,"{""part_of_speech"": ""sentence"", ""subtopic"": ""TOEIC Functional Phrase"", ""toeic_part"": ""2"", ""difficulty"": ""1"", ""explanation"": ""Câu chức năng nên luyện nghe nhận diện, nối âm và shadowing."", ""tags"": ""toeic,v4,functional-phrase,scheduling-meetings"", ""audio_text"": ""The client meeting has been rescheduled."", ""source"": ""YangLingo TOEIC Expansion v4""}",3647175c37d88ab849bd8323b7c11edfb7d967f8
base-0529,LISTENING_RECOGNITION,What time does the client meeting start?,Cuộc họp với khách hàng bắt đầu lúc mấy giờ?,,What time does the client meeting start?,Cuộc họp với khách hàng bắt đầu lúc mấy giờ?,Scheduling Meetings,B1,"{""part_of_speech"": ""sentence"", ""subtopic"": ""TOEIC Functional Phrase"", ""toeic_part"": ""2"", ""difficulty"": ""1"", ""explanation"": ""Câu chức năng nên luyện nghe nhận diện, nối âm và shadowing."", ""tags"": ""toeic,v4,functional-phrase,scheduling-meetings"", ""audio_text"": ""What time does the client meeting start?"", ""source"": ""YangLingo TOEIC Expansion v4""}",e8a46cb25f59e317c57e2347e130715d509d60c1
base-0530,LISTENING_RECOGNITION,Please let me know if you can attend the client meeting.,Vui lòng cho tôi biết bạn có thể tham dự cuộc họp với khách hàng hay không.,,Please let me know if you can attend the client meeting.,Vui lòng cho tôi biết bạn có thể tham dự cuộc họp với khách hàng hay không.,Scheduling Meetings,B1,"{""part_of_speech"": ""sentence"", ""subtopic"": ""TOEIC Functional Phrase"", ""toeic_part"": ""3"", ""difficulty"": ""2"", ""explanation"": ""Câu chức năng nên luyện nghe nhận diện, nối âm và shadowing."", ""tags"": ""toeic,v4,functional-phrase,scheduling-meetings"", ""audio_text"": ""Please let me know if you can attend the client meeting."", ""source"": ""YangLingo TOEIC Expansion v4""}",ca671e0faa7fa390c2bfb150ef6d9f62158eb5b8
base-0531,LISTENING_RECOGNITION,The training session has been rescheduled.,Buổi đào tạo đã được đổi lịch.,,The training session has been rescheduled.,Buổi đào tạo đã được đổi lịch.,Scheduling Meetings,B1,"{""part_of_speech"": ""sentence"", ""subtopic"": ""TOEIC Functional Phrase"", ""toeic_part"": ""2"", ""difficulty"": ""1"", ""explanation"": ""Câu chức năng nên luyện nghe nhận diện, nối âm và shadowing."", ""tags"": ""toeic,v4,functional-phrase,scheduling-meetings"", ""audio_text"": ""The training session has been rescheduled."", ""source"": ""YangLingo TOEIC Expansion v4""}",0dd12884fe1796a1cea4c72d5533a29249a80314
base-0532,LISTENING_RECOGNITION,What time does the training session start?,Buổi đào tạo bắt đầu lúc mấy giờ?,,What time does the training session start?,Buổi đào tạo bắt đầu lúc mấy giờ?,Scheduling Meetings,B1,"{""part_of_speech"": ""sentence"", ""subtopic"": ""TOEIC Functional Phrase"", ""toeic_part"": ""2"", ""difficulty"": ""1"", ""explanation"": ""Câu chức năng nên luyện nghe nhận diện, nối âm và shadowing."", ""tags"": ""toeic,v4,functional-phrase,scheduling-meetings"", ""audio_text"": ""What time does the training session start?"", ""source"": ""YangLingo TOEIC Expansion v4""}",a71a68b6466a0897141acd4908244b1e2b15f9f7
base-0533,LISTENING_RECOGNITION,Please let me know if you can attend the training session.,Vui lòng cho tôi biết bạn có thể tham dự buổi đào tạo hay không.,,Please let me know if you can attend the training session.,Vui lòng cho tôi biết bạn có thể tham dự buổi đào tạo hay không.,Scheduling Meetings,B1,"{""part_of_speech"": ""sentence"", ""subtopic"": ""TOEIC Functional Phrase"", ""toeic_part"": ""3"", ""difficulty"": ""2"", ""explanation"": ""Câu chức năng nên luyện nghe nhận diện, nối âm và shadowing."", ""tags"": ""toeic,v4,functional-phrase,scheduling-meetings"", ""audio_text"": ""Please let me know if you can attend the training session."", ""source"": ""YangLingo TOEIC Expansion v4""}",ef03bcd562429615b299d539821c606b7846e5de
base-0534,LISTENING_RECOGNITION,The job interview has been rescheduled.,Buổi phỏng vấn đã được đổi lịch.,,The job interview has been rescheduled.,Buổi phỏng vấn đã được đổi lịch.,Scheduling Meetings,B1,"{""part_of_speech"": ""sentence"", ""subtopic"": ""TOEIC Functional Phrase"", ""toeic_part"": ""2"", ""difficulty"": ""1"", ""explanation"": ""Câu chức năng nên luyện nghe nhận diện, nối âm và shadowing."", ""tags"": ""toeic,v4,functional-phrase,scheduling-meetings"", ""audio_text"": ""The job interview has been rescheduled."", ""source"": ""YangLingo TOEIC Expansion v4""}",dc98f49fb9ddfea3e03d0067c8c157426d62f674
base-0535,LISTENING_RECOGNITION,What time does the job interview start?,Buổi phỏng vấn bắt đầu lúc mấy giờ?,,What time does the job interview start?,Buổi phỏng vấn bắt đầu lúc mấy giờ?,Scheduling Meetings,B1,"{""part_of_speech"": ""sentence"", ""subtopic"": ""TOEIC Functional Phrase"", ""toeic_part"": ""2"", ""difficulty"": ""1"", ""explanation"": ""Câu chức năng nên luyện nghe nhận diện, nối âm và shadowing."", ""tags"": ""toeic,v4,functional-phrase,scheduling-meetings"", ""audio_text"": ""What time does the job interview start?"", ""source"": ""YangLingo TOEIC Expansion v4""}",1b2a56cd262aaea34c813f56406b0e6c5c2b1711
base-0536,LISTENING_RECOGNITION,Please let me know if you can attend the job interview.,Vui lòng cho tôi biết bạn có thể tham dự buổi phỏng vấn hay không.,,Please let me know if you can attend the job interview.,Vui lòng cho tôi biết bạn có thể tham dự buổi phỏng vấn hay không.,Scheduling Meetings,B1,"{""part_of_speech"": ""sentence"", ""subtopic"": ""TOEIC Functional Phrase"", ""toeic_part"": ""3"", ""difficulty"": ""2"", ""explanation"": ""Câu chức năng nên luyện nghe nhận diện, nối âm và shadowing."", ""tags"": ""toeic,v4,functional-phrase,scheduling-meetings"", ""audio_text"": ""Please let me know if you can attend the job interview."", ""source"": ""YangLingo TOEIC Expansion v4""}",57421772eea77e3533d6cef9ab610c2ba8f6589e
base-0537,LISTENING_RECOGNITION,The conference call has been rescheduled.,Cuộc họp qua điện thoại đã được đổi lịch.,,The conference call has been rescheduled.,Cuộc họp qua điện thoại đã được đổi lịch.,Scheduling Meetings,B1,"{""part_of_speech"": ""sentence"", ""subtopic"": ""TOEIC Functional Phrase"", ""toeic_part"": ""2"", ""difficulty"": ""1"", ""explanation"": ""Câu chức năng nên luyện nghe nhận diện, nối âm và shadowing."", ""tags"": ""toeic,v4,functional-phrase,scheduling-meetings"", ""audio_text"": ""The conference call has been rescheduled."", ""source"": ""YangLingo TOEIC Expansion v4""}",378cc48fccb0e5c14495d1fa855c8dad45994317
base-0538,LISTENING_RECOGNITION,What time does the conference call start?,Cuộc họp qua điện thoại bắt đầu lúc mấy giờ?,,What time does the conference call start?,Cuộc họp qua điện thoại bắt đầu lúc mấy giờ?,Scheduling Meetings,B1,"{""part_of_speech"": ""sentence"", ""subtopic"": ""TOEIC Functional Phrase"", ""toeic_part"": ""2"", ""difficulty"": ""1"", ""explanation"": ""Câu chức năng nên luyện nghe nhận diện, nối âm và shadowing."", ""tags"": ""toeic,v4,functional-phrase,scheduling-meetings"", ""audio_text"": ""What time does the conference call start?"", ""source"": ""YangLingo TOEIC Expansion v4""}",ba265b1e4c2674e95ef07ec1f68b06bdd09fbc8d
base-0539,LISTENING_RECOGNITION,Please let me know if you can attend the conference call.,Vui lòng cho tôi biết bạn có thể tham dự cuộc họp qua điện thoại hay không.,,Please let me know if you can attend the conference call.,Vui lòng cho tôi biết bạn có thể tham dự cuộc họp qua điện thoại hay không.,Scheduling Meetings,B1,"{""part_of_speech"": ""sentence"", ""subtopic"": ""TOEIC Functional Phrase"", ""toeic_part"": ""3"", ""difficulty"": ""2"", ""explanation"": ""Câu chức năng nên luyện nghe nhận diện, nối âm và shadowing."", ""tags"": ""toeic,v4,functional-phrase,scheduling-meetings"", ""audio_text"": ""Please let me know if you can attend the conference call."", ""source"": ""YangLingo TOEIC Expansion v4""}",752b8e256b2cbce419569da4e540dba53dea9154
base-0540,LISTENING_RECOGNITION,The product demonstration has been rescheduled.,Buổi trình diễn sản phẩm đã được đổi lịch.,,The product demonstration has been rescheduled.,Buổi trình diễn sản phẩm đã được đổi lịch.,Scheduling Meetings,B1,"{""part_of_speech"": ""sentence"", ""subtopic"": ""TOEIC Functional Phrase"", ""toeic_part"": ""2"", ""difficulty"": ""1"", ""explanation"": ""Câu chức năng nên luyện nghe nhận diện, nối âm và shadowing."", ""tags"": ""toeic,v4,functional-phrase,scheduling-meetings"", ""audio_text"": ""The product demonstration has been rescheduled."", ""source"": ""YangLingo TOEIC Expansion v4""}",8861b5ad2bbd7b54cc4004ff511d0a293cfe50c1
base-0541,LISTENING_RECOGNITION,What time does the product demonstration start?,Buổi trình diễn sản phẩm bắt đầu lúc mấy giờ?,,What time does the product demonstration start?,Buổi trình diễn sản phẩm bắt đầu lúc mấy giờ?,Scheduling Meetings,B1,"{""part_of_speech"": ""sentence"", ""subtopic"": ""TOEIC Functional Phrase"", ""toeic_part"": ""2"", ""difficulty"": ""1"", ""explanation"": ""Câu chức năng nên luyện nghe nhận diện, nối âm và shadowing."", ""tags"": ""toeic,v4,functional-phrase,scheduling-meetings"", ""audio_text"": ""What time does the product demonstration start?"", ""source"": ""YangLingo TOEIC Expansion v4""}",ac4a12c50dad06609bd2ff9066b830dd2485d0d8
base-0542,LISTENING_RECOGNITION,Please let me know if you can attend the product demonstration.,Vui lòng cho tôi biết bạn có thể tham dự buổi trình diễn sản phẩm hay không.,,Please let me know if you can attend the product demonstration.,Vui lòng cho tôi biết bạn có thể tham dự buổi trình diễn sản phẩm hay không.,Scheduling Meetings,B1,"{""part_of_speech"": ""sentence"", ""subtopic"": ""TOEIC Functional Phrase"", ""toeic_part"": ""3"", ""difficulty"": ""2"", ""explanation"": ""Câu chức năng nên luyện nghe nhận diện, nối âm và shadowing."", ""tags"": ""toeic,v4,functional-phrase,scheduling-meetings"", ""audio_text"": ""Please let me know if you can attend the product demonstration."", ""source"": ""YangLingo TOEIC Expansion v4""}",5a05043cc95e9c6aa044469901c5c07a86cd7478
base-0543,LISTENING_RECOGNITION,The site inspection has been rescheduled.,Buổi kiểm tra hiện trường đã được đổi lịch.,,The site inspection has been rescheduled.,Buổi kiểm tra hiện trường đã được đổi lịch.,Scheduling Meetings,B1,"{""part_of_speech"": ""sentence"", ""subtopic"": ""TOEIC Functional Phrase"", ""toeic_part"": ""2"", ""difficulty"": ""1"", ""explanation"": ""Câu chức năng nên luyện nghe nhận diện, nối âm và shadowing."", ""tags"": ""toeic,v4,functional-phrase,scheduling-meetings"", ""audio_text"": ""The site inspection has been rescheduled."", ""source"": ""YangLingo TOEIC Expansion v4""}",d81e86c11dfa3068e89ba0cff575b6f727a1e695
base-0544,LISTENING_RECOGNITION,What time does the site inspection start?,Buổi kiểm tra hiện trường bắt đầu lúc mấy giờ?,,What time does the site inspection start?,Buổi kiểm tra hiện trường bắt đầu lúc mấy giờ?,Scheduling Meetings,B1,"{""part_of_speech"": ""sentence"", ""subtopic"": ""TOEIC Functional Phrase"", ""toeic_part"": ""2"", ""difficulty"": ""1"", ""explanation"": ""Câu chức năng nên luyện nghe nhận diện, nối âm và shadowing."", ""tags"": ""toeic,v4,functional-phrase,scheduling-meetings"", ""audio_text"": ""What time does the site inspection start?"", ""source"": ""YangLingo TOEIC Expansion v4""}",8ceba8b1ee48e30d9780a9d2413ed074ce65b1ec
base-0545,LISTENING_RECOGNITION,Please let me know if you can attend the site inspection.,Vui lòng cho tôi biết bạn có thể tham dự buổi kiểm tra hiện trường hay không.,,Please let me know if you can attend the site inspection.,Vui lòng cho tôi biết bạn có thể tham dự buổi kiểm tra hiện trường hay không.,Scheduling Meetings,B1,"{""part_of_speech"": ""sentence"", ""subtopic"": ""TOEIC Functional Phrase"", ""toeic_part"": ""3"", ""difficulty"": ""2"", ""explanation"": ""Câu chức năng nên luyện nghe nhận diện, nối âm và shadowing."", ""tags"": ""toeic,v4,functional-phrase,scheduling-meetings"", ""audio_text"": ""Please let me know if you can attend the site inspection."", ""source"": ""YangLingo TOEIC Expansion v4""}",67fded65c0a5575cebf18e5428b3e1c7be151f47
base-0546,LISTENING_RECOGNITION,The project review has been rescheduled.,Buổi đánh giá dự án đã được đổi lịch.,,The project review has been rescheduled.,Buổi đánh giá dự án đã được đổi lịch.,Scheduling Meetings,B1,"{""part_of_speech"": ""sentence"", ""subtopic"": ""TOEIC Functional Phrase"", ""toeic_part"": ""2"", ""difficulty"": ""1"", ""explanation"": ""Câu chức năng nên luyện nghe nhận diện, nối âm và shadowing."", ""tags"": ""toeic,v4,functional-phrase,scheduling-meetings"", ""audio_text"": ""The project review has been rescheduled."", ""source"": ""YangLingo TOEIC Expansion v4""}",27d3e47dd9ab038ea9a4c568cb4f6054e4a78f20
base-0547,LISTENING_RECOGNITION,What time does the project review start?,Buổi đánh giá dự án bắt đầu lúc mấy giờ?,,What time does the project review start?,Buổi đánh giá dự án bắt đầu lúc mấy giờ?,Scheduling Meetings,B1,"{""part_of_speech"": ""sentence"", ""subtopic"": ""TOEIC Functional Phrase"", ""toeic_part"": ""2"", ""difficulty"": ""1"", ""explanation"": ""Câu chức năng nên luyện nghe nhận diện, nối âm và shadowing."", ""tags"": ""toeic,v4,functional-phrase,scheduling-meetings"", ""audio_text"": ""What time does the project review start?"", ""source"": ""YangLingo TOEIC Expansion v4""}",4ba681f20f2d1d93e9e2899427ef717cba88cca5
base-0548,LISTENING_RECOGNITION,Please let me know if you can attend the project review.,Vui lòng cho tôi biết bạn có thể tham dự buổi đánh giá dự án hay không.,,Please let me know if you can attend the project review.,Vui lòng cho tôi biết bạn có thể tham dự buổi đánh giá dự án hay không.,Scheduling Meetings,B1,"{""part_of_speech"": ""sentence"", ""subtopic"": ""TOEIC Functional Phrase"", ""toeic_part"": ""3"", ""difficulty"": ""2"", ""explanation"": ""Câu chức năng nên luyện nghe nhận diện, nối âm và shadowing."", ""tags"": ""toeic,v4,functional-phrase,scheduling-meetings"", ""audio_text"": ""Please let me know if you can attend the project review."", ""source"": ""YangLingo TOEIC Expansion v4""}",6c276efef21d349b8a2d23f5813b121a54163d09
base-0549,LISTENING_RECOGNITION,The budget meeting has been rescheduled.,Cuộc họp ngân sách đã được đổi lịch.,,The budget meeting has been rescheduled.,Cuộc họp ngân sách đã được đổi lịch.,Scheduling Meetings,B1,"{""part_of_speech"": ""sentence"", ""subtopic"": ""TOEIC Functional Phrase"", ""toeic_part"": ""2"", ""difficulty"": ""1"", ""explanation"": ""Câu chức năng nên luyện nghe nhận diện, nối âm và shadowing."", ""tags"": ""toeic,v4,functional-phrase,scheduling-meetings"", ""audio_text"": ""The budget meeting has been rescheduled."", ""source"": ""YangLingo TOEIC Expansion v4""}",6d8ec13f06934917973f4fac34729b5353245787
base-0550,LISTENING_RECOGNITION,What time does the budget meeting start?,Cuộc họp ngân sách bắt đầu lúc mấy giờ?,,What time does the budget meeting start?,Cuộc họp ngân sách bắt đầu lúc mấy giờ?,Scheduling Meetings,B1,"{""part_of_speech"": ""sentence"", ""subtopic"": ""TOEIC Functional Phrase"", ""toeic_part"": ""2"", ""difficulty"": ""1"", ""explanation"": ""Câu chức năng nên luyện nghe nhận diện, nối âm và shadowing."", ""tags"": ""toeic,v4,functional-phrase,scheduling-meetings"", ""audio_text"": ""What time does the budget meeting start?"", ""source"": ""YangLingo TOEIC Expansion v4""}",77c29a5f3a37448ddbe66dfe957926fad78db262
base-0551,LISTENING_RECOGNITION,Please let me know if you can attend the budget meeting.,Vui lòng cho tôi biết bạn có thể tham dự cuộc họp ngân sách hay không.,,Please let me know if you can attend the budget meeting.,Vui lòng cho tôi biết bạn có thể tham dự cuộc họp ngân sách hay không.,Scheduling Meetings,B1,"{""part_of_speech"": ""sentence"", ""subtopic"": ""TOEIC Functional Phrase"", ""toeic_part"": ""3"", ""difficulty"": ""2"", ""explanation"": ""Câu chức năng nên luyện nghe nhận diện, nối âm và shadowing."", ""tags"": ""toeic,v4,functional-phrase,scheduling-meetings"", ""audio_text"": ""Please let me know if you can attend the budget meeting."", ""source"": ""YangLingo TOEIC Expansion v4""}",ff0a9047c87b4f1c54c044443968fb7631b557da
base-0552,LISTENING_RECOGNITION,The sales presentation has been rescheduled.,Buổi thuyết trình bán hàng đã được đổi lịch.,,The sales presentation has been rescheduled.,Buổi thuyết trình bán hàng đã được đổi lịch.,Scheduling Meetings,B1,"{""part_of_speech"": ""sentence"", ""subtopic"": ""TOEIC Functional Phrase"", ""toeic_part"": ""2"", ""difficulty"": ""1"", ""explanation"": ""Câu chức năng nên luyện nghe nhận diện, nối âm và shadowing."", ""tags"": ""toeic,v4,functional-phrase,scheduling-meetings"", ""audio_text"": ""The sales presentation has been rescheduled."", ""source"": ""YangLingo TOEIC Expansion v4""}",0ae57daa89a2a88911f804fe736b8d2385f0d183
base-0553,LISTENING_RECOGNITION,What time does the sales presentation start?,Buổi thuyết trình bán hàng bắt đầu lúc mấy giờ?,,What time does the sales presentation start?,Buổi thuyết trình bán hàng bắt đầu lúc mấy giờ?,Scheduling Meetings,B1,"{""part_of_speech"": ""sentence"", ""subtopic"": ""TOEIC Functional Phrase"", ""toeic_part"": ""2"", ""difficulty"": ""1"", ""explanation"": ""Câu chức năng nên luyện nghe nhận diện, nối âm và shadowing."", ""tags"": ""toeic,v4,functional-phrase,scheduling-meetings"", ""audio_text"": ""What time does the sales presentation start?"", ""source"": ""YangLingo TOEIC Expansion v4""}",039a68c0a06d91d68a865919e5b6afd18bd97907
base-0554,LISTENING_RECOGNITION,Please let me know if you can attend the sales presentation.,Vui lòng cho tôi biết bạn có thể tham dự buổi thuyết trình bán hàng hay không.,,Please let me know if you can attend the sales presentation.,Vui lòng cho tôi biết bạn có thể tham dự buổi thuyết trình bán hàng hay không.,Scheduling Meetings,B1,"{""part_of_speech"": ""sentence"", ""subtopic"": ""TOEIC Functional Phrase"", ""toeic_part"": ""3"", ""difficulty"": ""2"", ""explanation"": ""Câu chức năng nên luyện nghe nhận diện, nối âm và shadowing."", ""tags"": ""toeic,v4,functional-phrase,scheduling-meetings"", ""audio_text"": ""Please let me know if you can attend the sales presentation."", ""source"": ""YangLingo TOEIC Expansion v4""}",cd91757870d2476ff096e7cf437fbcaa560e829f
base-0555,LISTENING_RECOGNITION,Please submit the form by Friday.,Vui lòng nộp biểu mẫu trước thứ Sáu.,,Please submit the form by Friday.,Vui lòng nộp biểu mẫu trước thứ Sáu.,Workplace Communication,B1,"{""part_of_speech"": ""sentence"", ""subtopic"": ""TOEIC Functional Phrase"", ""toeic_part"": ""2"", ""difficulty"": ""1"", ""explanation"": ""Câu chức năng nên luyện nghe nhận diện, nối âm và shadowing."", ""tags"": ""toeic,v4,functional-phrase,workplace-communication"", ""audio_text"": ""Please submit the form by Friday."", ""source"": ""YangLingo TOEIC Expansion v4""}",dcfaafcdfb1db1d97b83ceb7dd674be4e98acc65
base-0556,LISTENING_RECOGNITION,I will submit the form this afternoon.,Tôi sẽ nộp biểu mẫu vào chiều nay.,,I will submit the form this afternoon.,Tôi sẽ nộp biểu mẫu vào chiều nay.,Workplace Communication,B1,"{""part_of_speech"": ""sentence"", ""subtopic"": ""TOEIC Functional Phrase"", ""toeic_part"": ""2"", ""difficulty"": ""2"", ""explanation"": ""Câu chức năng nên luyện nghe nhận diện, nối âm và shadowing."", ""tags"": ""toeic,v4,functional-phrase,workplace-communication"", ""audio_text"": ""I will submit the form this afternoon."", ""source"": ""YangLingo TOEIC Expansion v4""}",1c4f54456254256ef2ae4c3bc722c0e1331bfae1
base-0557,LISTENING_RECOGNITION,We need to submit the form before the deadline.,Chúng ta cần nộp biểu mẫu trước hạn chót.,,We need to submit the form before the deadline.,Chúng ta cần nộp biểu mẫu trước hạn chót.,Workplace Communication,B1,"{""part_of_speech"": ""sentence"", ""subtopic"": ""TOEIC Functional Phrase"", ""toeic_part"": ""3"", ""difficulty"": ""2"", ""explanation"": ""Câu chức năng nên luyện nghe nhận diện, nối âm và shadowing."", ""tags"": ""toeic,v4,functional-phrase,workplace-communication"", ""audio_text"": ""We need to submit the form before the deadline."", ""source"": ""YangLingo TOEIC Expansion v4""}",7eb1a1f30c310bfac1938b523063b31d6a159d28
base-0558,LISTENING_RECOGNITION,Please sign the document by Friday.,Vui lòng ký tài liệu trước thứ Sáu.,,Please sign the document by Friday.,Vui lòng ký tài liệu trước thứ Sáu.,Workplace Communication,B1,"{""part_of_speech"": ""sentence"", ""subtopic"": ""TOEIC Functional Phrase"", ""toeic_part"": ""2"", ""difficulty"": ""1"", ""explanation"": ""Câu chức năng nên luyện nghe nhận diện, nối âm và shadowing."", ""tags"": ""toeic,v4,functional-phrase,workplace-communication"", ""audio_text"": ""Please sign the document by Friday."", ""source"": ""YangLingo TOEIC Expansion v4""}",573d2e0e78ec31344361b8d9ec7bf15a03847dbf
base-0559,LISTENING_RECOGNITION,I will sign the document this afternoon.,Tôi sẽ ký tài liệu vào chiều nay.,,I will sign the document this afternoon.,Tôi sẽ ký tài liệu vào chiều nay.,Workplace Communication,B1,"{""part_of_speech"": ""sentence"", ""subtopic"": ""TOEIC Functional Phrase"", ""toeic_part"": ""2"", ""difficulty"": ""2"", ""explanation"": ""Câu chức năng nên luyện nghe nhận diện, nối âm và shadowing."", ""tags"": ""toeic,v4,functional-phrase,workplace-communication"", ""audio_text"": ""I will sign the document this afternoon."", ""source"": ""YangLingo TOEIC Expansion v4""}",369c7498604cd707eb92436ae0a86a8c3df40ec0
base-0560,LISTENING_RECOGNITION,We need to sign the document before the deadline.,Chúng ta cần ký tài liệu trước hạn chót.,,We need to sign the document before the deadline.,Chúng ta cần ký tài liệu trước hạn chót.,Workplace Communication,B1,"{""part_of_speech"": ""sentence"", ""subtopic"": ""TOEIC Functional Phrase"", ""toeic_part"": ""3"", ""difficulty"": ""2"", ""explanation"": ""Câu chức năng nên luyện nghe nhận diện, nối âm và shadowing."", ""tags"": ""toeic,v4,functional-phrase,workplace-communication"", ""audio_text"": ""We need to sign the document before the deadline."", ""source"": ""YangLingo TOEIC Expansion v4""}",2b456f461f0b7ea936593cc62b72ed0fcb20d72f
base-0561,LISTENING_RECOGNITION,Please review the report by Friday.,Vui lòng xem lại báo cáo trước thứ Sáu.,,Please review the report by Friday.,Vui lòng xem lại báo cáo trước thứ Sáu.,Workplace Communication,B1,"{""part_of_speech"": ""sentence"", ""subtopic"": ""TOEIC Functional Phrase"", ""toeic_part"": ""2"", ""difficulty"": ""1"", ""explanation"": ""Câu chức năng nên luyện nghe nhận diện, nối âm và shadowing."", ""tags"": ""toeic,v4,functional-phrase,workplace-communication"", ""audio_text"": ""Please review the report by Friday."", ""source"": ""YangLingo TOEIC Expansion v4""}",a80c596cbeb6102ce3548613f58a1d7b9a0651bb
base-0562,LISTENING_RECOGNITION,I will review the report this afternoon.,Tôi sẽ xem lại báo cáo vào chiều nay.,,I will review the report this afternoon.,Tôi sẽ xem lại báo cáo vào chiều nay.,Workplace Communication,B1,"{""part_of_speech"": ""sentence"", ""subtopic"": ""TOEIC Functional Phrase"", ""toeic_part"": ""2"", ""difficulty"": ""2"", ""explanation"": ""Câu chức năng nên luyện nghe nhận diện, nối âm và shadowing."", ""tags"": ""toeic,v4,functional-phrase,workplace-communication"", ""audio_text"": ""I will review the report this afternoon."", ""source"": ""YangLingo TOEIC Expansion v4""}",fe9e7e7ea843eba49f3e123f2bae03ea734b077a
base-0563,LISTENING_RECOGNITION,We need to review the report before the deadline.,Chúng ta cần xem lại báo cáo trước hạn chót.,,We need to review the report before the deadline.,Chúng ta cần xem lại báo cáo trước hạn chót.,Workplace Communication,B1,"{""part_of_speech"": ""sentence"", ""subtopic"": ""TOEIC Functional Phrase"", ""toeic_part"": ""3"", ""difficulty"": ""2"", ""explanation"": ""Câu chức năng nên luyện nghe nhận diện, nối âm và shadowing."", ""tags"": ""toeic,v4,functional-phrase,workplace-communication"", ""audio_text"": ""We need to review the report before the deadline."", ""source"": ""YangLingo TOEIC Expansion v4""}",f48cf6ed74d40a50fa766da07d9dc5a641b05bbb
base-0564,LISTENING_RECOGNITION,Please confirm the reservation by Friday.,Vui lòng xác nhận đặt chỗ trước thứ Sáu.,,Please confirm the reservation by Friday.,Vui lòng xác nhận đặt chỗ trước thứ Sáu.,Workplace Communication,B1,"{""part_of_speech"": ""sentence"", ""subtopic"": ""TOEIC Functional Phrase"", ""toeic_part"": ""2"", ""difficulty"": ""1"", ""explanation"": ""Câu chức năng nên luyện nghe nhận diện, nối âm và shadowing."", ""tags"": ""toeic,v4,functional-phrase,workplace-communication"", ""audio_text"": ""Please confirm the reservation by Friday."", ""source"": ""YangLingo TOEIC Expansion v4""}",af95df15042aa87868b44dde3a9cabf6c128f1dc
base-0565,LISTENING_RECOGNITION,I will confirm the reservation this afternoon.,Tôi sẽ xác nhận đặt chỗ vào chiều nay.,,I will confirm the reservation this afternoon.,Tôi sẽ xác nhận đặt chỗ vào chiều nay.,Workplace Communication,B1,"{""part_of_speech"": ""sentence"", ""subtopic"": ""TOEIC Functional Phrase"", ""toeic_part"": ""2"", ""difficulty"": ""2"", ""explanation"": ""Câu chức năng nên luyện nghe nhận diện, nối âm và shadowing."", ""tags"": ""toeic,v4,functional-phrase,workplace-communication"", ""audio_text"": ""I will confirm the reservation this afternoon."", ""source"": ""YangLingo TOEIC Expansion v4""}",15d2231e2b891f8b12a10e0ef721d880e8047e61
base-0566,LISTENING_RECOGNITION,We need to confirm the reservation before the deadline.,Chúng ta cần xác nhận đặt chỗ trước hạn chót.,,We need to confirm the reservation before the deadline.,Chúng ta cần xác nhận đặt chỗ trước hạn chót.,Workplace Communication,B1,"{""part_of_speech"": ""sentence"", ""subtopic"": ""TOEIC Functional Phrase"", ""toeic_part"": ""3"", ""difficulty"": ""2"", ""explanation"": ""Câu chức năng nên luyện nghe nhận diện, nối âm và shadowing."", ""tags"": ""toeic,v4,functional-phrase,workplace-communication"", ""audio_text"": ""We need to confirm the reservation before the deadline."", ""source"": ""YangLingo TOEIC Expansion v4""}",691cb01c41af337fc23c338e85b7ee83a2239706
base-0567,LISTENING_RECOGNITION,Please approve the budget by Friday.,Vui lòng phê duyệt ngân sách trước thứ Sáu.,,Please approve the budget by Friday.,Vui lòng phê duyệt ngân sách trước thứ Sáu.,Workplace Communication,B1,"{""part_of_speech"": ""sentence"", ""subtopic"": ""TOEIC Functional Phrase"", ""toeic_part"": ""2"", ""difficulty"": ""1"", ""explanation"": ""Câu chức năng nên luyện nghe nhận diện, nối âm và shadowing."", ""tags"": ""toeic,v4,functional-phrase,workplace-communication"", ""audio_text"": ""Please approve the budget by Friday."", ""source"": ""YangLingo TOEIC Expansion v4""}",29ed9fd641c904b0de22a8aecd115a768e7d7e4c
base-0568,LISTENING_RECOGNITION,I will approve the budget this afternoon.,Tôi sẽ phê duyệt ngân sách vào chiều nay.,,I will approve the budget this afternoon.,Tôi sẽ phê duyệt ngân sách vào chiều nay.,Workplace Communication,B1,"{""part_of_speech"": ""sentence"", ""subtopic"": ""TOEIC Functional Phrase"", ""toeic_part"": ""2"", ""difficulty"": ""2"", ""explanation"": ""Câu chức năng nên luyện nghe nhận diện, nối âm và shadowing."", ""tags"": ""toeic,v4,functional-phrase,workplace-communication"", ""audio_text"": ""I will approve the budget this afternoon."", ""source"": ""YangLingo TOEIC Expansion v4""}",2c1a8f62502cc2608ccd91111ce1a9b3b7f767c6
base-0569,LISTENING_RECOGNITION,We need to approve the budget before the deadline.,Chúng ta cần phê duyệt ngân sách trước hạn chót.,,We need to approve the budget before the deadline.,Chúng ta cần phê duyệt ngân sách trước hạn chót.,Workplace Communication,B1,"{""part_of_speech"": ""sentence"", ""subtopic"": ""TOEIC Functional Phrase"", ""toeic_part"": ""3"", ""difficulty"": ""2"", ""explanation"": ""Câu chức năng nên luyện nghe nhận diện, nối âm và shadowing."", ""tags"": ""toeic,v4,functional-phrase,workplace-communication"", ""audio_text"": ""We need to approve the budget before the deadline."", ""source"": ""YangLingo TOEIC Expansion v4""}",f5ea33ce4862b5d0887a9ebcaed6947728bba30e
base-0570,LISTENING_RECOGNITION,Please contact the supplier by Friday.,Vui lòng liên hệ nhà cung cấp trước thứ Sáu.,,Please contact the supplier by Friday.,Vui lòng liên hệ nhà cung cấp trước thứ Sáu.,Workplace Communication,B1,"{""part_of_speech"": ""sentence"", ""subtopic"": ""TOEIC Functional Phrase"", ""toeic_part"": ""2"", ""difficulty"": ""1"", ""explanation"": ""Câu chức năng nên luyện nghe nhận diện, nối âm và shadowing."", ""tags"": ""toeic,v4,functional-phrase,workplace-communication"", ""audio_text"": ""Please contact the supplier by Friday."", ""source"": ""YangLingo TOEIC Expansion v4""}",6bc4eacc9a1cdec3eae521c7f3e2105e2685982c
base-0571,LISTENING_RECOGNITION,I will contact the supplier this afternoon.,Tôi sẽ liên hệ nhà cung cấp vào chiều nay.,,I will contact the supplier this afternoon.,Tôi sẽ liên hệ nhà cung cấp vào chiều nay.,Workplace Communication,B1,"{""part_of_speech"": ""sentence"", ""subtopic"": ""TOEIC Functional Phrase"", ""toeic_part"": ""2"", ""difficulty"": ""2"", ""explanation"": ""Câu chức năng nên luyện nghe nhận diện, nối âm và shadowing."", ""tags"": ""toeic,v4,functional-phrase,workplace-communication"", ""audio_text"": ""I will contact the supplier this afternoon."", ""source"": ""YangLingo TOEIC Expansion v4""}",aef94925131f63057d0b06ce45f223dd82c9ac4f
base-0572,LISTENING_RECOGNITION,We need to contact the supplier before the deadline.,Chúng ta cần liên hệ nhà cung cấp trước hạn chót.,,We need to contact the supplier before the deadline.,Chúng ta cần liên hệ nhà cung cấp trước hạn chót.,Workplace Communication,B1,"{""part_of_speech"": ""sentence"", ""subtopic"": ""TOEIC Functional Phrase"", ""toeic_part"": ""3"", ""difficulty"": ""2"", ""explanation"": ""Câu chức năng nên luyện nghe nhận diện, nối âm và shadowing."", ""tags"": ""toeic,v4,functional-phrase,workplace-communication"", ""audio_text"": ""We need to contact the supplier before the deadline."", ""source"": ""YangLingo TOEIC Expansion v4""}",96635a15c9969b4686dec5489ef286db75180aa3
base-0573,LISTENING_RECOGNITION,Please call the client by Friday.,Vui lòng gọi cho khách hàng trước thứ Sáu.,,Please call the client by Friday.,Vui lòng gọi cho khách hàng trước thứ Sáu.,Workplace Communication,B1,"{""part_of_speech"": ""sentence"", ""subtopic"": ""TOEIC Functional Phrase"", ""toeic_part"": ""2"", ""difficulty"": ""1"", ""explanation"": ""Câu chức năng nên luyện nghe nhận diện, nối âm và shadowing."", ""tags"": ""toeic,v4,functional-phrase,workplace-communication"", ""audio_text"": ""Please call the client by Friday."", ""source"": ""YangLingo TOEIC Expansion v4""}",09592a5327cb30573f15e0664565b59716ceb777
base-0574,LISTENING_RECOGNITION,I will call the client this afternoon.,Tôi sẽ gọi cho khách hàng vào chiều nay.,,I will call the client this afternoon.,Tôi sẽ gọi cho khách hàng vào chiều nay.,Workplace Communication,B1,"{""part_of_speech"": ""sentence"", ""subtopic"": ""TOEIC Functional Phrase"", ""toeic_part"": ""2"", ""difficulty"": ""2"", ""explanation"": ""Câu chức năng nên luyện nghe nhận diện, nối âm và shadowing."", ""tags"": ""toeic,v4,functional-phrase,workplace-communication"", ""audio_text"": ""I will call the client this afternoon."", ""source"": ""YangLingo TOEIC Expansion v4""}",e87ebbe84c4b9932caf2c824d12701d81aacab13
base-0575,LISTENING_RECOGNITION,We need to call the client before the deadline.,Chúng ta cần gọi cho khách hàng trước hạn chót.,,We need to call the client before the deadline.,Chúng ta cần gọi cho khách hàng trước hạn chót.,Workplace Communication,B1,"{""part_of_speech"": ""sentence"", ""subtopic"": ""TOEIC Functional Phrase"", ""toeic_part"": ""3"", ""difficulty"": ""2"", ""explanation"": ""Câu chức năng nên luyện nghe nhận diện, nối âm và shadowing."", ""tags"": ""toeic,v4,functional-phrase,workplace-communication"", ""audio_text"": ""We need to call the client before the deadline."", ""source"": ""YangLingo TOEIC Expansion v4""}",03408cae6601668bb4e4b9ab3a4659a64ed16f08
base-0576,LISTENING_RECOGNITION,Please update the schedule by Friday.,Vui lòng cập nhật lịch trước thứ Sáu.,,Please update the schedule by Friday.,Vui lòng cập nhật lịch trước thứ Sáu.,Workplace Communication,B1,"{""part_of_speech"": ""sentence"", ""subtopic"": ""TOEIC Functional Phrase"", ""toeic_part"": ""2"", ""difficulty"": ""1"", ""explanation"": ""Câu chức năng nên luyện nghe nhận diện, nối âm và shadowing."", ""tags"": ""toeic,v4,functional-phrase,workplace-communication"", ""audio_text"": ""Please update the schedule by Friday."", ""source"": ""YangLingo TOEIC Expansion v4""}",61afe6b480b46c5666f011e9f07587b2ceb02fc9
base-0577,LISTENING_RECOGNITION,I will update the schedule this afternoon.,Tôi sẽ cập nhật lịch vào chiều nay.,,I will update the schedule this afternoon.,Tôi sẽ cập nhật lịch vào chiều nay.,Workplace Communication,B1,"{""part_of_speech"": ""sentence"", ""subtopic"": ""TOEIC Functional Phrase"", ""toeic_part"": ""2"", ""difficulty"": ""2"", ""explanation"": ""Câu chức năng nên luyện nghe nhận diện, nối âm và shadowing."", ""tags"": ""toeic,v4,functional-phrase,workplace-communication"", ""audio_text"": ""I will update the schedule this afternoon."", ""source"": ""YangLingo TOEIC Expansion v4""}",b45117f8badc21b2cf9d11bedbe214188dd1fe3e
base-0578,LISTENING_RECOGNITION,We need to update the schedule before the deadline.,Chúng ta cần cập nhật lịch trước hạn chót.,,We need to update the schedule before the deadline.,Chúng ta cần cập nhật lịch trước hạn chót.,Workplace Communication,B1,"{""part_of_speech"": ""sentence"", ""subtopic"": ""TOEIC Functional Phrase"", ""toeic_part"": ""3"", ""difficulty"": ""2"", ""explanation"": ""Câu chức năng nên luyện nghe nhận diện, nối âm và shadowing."", ""tags"": ""toeic,v4,functional-phrase,workplace-communication"", ""audio_text"": ""We need to update the schedule before the deadline."", ""source"": ""YangLingo TOEIC Expansion v4""}",b20c80873a197353afdc27f57e4b682466e4114d
base-0579,LISTENING_RECOGNITION,Please check the inventory by Friday.,Vui lòng kiểm tra hàng tồn kho trước thứ Sáu.,,Please check the inventory by Friday.,Vui lòng kiểm tra hàng tồn kho trước thứ Sáu.,Workplace Communication,B1,"{""part_of_speech"": ""sentence"", ""subtopic"": ""TOEIC Functional Phrase"", ""toeic_part"": ""2"", ""difficulty"": ""1"", ""explanation"": ""Câu chức năng nên luyện nghe nhận diện, nối âm và shadowing."", ""tags"": ""toeic,v4,functional-phrase,workplace-communication"", ""audio_text"": ""Please check the inventory by Friday."", ""source"": ""YangLingo TOEIC Expansion v4""}",867a474b338aba02ba614b22e9952afdec04e77d
base-0580,LISTENING_RECOGNITION,I will check the inventory this afternoon.,Tôi sẽ kiểm tra hàng tồn kho vào chiều nay.,,I will check the inventory this afternoon.,Tôi sẽ kiểm tra hàng tồn kho vào chiều nay.,Workplace Communication,B1,"{""part_of_speech"": ""sentence"", ""subtopic"": ""TOEIC Functional Phrase"", ""toeic_part"": ""2"", ""difficulty"": ""2"", ""explanation"": ""Câu chức năng nên luyện nghe nhận diện, nối âm và shadowing."", ""tags"": ""toeic,v4,functional-phrase,workplace-communication"", ""audio_text"": ""I will check the inventory this afternoon."", ""source"": ""YangLingo TOEIC Expansion v4""}",0c16526d543155fb25ec69af3bf42ea91d30bf35
base-0581,LISTENING_RECOGNITION,We need to check the inventory before the deadline.,Chúng ta cần kiểm tra hàng tồn kho trước hạn chót.,,We need to check the inventory before the deadline.,Chúng ta cần kiểm tra hàng tồn kho trước hạn chót.,Workplace Communication,B1,"{""part_of_speech"": ""sentence"", ""subtopic"": ""TOEIC Functional Phrase"", ""toeic_part"": ""3"", ""difficulty"": ""2"", ""explanation"": ""Câu chức năng nên luyện nghe nhận diện, nối âm và shadowing."", ""tags"": ""toeic,v4,functional-phrase,workplace-communication"", ""audio_text"": ""We need to check the inventory before the deadline."", ""source"": ""YangLingo TOEIC Expansion v4""}",8063deceaf8a74442cd7fc7c129de5a1162c49b0
base-0582,LISTENING_RECOGNITION,Please process the payment by Friday.,Vui lòng xử lý thanh toán trước thứ Sáu.,,Please process the payment by Friday.,Vui lòng xử lý thanh toán trước thứ Sáu.,Workplace Communication,B1,"{""part_of_speech"": ""sentence"", ""subtopic"": ""TOEIC Functional Phrase"", ""toeic_part"": ""2"", ""difficulty"": ""1"", ""explanation"": ""Câu chức năng nên luyện nghe nhận diện, nối âm và shadowing."", ""tags"": ""toeic,v4,functional-phrase,workplace-communication"", ""audio_text"": ""Please process the payment by Friday."", ""source"": ""YangLingo TOEIC Expansion v4""}",31e3dadafaf1928f543d2dc894ac5d86b813469f
base-0583,LISTENING_RECOGNITION,I will process the payment this afternoon.,Tôi sẽ xử lý thanh toán vào chiều nay.,,I will process the payment this afternoon.,Tôi sẽ xử lý thanh toán vào chiều nay.,Workplace Communication,B1,"{""part_of_speech"": ""sentence"", ""subtopic"": ""TOEIC Functional Phrase"", ""toeic_part"": ""2"", ""difficulty"": ""2"", ""explanation"": ""Câu chức năng nên luyện nghe nhận diện, nối âm và shadowing."", ""tags"": ""toeic,v4,functional-phrase,workplace-communication"", ""audio_text"": ""I will process the payment this afternoon."", ""source"": ""YangLingo TOEIC Expansion v4""}",3ae8f422ee99623dc6f9147dc76f03594168e850
base-0584,LISTENING_RECOGNITION,We need to process the payment before the deadline.,Chúng ta cần xử lý thanh toán trước hạn chót.,,We need to process the payment before the deadline.,Chúng ta cần xử lý thanh toán trước hạn chót.,Workplace Communication,B1,"{""part_of_speech"": ""sentence"", ""subtopic"": ""TOEIC Functional Phrase"", ""toeic_part"": ""3"", ""difficulty"": ""2"", ""explanation"": ""Câu chức năng nên luyện nghe nhận diện, nối âm và shadowing."", ""tags"": ""toeic,v4,functional-phrase,workplace-communication"", ""audio_text"": ""We need to process the payment before the deadline."", ""source"": ""YangLingo TOEIC Expansion v4""}",78d16fb230d814f120b64783655889bdfe2543c3
base-0585,LISTENING_RECOGNITION,Please send the invoice by Friday.,Vui lòng gửi hóa đơn trước thứ Sáu.,,Please send the invoice by Friday.,Vui lòng gửi hóa đơn trước thứ Sáu.,Workplace Communication,B1,"{""part_of_speech"": ""sentence"", ""subtopic"": ""TOEIC Functional Phrase"", ""toeic_part"": ""2"", ""difficulty"": ""1"", ""explanation"": ""Câu chức năng nên luyện nghe nhận diện, nối âm và shadowing."", ""tags"": ""toeic,v4,functional-phrase,workplace-communication"", ""audio_text"": ""Please send the invoice by Friday."", ""source"": ""YangLingo TOEIC Expansion v4""}",506b2861a1119e3d9d04ae3d4540114e0fccc78a
base-0586,LISTENING_RECOGNITION,I will send the invoice this afternoon.,Tôi sẽ gửi hóa đơn vào chiều nay.,,I will send the invoice this afternoon.,Tôi sẽ gửi hóa đơn vào chiều nay.,Workplace Communication,B1,"{""part_of_speech"": ""sentence"", ""subtopic"": ""TOEIC Functional Phrase"", ""toeic_part"": ""2"", ""difficulty"": ""2"", ""explanation"": ""Câu chức năng nên luyện nghe nhận diện, nối âm và shadowing."", ""tags"": ""toeic,v4,functional-phrase,workplace-communication"", ""audio_text"": ""I will send the invoice this afternoon."", ""source"": ""YangLingo TOEIC Expansion v4""}",2bd83f6a9f27d846953ac8df6069799c56d2b3d2
base-0587,LISTENING_RECOGNITION,We need to send the invoice before the deadline.,Chúng ta cần gửi hóa đơn trước hạn chót.,,We need to send the invoice before the deadline.,Chúng ta cần gửi hóa đơn trước hạn chót.,Workplace Communication,B1,"{""part_of_speech"": ""sentence"", ""subtopic"": ""TOEIC Functional Phrase"", ""toeic_part"": ""3"", ""difficulty"": ""2"", ""explanation"": ""Câu chức năng nên luyện nghe nhận diện, nối âm và shadowing."", ""tags"": ""toeic,v4,functional-phrase,workplace-communication"", ""audio_text"": ""We need to send the invoice before the deadline."", ""source"": ""YangLingo TOEIC Expansion v4""}",56e044dc3bbe29d8730c5853c8af4a1edcfbe89d
base-0588,LISTENING_RECOGNITION,Please renew the contract by Friday.,Vui lòng gia hạn hợp đồng trước thứ Sáu.,,Please renew the contract by Friday.,Vui lòng gia hạn hợp đồng trước thứ Sáu.,Workplace Communication,B1,"{""part_of_speech"": ""sentence"", ""subtopic"": ""TOEIC Functional Phrase"", ""toeic_part"": ""2"", ""difficulty"": ""1"", ""explanation"": ""Câu chức năng nên luyện nghe nhận diện, nối âm và shadowing."", ""tags"": ""toeic,v4,functional-phrase,workplace-communication"", ""audio_text"": ""Please renew the contract by Friday."", ""source"": ""YangLingo TOEIC Expansion v4""}",c2c6483291735fd12a96214aa055b697cb2cc40d
base-0589,LISTENING_RECOGNITION,I will renew the contract this afternoon.,Tôi sẽ gia hạn hợp đồng vào chiều nay.,,I will renew the contract this afternoon.,Tôi sẽ gia hạn hợp đồng vào chiều nay.,Workplace Communication,B1,"{""part_of_speech"": ""sentence"", ""subtopic"": ""TOEIC Functional Phrase"", ""toeic_part"": ""2"", ""difficulty"": ""2"", ""explanation"": ""Câu chức năng nên luyện nghe nhận diện, nối âm và shadowing."", ""tags"": ""toeic,v4,functional-phrase,workplace-communication"", ""audio_text"": ""I will renew the contract this afternoon."", ""source"": ""YangLingo TOEIC Expansion v4""}",cb870b6b08b84b078dcd87f0651648c6a5b54950
base-0590,LISTENING_RECOGNITION,We need to renew the contract before the deadline.,Chúng ta cần gia hạn hợp đồng trước hạn chót.,,We need to renew the contract before the deadline.,Chúng ta cần gia hạn hợp đồng trước hạn chót.,Workplace Communication,B1,"{""part_of_speech"": ""sentence"", ""subtopic"": ""TOEIC Functional Phrase"", ""toeic_part"": ""3"", ""difficulty"": ""2"", ""explanation"": ""Câu chức năng nên luyện nghe nhận diện, nối âm và shadowing."", ""tags"": ""toeic,v4,functional-phrase,workplace-communication"", ""audio_text"": ""We need to renew the contract before the deadline."", ""source"": ""YangLingo TOEIC Expansion v4""}",ca9dcf951b5ecc30055775812b49a00e6d1bad4f
base-0591,LISTENING_RECOGNITION,Please back up the files by Friday.,Vui lòng sao lưu tệp trước thứ Sáu.,,Please back up the files by Friday.,Vui lòng sao lưu tệp trước thứ Sáu.,Workplace Communication,B1,"{""part_of_speech"": ""sentence"", ""subtopic"": ""TOEIC Functional Phrase"", ""toeic_part"": ""2"", ""difficulty"": ""1"", ""explanation"": ""Câu chức năng nên luyện nghe nhận diện, nối âm và shadowing."", ""tags"": ""toeic,v4,functional-phrase,workplace-communication"", ""audio_text"": ""Please back up the files by Friday."", ""source"": ""YangLingo TOEIC Expansion v4""}",26206b0b947e17c3b779d245e2480a046901d334
base-0592,LISTENING_RECOGNITION,I will back up the files this afternoon.,Tôi sẽ sao lưu tệp vào chiều nay.,,I will back up the files this afternoon.,Tôi sẽ sao lưu tệp vào chiều nay.,Workplace Communication,B1,"{""part_of_speech"": ""sentence"", ""subtopic"": ""TOEIC Functional Phrase"", ""toeic_part"": ""2"", ""difficulty"": ""2"", ""explanation"": ""Câu chức năng nên luyện nghe nhận diện, nối âm và shadowing."", ""tags"": ""toeic,v4,functional-phrase,workplace-communication"", ""audio_text"": ""I will back up the files this afternoon."", ""source"": ""YangLingo TOEIC Expansion v4""}",faab53bbc6521b04b2e733ba89ab1ed76dc158c4
base-0593,LISTENING_RECOGNITION,We need to back up the files before the deadline.,Chúng ta cần sao lưu tệp trước hạn chót.,,We need to back up the files before the deadline.,Chúng ta cần sao lưu tệp trước hạn chót.,Workplace Communication,B1,"{""part_of_speech"": ""sentence"", ""subtopic"": ""TOEIC Functional Phrase"", ""toeic_part"": ""3"", ""difficulty"": ""2"", ""explanation"": ""Câu chức năng nên luyện nghe nhận diện, nối âm và shadowing."", ""tags"": ""toeic,v4,functional-phrase,workplace-communication"", ""audio_text"": ""We need to back up the files before the deadline."", ""source"": ""YangLingo TOEIC Expansion v4""}",d9b2aaf8f7db6456939b4d0fac45f286a7663c94
base-0594,LISTENING_RECOGNITION,Please install the update by Friday.,Vui lòng cài đặt bản cập nhật trước thứ Sáu.,,Please install the update by Friday.,Vui lòng cài đặt bản cập nhật trước thứ Sáu.,Workplace Communication,B1,"{""part_of_speech"": ""sentence"", ""subtopic"": ""TOEIC Functional Phrase"", ""toeic_part"": ""2"", ""difficulty"": ""1"", ""explanation"": ""Câu chức năng nên luyện nghe nhận diện, nối âm và shadowing."", ""tags"": ""toeic,v4,functional-phrase,workplace-communication"", ""audio_text"": ""Please install the update by Friday."", ""source"": ""YangLingo TOEIC Expansion v4""}",6c01b5efff57b7bbd28bcb0eddf0ed1fa1c42e11
base-0595,LISTENING_RECOGNITION,I will install the update this afternoon.,Tôi sẽ cài đặt bản cập nhật vào chiều nay.,,I will install the update this afternoon.,Tôi sẽ cài đặt bản cập nhật vào chiều nay.,Workplace Communication,B1,"{""part_of_speech"": ""sentence"", ""subtopic"": ""TOEIC Functional Phrase"", ""toeic_part"": ""2"", ""difficulty"": ""2"", ""explanation"": ""Câu chức năng nên luyện nghe nhận diện, nối âm và shadowing."", ""tags"": ""toeic,v4,functional-phrase,workplace-communication"", ""audio_text"": ""I will install the update this afternoon."", ""source"": ""YangLingo TOEIC Expansion v4""}",0649e7f6bbf825117f84ba405031896ad1769ab1
base-0596,LISTENING_RECOGNITION,We need to install the update before the deadline.,Chúng ta cần cài đặt bản cập nhật trước hạn chót.,,We need to install the update before the deadline.,Chúng ta cần cài đặt bản cập nhật trước hạn chót.,Workplace Communication,B1,"{""part_of_speech"": ""sentence"", ""subtopic"": ""TOEIC Functional Phrase"", ""toeic_part"": ""3"", ""difficulty"": ""2"", ""explanation"": ""Câu chức năng nên luyện nghe nhận diện, nối âm và shadowing."", ""tags"": ""toeic,v4,functional-phrase,workplace-communication"", ""audio_text"": ""We need to install the update before the deadline."", ""source"": ""YangLingo TOEIC Expansion v4""}",e51736d679e7c504232ce772ec94032d1bde9500
base-0597,LISTENING_RECOGNITION,Please prepare the presentation by Friday.,Vui lòng chuẩn bị bài thuyết trình trước thứ Sáu.,,Please prepare the presentation by Friday.,Vui lòng chuẩn bị bài thuyết trình trước thứ Sáu.,Workplace Communication,B1,"{""part_of_speech"": ""sentence"", ""subtopic"": ""TOEIC Functional Phrase"", ""toeic_part"": ""2"", ""difficulty"": ""1"", ""explanation"": ""Câu chức năng nên luyện nghe nhận diện, nối âm và shadowing."", ""tags"": ""toeic,v4,functional-phrase,workplace-communication"", ""audio_text"": ""Please prepare the presentation by Friday."", ""source"": ""YangLingo TOEIC Expansion v4""}",e3550f289741f66f8e14d7abaf98c06aef9edca1
base-0598,LISTENING_RECOGNITION,I will prepare the presentation this afternoon.,Tôi sẽ chuẩn bị bài thuyết trình vào chiều nay.,,I will prepare the presentation this afternoon.,Tôi sẽ chuẩn bị bài thuyết trình vào chiều nay.,Workplace Communication,B1,"{""part_of_speech"": ""sentence"", ""subtopic"": ""TOEIC Functional Phrase"", ""toeic_part"": ""2"", ""difficulty"": ""2"", ""explanation"": ""Câu chức năng nên luyện nghe nhận diện, nối âm và shadowing."", ""tags"": ""toeic,v4,functional-phrase,workplace-communication"", ""audio_text"": ""I will prepare the presentation this afternoon."", ""source"": ""YangLingo TOEIC Expansion v4""}",f08d2dd412a08af2f92dad25928a814f405a7153
base-0599,LISTENING_RECOGNITION,We need to prepare the presentation before the deadline.,Chúng ta cần chuẩn bị bài thuyết trình trước hạn chót.,,We need to prepare the presentation before the deadline.,Chúng ta cần chuẩn bị bài thuyết trình trước hạn chót.,Workplace Communication,B1,"{""part_of_speech"": ""sentence"", ""subtopic"": ""TOEIC Functional Phrase"", ""toeic_part"": ""3"", ""difficulty"": ""2"", ""explanation"": ""Câu chức năng nên luyện nghe nhận diện, nối âm và shadowing."", ""tags"": ""toeic,v4,functional-phrase,workplace-communication"", ""audio_text"": ""We need to prepare the presentation before the deadline."", ""source"": ""YangLingo TOEIC Expansion v4""}",aff288a1e72a87cbd71b646de47c8861b6eedd46
base-0600,LISTENING_RECOGNITION,Please book the conference room by Friday.,Vui lòng đặt phòng họp trước thứ Sáu.,,Please book the conference room by Friday.,Vui lòng đặt phòng họp trước thứ Sáu.,Workplace Communication,B1,"{""part_of_speech"": ""sentence"", ""subtopic"": ""TOEIC Functional Phrase"", ""toeic_part"": ""2"", ""difficulty"": ""1"", ""explanation"": ""Câu chức năng nên luyện nghe nhận diện, nối âm và shadowing."", ""tags"": ""toeic,v4,functional-phrase,workplace-communication"", ""audio_text"": ""Please book the conference room by Friday."", ""source"": ""YangLingo TOEIC Expansion v4""}",43bfdab3ad7ea480fd4557a5bc42b0fd788b7acb
base-0601,LISTENING_RECOGNITION,I will book the conference room this afternoon.,Tôi sẽ đặt phòng họp vào chiều nay.,,I will book the conference room this afternoon.,Tôi sẽ đặt phòng họp vào chiều nay.,Workplace Communication,B1,"{""part_of_speech"": ""sentence"", ""subtopic"": ""TOEIC Functional Phrase"", ""toeic_part"": ""2"", ""difficulty"": ""2"", ""explanation"": ""Câu chức năng nên luyện nghe nhận diện, nối âm và shadowing."", ""tags"": ""toeic,v4,functional-phrase,workplace-communication"", ""audio_text"": ""I will book the conference room this afternoon."", ""source"": ""YangLingo TOEIC Expansion v4""}",d20a5d5aca0841d4d3dc77e80dd6f6c43e200389
base-0602,LISTENING_RECOGNITION,We need to book the conference room before the deadline.,Chúng ta cần đặt phòng họp trước hạn chót.,,We need to book the conference room before the deadline.,Chúng ta cần đặt phòng họp trước hạn chót.,Workplace Communication,B1,"{""part_of_speech"": ""sentence"", ""subtopic"": ""TOEIC Functional Phrase"", ""toeic_part"": ""3"", ""difficulty"": ""2"", ""explanation"": ""Câu chức năng nên luyện nghe nhận diện, nối âm và shadowing."", ""tags"": ""toeic,v4,functional-phrase,workplace-communication"", ""audio_text"": ""We need to book the conference room before the deadline."", ""source"": ""YangLingo TOEIC Expansion v4""}",c024b7fbf3f6be7268a58bf5f29ac10001a97717
base-0603,LISTENING_RECOGNITION,Please arrange the shipment by Friday.,Vui lòng sắp xếp lô hàng trước thứ Sáu.,,Please arrange the shipment by Friday.,Vui lòng sắp xếp lô hàng trước thứ Sáu.,Workplace Communication,B1,"{""part_of_speech"": ""sentence"", ""subtopic"": ""TOEIC Functional Phrase"", ""toeic_part"": ""2"", ""difficulty"": ""1"", ""explanation"": ""Câu chức năng nên luyện nghe nhận diện, nối âm và shadowing."", ""tags"": ""toeic,v4,functional-phrase,workplace-communication"", ""audio_text"": ""Please arrange the shipment by Friday."", ""source"": ""YangLingo TOEIC Expansion v4""}",01e6753b3127df42bb03ac67bd6df50699eb3288
base-0604,LISTENING_RECOGNITION,I will arrange the shipment this afternoon.,Tôi sẽ sắp xếp lô hàng vào chiều nay.,,I will arrange the shipment this afternoon.,Tôi sẽ sắp xếp lô hàng vào chiều nay.,Workplace Communication,B1,"{""part_of_speech"": ""sentence"", ""subtopic"": ""TOEIC Functional Phrase"", ""toeic_part"": ""2"", ""difficulty"": ""2"", ""explanation"": ""Câu chức năng nên luyện nghe nhận diện, nối âm và shadowing."", ""tags"": ""toeic,v4,functional-phrase,workplace-communication"", ""audio_text"": ""I will arrange the shipment this afternoon."", ""source"": ""YangLingo TOEIC Expansion v4""}",0164ca26058b95dc25cac218a199c837f668e27a
base-0605,LISTENING_RECOGNITION,We need to arrange the shipment before the deadline.,Chúng ta cần sắp xếp lô hàng trước hạn chót.,,We need to arrange the shipment before the deadline.,Chúng ta cần sắp xếp lô hàng trước hạn chót.,Workplace Communication,B1,"{""part_of_speech"": ""sentence"", ""subtopic"": ""TOEIC Functional Phrase"", ""toeic_part"": ""3"", ""difficulty"": ""2"", ""explanation"": ""Câu chức năng nên luyện nghe nhận diện, nối âm và shadowing."", ""tags"": ""toeic,v4,functional-phrase,workplace-communication"", ""audio_text"": ""We need to arrange the shipment before the deadline."", ""source"": ""YangLingo TOEIC Expansion v4""}",201727e77d271ab8ab1572f3aa4165c95389b4aa
base-0606,LISTENING_RECOGNITION,Please follow up with the customer by Friday.,Vui lòng liên hệ lại với khách hàng trước thứ Sáu.,,Please follow up with the customer by Friday.,Vui lòng liên hệ lại với khách hàng trước thứ Sáu.,Workplace Communication,B1,"{""part_of_speech"": ""sentence"", ""subtopic"": ""TOEIC Functional Phrase"", ""toeic_part"": ""2"", ""difficulty"": ""1"", ""explanation"": ""Câu chức năng nên luyện nghe nhận diện, nối âm và shadowing."", ""tags"": ""toeic,v4,functional-phrase,workplace-communication"", ""audio_text"": ""Please follow up with the customer by Friday."", ""source"": ""YangLingo TOEIC Expansion v4""}",77ac585bc92e04c83ee24e168fc5c138b8f82c5e
base-0607,LISTENING_RECOGNITION,I will follow up with the customer this afternoon.,Tôi sẽ liên hệ lại với khách hàng vào chiều nay.,,I will follow up with the customer this afternoon.,Tôi sẽ liên hệ lại với khách hàng vào chiều nay.,Workplace Communication,B1,"{""part_of_speech"": ""sentence"", ""subtopic"": ""TOEIC Functional Phrase"", ""toeic_part"": ""2"", ""difficulty"": ""2"", ""explanation"": ""Câu chức năng nên luyện nghe nhận diện, nối âm và shadowing."", ""tags"": ""toeic,v4,functional-phrase,workplace-communication"", ""audio_text"": ""I will follow up with the customer this afternoon."", ""source"": ""YangLingo TOEIC Expansion v4""}",7932a87cbd75c07adfa3b2259ce2078931d1ffda
base-0608,LISTENING_RECOGNITION,We need to follow up with the customer before the deadline.,Chúng ta cần liên hệ lại với khách hàng trước hạn chót.,,We need to follow up with the customer before the deadline.,Chúng ta cần liên hệ lại với khách hàng trước hạn chót.,Workplace Communication,B1,"{""part_of_speech"": ""sentence"", ""subtopic"": ""TOEIC Functional Phrase"", ""toeic_part"": ""3"", ""difficulty"": ""2"", ""explanation"": ""Câu chức năng nên luyện nghe nhận diện, nối âm và shadowing."", ""tags"": ""toeic,v4,functional-phrase,workplace-communication"", ""audio_text"": ""We need to follow up with the customer before the deadline."", ""source"": ""YangLingo TOEIC Expansion v4""}",f96ec5dd9906fbb8d44dff740551ee940fd2890c
base-0609,LISTENING_RECOGNITION,Please complete the survey by Friday.,Vui lòng hoàn thành khảo sát trước thứ Sáu.,,Please complete the survey by Friday.,Vui lòng hoàn thành khảo sát trước thứ Sáu.,Workplace Communication,B1,"{""part_of_speech"": ""sentence"", ""subtopic"": ""TOEIC Functional Phrase"", ""toeic_part"": ""2"", ""difficulty"": ""1"", ""explanation"": ""Câu chức năng nên luyện nghe nhận diện, nối âm và shadowing."", ""tags"": ""toeic,v4,functional-phrase,workplace-communication"", ""audio_text"": ""Please complete the survey by Friday."", ""source"": ""YangLingo TOEIC Expansion v4""}",3f04b6f6a34b794816cbef6a072fe62dd9e3ce23
base-0610,LISTENING_RECOGNITION,I will complete the survey this afternoon.,Tôi sẽ hoàn thành khảo sát vào chiều nay.,,I will complete the survey this afternoon.,Tôi sẽ hoàn thành khảo sát vào chiều nay.,Workplace Communication,B1,"{""part_of_speech"": ""sentence"", ""subtopic"": ""TOEIC Functional Phrase"", ""toeic_part"": ""2"", ""difficulty"": ""2"", ""explanation"": ""Câu chức năng nên luyện nghe nhận diện, nối âm và shadowing."", ""tags"": ""toeic,v4,functional-phrase,workplace-communication"", ""audio_text"": ""I will complete the survey this afternoon."", ""source"": ""YangLingo TOEIC Expansion v4""}",418afc358ded9f4120fe14fc74d9ea1b2a74582d
base-0611,LISTENING_RECOGNITION,We need to complete the survey before the deadline.,Chúng ta cần hoàn thành khảo sát trước hạn chót.,,We need to complete the survey before the deadline.,Chúng ta cần hoàn thành khảo sát trước hạn chót.,Workplace Communication,B1,"{""part_of_speech"": ""sentence"", ""subtopic"": ""TOEIC Functional Phrase"", ""toeic_part"": ""3"", ""difficulty"": ""2"", ""explanation"": ""Câu chức năng nên luyện nghe nhận diện, nối âm và shadowing."", ""tags"": ""toeic,v4,functional-phrase,workplace-communication"", ""audio_text"": ""We need to complete the survey before the deadline."", ""source"": ""YangLingo TOEIC Expansion v4""}",6982e292353a57090e9212a43288a889ee262ffa
base-0612,LISTENING_RECOGNITION,Please request a refund by Friday.,Vui lòng yêu cầu hoàn tiền trước thứ Sáu.,,Please request a refund by Friday.,Vui lòng yêu cầu hoàn tiền trước thứ Sáu.,Workplace Communication,B1,"{""part_of_speech"": ""sentence"", ""subtopic"": ""TOEIC Functional Phrase"", ""toeic_part"": ""2"", ""difficulty"": ""1"", ""explanation"": ""Câu chức năng nên luyện nghe nhận diện, nối âm và shadowing."", ""tags"": ""toeic,v4,functional-phrase,workplace-communication"", ""audio_text"": ""Please request a refund by Friday."", ""source"": ""YangLingo TOEIC Expansion v4""}",cc60beda05d3c291eb6963a46cabebf3c039a7e5
base-0613,LISTENING_RECOGNITION,I will request a refund this afternoon.,Tôi sẽ yêu cầu hoàn tiền vào chiều nay.,,I will request a refund this afternoon.,Tôi sẽ yêu cầu hoàn tiền vào chiều nay.,Workplace Communication,B1,"{""part_of_speech"": ""sentence"", ""subtopic"": ""TOEIC Functional Phrase"", ""toeic_part"": ""2"", ""difficulty"": ""2"", ""explanation"": ""Câu chức năng nên luyện nghe nhận diện, nối âm và shadowing."", ""tags"": ""toeic,v4,functional-phrase,workplace-communication"", ""audio_text"": ""I will request a refund this afternoon."", ""source"": ""YangLingo TOEIC Expansion v4""}",566f53b079ae539a75387829c8010e756e7beccb
base-0614,LISTENING_RECOGNITION,We need to request a refund before the deadline.,Chúng ta cần yêu cầu hoàn tiền trước hạn chót.,,We need to request a refund before the deadline.,Chúng ta cần yêu cầu hoàn tiền trước hạn chót.,Workplace Communication,B1,"{""part_of_speech"": ""sentence"", ""subtopic"": ""TOEIC Functional Phrase"", ""toeic_part"": ""3"", ""difficulty"": ""2"", ""explanation"": ""Câu chức năng nên luyện nghe nhận diện, nối âm và shadowing."", ""tags"": ""toeic,v4,functional-phrase,workplace-communication"", ""audio_text"": ""We need to request a refund before the deadline."", ""source"": ""YangLingo TOEIC Expansion v4""}",c5380ffe5f1866f4354b0e9630448c9475b70e1f
base-0615,LISTENING_RECOGNITION,Your order will arrive tomorrow.,Đơn hàng của bạn sẽ đến vào ngày mai.,,Your order will arrive tomorrow.,Đơn hàng của bạn sẽ đến vào ngày mai.,Customer Service Listening,B1,"{""part_of_speech"": ""sentence"", ""subtopic"": ""TOEIC Functional Phrase"", ""toeic_part"": ""3"", ""difficulty"": ""2"", ""explanation"": ""Câu chức năng nên luyện nghe nhận diện, nối âm và shadowing."", ""tags"": ""toeic,v4,functional-phrase,customer-service-listening"", ""audio_text"": ""Your order will arrive tomorrow."", ""source"": ""YangLingo TOEIC Expansion v4""}",45f004e9edf1db5dd24d9a2641ec0ed202919477
base-0616,LISTENING_RECOGNITION,The item is currently out of stock.,Sản phẩm hiện đang hết hàng.,,The item is currently out of stock.,Sản phẩm hiện đang hết hàng.,Customer Service Listening,B1,"{""part_of_speech"": ""sentence"", ""subtopic"": ""TOEIC Functional Phrase"", ""toeic_part"": ""3"", ""difficulty"": ""2"", ""explanation"": ""Câu chức năng nên luyện nghe nhận diện, nối âm và shadowing."", ""tags"": ""toeic,v4,functional-phrase,customer-service-listening"", ""audio_text"": ""The item is currently out of stock."", ""source"": ""YangLingo TOEIC Expansion v4""}",642c79c54b8a8cdd9c274c4d239996a5991853e4
base-0617,LISTENING_RECOGNITION,A replacement will be sent today.,Sản phẩm thay thế sẽ được gửi hôm nay.,,A replacement will be sent today.,Sản phẩm thay thế sẽ được gửi hôm nay.,Customer Service Listening,B1,"{""part_of_speech"": ""sentence"", ""subtopic"": ""TOEIC Functional Phrase"", ""toeic_part"": ""3"", ""difficulty"": ""2"", ""explanation"": ""Câu chức năng nên luyện nghe nhận diện, nối âm và shadowing."", ""tags"": ""toeic,v4,functional-phrase,customer-service-listening"", ""audio_text"": ""A replacement will be sent today."", ""source"": ""YangLingo TOEIC Expansion v4""}",d94330686adc43563f8c1cc1c6ae40a75d1c7e60
base-0618,LISTENING_RECOGNITION,Your refund has been processed.,Khoản hoàn tiền của bạn đã được xử lý.,,Your refund has been processed.,Khoản hoàn tiền của bạn đã được xử lý.,Customer Service Listening,B1,"{""part_of_speech"": ""sentence"", ""subtopic"": ""TOEIC Functional Phrase"", ""toeic_part"": ""3"", ""difficulty"": ""2"", ""explanation"": ""Câu chức năng nên luyện nghe nhận diện, nối âm và shadowing."", ""tags"": ""toeic,v4,functional-phrase,customer-service-listening"", ""audio_text"": ""Your refund has been processed."", ""source"": ""YangLingo TOEIC Expansion v4""}",c21ffc04cb8c18318c40bf2fb5a13006e5679b2d
base-0619,LISTENING_RECOGNITION,The warranty is valid for one year.,Bảo hành có hiệu lực trong một năm.,,The warranty is valid for one year.,Bảo hành có hiệu lực trong một năm.,Customer Service Listening,B1,"{""part_of_speech"": ""sentence"", ""subtopic"": ""TOEIC Functional Phrase"", ""toeic_part"": ""3"", ""difficulty"": ""2"", ""explanation"": ""Câu chức năng nên luyện nghe nhận diện, nối âm và shadowing."", ""tags"": ""toeic,v4,functional-phrase,customer-service-listening"", ""audio_text"": ""The warranty is valid for one year."", ""source"": ""YangLingo TOEIC Expansion v4""}",9c6d93bae7868720c784a065e0c50129ad2053c7
base-0620,LISTENING_RECOGNITION,Your reservation has been confirmed.,Đặt chỗ của bạn đã được xác nhận.,,Your reservation has been confirmed.,Đặt chỗ của bạn đã được xác nhận.,Customer Service Listening,B1,"{""part_of_speech"": ""sentence"", ""subtopic"": ""TOEIC Functional Phrase"", ""toeic_part"": ""3"", ""difficulty"": ""2"", ""explanation"": ""Câu chức năng nên luyện nghe nhận diện, nối âm và shadowing."", ""tags"": ""toeic,v4,functional-phrase,customer-service-listening"", ""audio_text"": ""Your reservation has been confirmed."", ""source"": ""YangLingo TOEIC Expansion v4""}",e0d3ad323e4bd83644eef8064c40d2eb25b25ded
base-0621,LISTENING_RECOGNITION,The flight has been delayed by thirty minutes.,Chuyến bay đã bị hoãn ba mươi phút.,,The flight has been delayed by thirty minutes.,Chuyến bay đã bị hoãn ba mươi phút.,Customer Service Listening,B1,"{""part_of_speech"": ""sentence"", ""subtopic"": ""TOEIC Functional Phrase"", ""toeic_part"": ""3"", ""difficulty"": ""2"", ""explanation"": ""Câu chức năng nên luyện nghe nhận diện, nối âm và shadowing."", ""tags"": ""toeic,v4,functional-phrase,customer-service-listening"", ""audio_text"": ""The flight has been delayed by thirty minutes."", ""source"": ""YangLingo TOEIC Expansion v4""}",b8b63cfeac50ea6e98a9028d2dcd02db790f4e7c
base-0622,LISTENING_RECOGNITION,The shuttle leaves every twenty minutes.,Xe đưa đón khởi hành mỗi hai mươi phút.,,The shuttle leaves every twenty minutes.,Xe đưa đón khởi hành mỗi hai mươi phút.,Customer Service Listening,B1,"{""part_of_speech"": ""sentence"", ""subtopic"": ""TOEIC Functional Phrase"", ""toeic_part"": ""3"", ""difficulty"": ""2"", ""explanation"": ""Câu chức năng nên luyện nghe nhận diện, nối âm và shadowing."", ""tags"": ""toeic,v4,functional-phrase,customer-service-listening"", ""audio_text"": ""The shuttle leaves every twenty minutes."", ""source"": ""YangLingo TOEIC Expansion v4""}",a9d0ba16f3d45eab0c6d400ad336c04120428d0d
base-0623,LISTENING_RECOGNITION,Breakfast is included in the room rate.,Bữa sáng đã bao gồm trong giá phòng.,,Breakfast is included in the room rate.,Bữa sáng đã bao gồm trong giá phòng.,Customer Service Listening,B1,"{""part_of_speech"": ""sentence"", ""subtopic"": ""TOEIC Functional Phrase"", ""toeic_part"": ""3"", ""difficulty"": ""2"", ""explanation"": ""Câu chức năng nên luyện nghe nhận diện, nối âm và shadowing."", ""tags"": ""toeic,v4,functional-phrase,customer-service-listening"", ""audio_text"": ""Breakfast is included in the room rate."", ""source"": ""YangLingo TOEIC Expansion v4""}",1be8d7842f3e12d2e53ba784f65c798ef4d2717d
base-0624,LISTENING_RECOGNITION,Check-out is at eleven o’clock.,Giờ trả phòng là mười một giờ.,,Check-out is at eleven o’clock.,Giờ trả phòng là mười một giờ.,Customer Service Listening,B1,"{""part_of_speech"": ""sentence"", ""subtopic"": ""TOEIC Functional Phrase"", ""toeic_part"": ""3"", ""difficulty"": ""2"", ""explanation"": ""Câu chức năng nên luyện nghe nhận diện, nối âm và shadowing."", ""tags"": ""toeic,v4,functional-phrase,customer-service-listening"", ""audio_text"": ""Check-out is at eleven o’clock."", ""source"": ""YangLingo TOEIC Expansion v4""}",6fa700ea732a124c5438847da0c84f1dc7766b1a
base-0625,LISTENING_RECOGNITION,The conference room is available after two.,Phòng họp còn trống sau hai giờ.,,The conference room is available after two.,Phòng họp còn trống sau hai giờ.,Customer Service Listening,B1,"{""part_of_speech"": ""sentence"", ""subtopic"": ""TOEIC Functional Phrase"", ""toeic_part"": ""3"", ""difficulty"": ""2"", ""explanation"": ""Câu chức năng nên luyện nghe nhận diện, nối âm và shadowing."", ""tags"": ""toeic,v4,functional-phrase,customer-service-listening"", ""audio_text"": ""The conference room is available after two."", ""source"": ""YangLingo TOEIC Expansion v4""}",925c89246c5c39621c10722e9c159d101ec6e61d
base-0626,LISTENING_RECOGNITION,The technician will arrive this afternoon.,Kỹ thuật viên sẽ đến vào chiều nay.,,The technician will arrive this afternoon.,Kỹ thuật viên sẽ đến vào chiều nay.,Customer Service Listening,B1,"{""part_of_speech"": ""sentence"", ""subtopic"": ""TOEIC Functional Phrase"", ""toeic_part"": ""3"", ""difficulty"": ""2"", ""explanation"": ""Câu chức năng nên luyện nghe nhận diện, nối âm và shadowing."", ""tags"": ""toeic,v4,functional-phrase,customer-service-listening"", ""audio_text"": ""The technician will arrive this afternoon."", ""source"": ""YangLingo TOEIC Expansion v4""}",9142d1bba9b05b413568aaf3f3d48a57f04892a7
base-0627,LISTENING_RECOGNITION,The system is temporarily unavailable.,Hệ thống tạm thời không khả dụng.,,The system is temporarily unavailable.,Hệ thống tạm thời không khả dụng.,Customer Service Listening,B1,"{""part_of_speech"": ""sentence"", ""subtopic"": ""TOEIC Functional Phrase"", ""toeic_part"": ""3"", ""difficulty"": ""2"", ""explanation"": ""Câu chức năng nên luyện nghe nhận diện, nối âm và shadowing."", ""tags"": ""toeic,v4,functional-phrase,customer-service-listening"", ""audio_text"": ""The system is temporarily unavailable."", ""source"": ""YangLingo TOEIC Expansion v4""}",527ad1f643a35bb443c879f34952e9219d5379dd
base-0628,LISTENING_RECOGNITION,Please keep your receipt for returns.,Vui lòng giữ biên lai để đổi trả hàng.,,Please keep your receipt for returns.,Vui lòng giữ biên lai để đổi trả hàng.,Customer Service Listening,B1,"{""part_of_speech"": ""sentence"", ""subtopic"": ""TOEIC Functional Phrase"", ""toeic_part"": ""3"", ""difficulty"": ""2"", ""explanation"": ""Câu chức năng nên luyện nghe nhận diện, nối âm và shadowing."", ""tags"": ""toeic,v4,functional-phrase,customer-service-listening"", ""audio_text"": ""Please keep your receipt for returns."", ""source"": ""YangLingo TOEIC Expansion v4""}",8cd7c939f0da878a54b1021584b18df20a911772
base-0629,LISTENING_RECOGNITION,The promotion ends at the end of the month.,Chương trình khuyến mãi kết thúc vào cuối tháng.,,The promotion ends at the end of the month.,Chương trình khuyến mãi kết thúc vào cuối tháng.,Customer Service Listening,B1,"{""part_of_speech"": ""sentence"", ""subtopic"": ""TOEIC Functional Phrase"", ""toeic_part"": ""3"", ""difficulty"": ""2"", ""explanation"": ""Câu chức năng nên luyện nghe nhận diện, nối âm và shadowing."", ""tags"": ""toeic,v4,functional-phrase,customer-service-listening"", ""audio_text"": ""The promotion ends at the end of the month."", ""source"": ""YangLingo TOEIC Expansion v4""}",7e69665344ac6a96082aa470efd2775f9ab76ca8
base-0630,LISTENING_RECOGNITION,The registration desk is on the first floor.,Quầy đăng ký ở tầng một.,,The registration desk is on the first floor.,Quầy đăng ký ở tầng một.,Customer Service Listening,B1,"{""part_of_speech"": ""sentence"", ""subtopic"": ""TOEIC Functional Phrase"", ""toeic_part"": ""3"", ""difficulty"": ""2"", ""explanation"": ""Câu chức năng nên luyện nghe nhận diện, nối âm và shadowing."", ""tags"": ""toeic,v4,functional-phrase,customer-service-listening"", ""audio_text"": ""The registration desk is on the first floor."", ""source"": ""YangLingo TOEIC Expansion v4""}",5fe340dd19f227433ce335dccf93a473dd4b39b7
base-0631,LISTENING_RECOGNITION,The workshop is free for registered members.,Buổi workshop miễn phí cho thành viên đã đăng ký.,,The workshop is free for registered members.,Buổi workshop miễn phí cho thành viên đã đăng ký.,Customer Service Listening,B1,"{""part_of_speech"": ""sentence"", ""subtopic"": ""TOEIC Functional Phrase"", ""toeic_part"": ""3"", ""difficulty"": ""2"", ""explanation"": ""Câu chức năng nên luyện nghe nhận diện, nối âm và shadowing."", ""tags"": ""toeic,v4,functional-phrase,customer-service-listening"", ""audio_text"": ""The workshop is free for registered members."", ""source"": ""YangLingo TOEIC Expansion v4""}",29c07c1ecb62c7aef364c34bc98c9ca1d1084eab
base-0632,LISTENING_RECOGNITION,The shipment has already left the warehouse.,Lô hàng đã rời kho.,,The shipment has already left the warehouse.,Lô hàng đã rời kho.,Customer Service Listening,B1,"{""part_of_speech"": ""sentence"", ""subtopic"": ""TOEIC Functional Phrase"", ""toeic_part"": ""3"", ""difficulty"": ""2"", ""explanation"": ""Câu chức năng nên luyện nghe nhận diện, nối âm và shadowing."", ""tags"": ""toeic,v4,functional-phrase,customer-service-listening"", ""audio_text"": ""The shipment has already left the warehouse."", ""source"": ""YangLingo TOEIC Expansion v4""}",c6163f90c2dbf6481b9ada3034993b7c35daaedf
base-0633,LISTENING_RECOGNITION,The invoice is due next Monday.,Hóa đơn đến hạn vào thứ Hai tới.,,The invoice is due next Monday.,Hóa đơn đến hạn vào thứ Hai tới.,Customer Service Listening,B1,"{""part_of_speech"": ""sentence"", ""subtopic"": ""TOEIC Functional Phrase"", ""toeic_part"": ""3"", ""difficulty"": ""2"", ""explanation"": ""Câu chức năng nên luyện nghe nhận diện, nối âm và shadowing."", ""tags"": ""toeic,v4,functional-phrase,customer-service-listening"", ""audio_text"": ""The invoice is due next Monday."", ""source"": ""YangLingo TOEIC Expansion v4""}",a87f565effc28eb8fc0837d4a2c88f300789ce66
base-0634,LISTENING_RECOGNITION,The position requires at least two years of experience.,Vị trí này yêu cầu ít nhất hai năm kinh nghiệm.,,The position requires at least two years of experience.,Vị trí này yêu cầu ít nhất hai năm kinh nghiệm.,Customer Service Listening,B1,"{""part_of_speech"": ""sentence"", ""subtopic"": ""TOEIC Functional Phrase"", ""toeic_part"": ""3"", ""difficulty"": ""2"", ""explanation"": ""Câu chức năng nên luyện nghe nhận diện, nối âm và shadowing."", ""tags"": ""toeic,v4,functional-phrase,customer-service-listening"", ""audio_text"": ""The position requires at least two years of experience."", ""source"": ""YangLingo TOEIC Expansion v4""}",d5e304d7ac6fad0155bc7a9a9a49d8d22a4e89c3
base-0635,LISTENING_RECOGNITION,"Could you repeat that, please?",Bạn có thể nhắc lại được không?,,"Could you repeat that, please?",Bạn có thể nhắc lại được không?,Workplace Communication,B1,"{""part_of_speech"": ""sentence"", ""subtopic"": ""TOEIC Functional Phrase"", ""toeic_part"": ""2"", ""difficulty"": ""1"", ""explanation"": ""Câu chức năng nên luyện nghe nhận diện, nối âm và shadowing."", ""tags"": ""toeic,v4,functional-phrase,workplace-communication"", ""audio_text"": ""Could you repeat that, please?"", ""source"": ""YangLingo TOEIC Expansion v4""}",6adcc106d3aa393e3871e26261595f0dd9b1512a
base-0636,LISTENING_RECOGNITION,Could you speak a little more slowly?,Bạn có thể nói chậm hơn một chút được không?,,Could you speak a little more slowly?,Bạn có thể nói chậm hơn một chút được không?,Workplace Communication,B1,"{""part_of_speech"": ""sentence"", ""subtopic"": ""TOEIC Functional Phrase"", ""toeic_part"": ""2"", ""difficulty"": ""1"", ""explanation"": ""Câu chức năng nên luyện nghe nhận diện, nối âm và shadowing."", ""tags"": ""toeic,v4,functional-phrase,workplace-communication"", ""audio_text"": ""Could you speak a little more slowly?"", ""source"": ""YangLingo TOEIC Expansion v4""}",b8f8acc0c3652970f2b685f9fa9f6d282559bc36
base-0637,LISTENING_RECOGNITION,Could you clarify what you mean?,Bạn có thể làm rõ ý của mình không?,,Could you clarify what you mean?,Bạn có thể làm rõ ý của mình không?,Workplace Communication,B1,"{""part_of_speech"": ""sentence"", ""subtopic"": ""TOEIC Functional Phrase"", ""toeic_part"": ""2"", ""difficulty"": ""1"", ""explanation"": ""Câu chức năng nên luyện nghe nhận diện, nối âm và shadowing."", ""tags"": ""toeic,v4,functional-phrase,workplace-communication"", ""audio_text"": ""Could you clarify what you mean?"", ""source"": ""YangLingo TOEIC Expansion v4""}",7d30ea51813a80d0e627ab8148b9ee7879a68c79
base-0638,LISTENING_RECOGNITION,Let me check that for you.,Để tôi kiểm tra giúp bạn.,,Let me check that for you.,Để tôi kiểm tra giúp bạn.,Workplace Communication,B1,"{""part_of_speech"": ""sentence"", ""subtopic"": ""TOEIC Functional Phrase"", ""toeic_part"": ""2"", ""difficulty"": ""1"", ""explanation"": ""Câu chức năng nên luyện nghe nhận diện, nối âm và shadowing."", ""tags"": ""toeic,v4,functional-phrase,workplace-communication"", ""audio_text"": ""Let me check that for you."", ""source"": ""YangLingo TOEIC Expansion v4""}",390a6cff6bd26823fa99469d8acd7f345252fc9b
base-0639,LISTENING_RECOGNITION,I will get back to you this afternoon.,Tôi sẽ phản hồi lại cho bạn vào chiều nay.,,I will get back to you this afternoon.,Tôi sẽ phản hồi lại cho bạn vào chiều nay.,Workplace Communication,B1,"{""part_of_speech"": ""sentence"", ""subtopic"": ""TOEIC Functional Phrase"", ""toeic_part"": ""2"", ""difficulty"": ""1"", ""explanation"": ""Câu chức năng nên luyện nghe nhận diện, nối âm và shadowing."", ""tags"": ""toeic,v4,functional-phrase,workplace-communication"", ""audio_text"": ""I will get back to you this afternoon."", ""source"": ""YangLingo TOEIC Expansion v4""}",683bbcf08571d4c7082a9814e903e87678f3f3ff
base-0640,LISTENING_RECOGNITION,I am calling about your recent order.,Tôi gọi về đơn hàng gần đây của bạn.,,I am calling about your recent order.,Tôi gọi về đơn hàng gần đây của bạn.,Workplace Communication,B1,"{""part_of_speech"": ""sentence"", ""subtopic"": ""TOEIC Functional Phrase"", ""toeic_part"": ""2"", ""difficulty"": ""1"", ""explanation"": ""Câu chức năng nên luyện nghe nhận diện, nối âm và shadowing."", ""tags"": ""toeic,v4,functional-phrase,workplace-communication"", ""audio_text"": ""I am calling about your recent order."", ""source"": ""YangLingo TOEIC Expansion v4""}",b4c2f27f3e09175b827fdba64a72678c3ade2684
base-0641,LISTENING_RECOGNITION,I am following up on my previous email.,Tôi đang liên hệ lại về email trước của mình.,,I am following up on my previous email.,Tôi đang liên hệ lại về email trước của mình.,Workplace Communication,B1,"{""part_of_speech"": ""sentence"", ""subtopic"": ""TOEIC Functional Phrase"", ""toeic_part"": ""2"", ""difficulty"": ""1"", ""explanation"": ""Câu chức năng nên luyện nghe nhận diện, nối âm và shadowing."", ""tags"": ""toeic,v4,functional-phrase,workplace-communication"", ""audio_text"": ""I am following up on my previous email."", ""source"": ""YangLingo TOEIC Expansion v4""}",b61f45396ed701e2aa299a2a3106fbb071206c76
base-0642,LISTENING_RECOGNITION,Would you mind sending it again?,Bạn có phiền gửi lại không?,,Would you mind sending it again?,Bạn có phiền gửi lại không?,Workplace Communication,B1,"{""part_of_speech"": ""sentence"", ""subtopic"": ""TOEIC Functional Phrase"", ""toeic_part"": ""2"", ""difficulty"": ""1"", ""explanation"": ""Câu chức năng nên luyện nghe nhận diện, nối âm và shadowing."", ""tags"": ""toeic,v4,functional-phrase,workplace-communication"", ""audio_text"": ""Would you mind sending it again?"", ""source"": ""YangLingo TOEIC Expansion v4""}",b9daf178a5462bb34eb4eef6190e6baa7a371594
base-0643,LISTENING_RECOGNITION,Do you have a moment to discuss this?,Bạn có chút thời gian để trao đổi việc này không?,,Do you have a moment to discuss this?,Bạn có chút thời gian để trao đổi việc này không?,Workplace Communication,B1,"{""part_of_speech"": ""sentence"", ""subtopic"": ""TOEIC Functional Phrase"", ""toeic_part"": ""2"", ""difficulty"": ""1"", ""explanation"": ""Câu chức năng nên luyện nghe nhận diện, nối âm và shadowing."", ""tags"": ""toeic,v4,functional-phrase,workplace-communication"", ""audio_text"": ""Do you have a moment to discuss this?"", ""source"": ""YangLingo TOEIC Expansion v4""}",d6c7a84875a731550a4f88c0ca06314ed727b778
base-0644,LISTENING_RECOGNITION,That works for me.,Thời gian hoặc phương án đó phù hợp với tôi.,,That works for me.,Thời gian hoặc phương án đó phù hợp với tôi.,Workplace Communication,B1,"{""part_of_speech"": ""sentence"", ""subtopic"": ""TOEIC Functional Phrase"", ""toeic_part"": ""2"", ""difficulty"": ""1"", ""explanation"": ""Câu chức năng nên luyện nghe nhận diện, nối âm và shadowing."", ""tags"": ""toeic,v4,functional-phrase,workplace-communication"", ""audio_text"": ""That works for me."", ""source"": ""YangLingo TOEIC Expansion v4""}",89ca7bad3bb01a8c102f472ccf22286fac7864e3
base-0645,LISTENING_RECOGNITION,I am afraid I will not be available then.,Tôi e rằng lúc đó tôi không rảnh.,,I am afraid I will not be available then.,Tôi e rằng lúc đó tôi không rảnh.,Workplace Communication,B1,"{""part_of_speech"": ""sentence"", ""subtopic"": ""TOEIC Functional Phrase"", ""toeic_part"": ""2"", ""difficulty"": ""1"", ""explanation"": ""Câu chức năng nên luyện nghe nhận diện, nối âm và shadowing."", ""tags"": ""toeic,v4,functional-phrase,workplace-communication"", ""audio_text"": ""I am afraid I will not be available then."", ""source"": ""YangLingo TOEIC Expansion v4""}",fa46f83e921a88a543a475b27dfedae72b8aec04
base-0646,LISTENING_RECOGNITION,Can we move it to tomorrow morning?,Chúng ta có thể chuyển sang sáng mai không?,,Can we move it to tomorrow morning?,Chúng ta có thể chuyển sang sáng mai không?,Workplace Communication,B1,"{""part_of_speech"": ""sentence"", ""subtopic"": ""TOEIC Functional Phrase"", ""toeic_part"": ""2"", ""difficulty"": ""1"", ""explanation"": ""Câu chức năng nên luyện nghe nhận diện, nối âm và shadowing."", ""tags"": ""toeic,v4,functional-phrase,workplace-communication"", ""audio_text"": ""Can we move it to tomorrow morning?"", ""source"": ""YangLingo TOEIC Expansion v4""}",3751eb73d528458417aa6042ec60f582ac230b66
base-0647,LISTENING_RECOGNITION,I will make the necessary arrangements.,Tôi sẽ thực hiện các sắp xếp cần thiết.,,I will make the necessary arrangements.,Tôi sẽ thực hiện các sắp xếp cần thiết.,Workplace Communication,B1,"{""part_of_speech"": ""sentence"", ""subtopic"": ""TOEIC Functional Phrase"", ""toeic_part"": ""2"", ""difficulty"": ""1"", ""explanation"": ""Câu chức năng nên luyện nghe nhận diện, nối âm và shadowing."", ""tags"": ""toeic,v4,functional-phrase,workplace-communication"", ""audio_text"": ""I will make the necessary arrangements."", ""source"": ""YangLingo TOEIC Expansion v4""}",8720ac78bb13fdec3f191fe851ebebe1848f7cb5
base-0648,LISTENING_RECOGNITION,Thank you for bringing this to my attention.,Cảm ơn bạn đã thông báo việc này cho tôi.,,Thank you for bringing this to my attention.,Cảm ơn bạn đã thông báo việc này cho tôi.,Workplace Communication,B1,"{""part_of_speech"": ""sentence"", ""subtopic"": ""TOEIC Functional Phrase"", ""toeic_part"": ""2"", ""difficulty"": ""1"", ""explanation"": ""Câu chức năng nên luyện nghe nhận diện, nối âm và shadowing."", ""tags"": ""toeic,v4,functional-phrase,workplace-communication"", ""audio_text"": ""Thank you for bringing this to my attention."", ""source"": ""YangLingo TOEIC Expansion v4""}",f9a88620ceebd876dc7bcaf24da9831538a106ab
base-0649,LISTENING_RECOGNITION,Please leave a message after the tone.,Vui lòng để lại lời nhắn sau tiếng bíp.,,Please leave a message after the tone.,Vui lòng để lại lời nhắn sau tiếng bíp.,Workplace Communication,B1,"{""part_of_speech"": ""sentence"", ""subtopic"": ""TOEIC Functional Phrase"", ""toeic_part"": ""2"", ""difficulty"": ""1"", ""explanation"": ""Câu chức năng nên luyện nghe nhận diện, nối âm và shadowing."", ""tags"": ""toeic,v4,functional-phrase,workplace-communication"", ""audio_text"": ""Please leave a message after the tone."", ""source"": ""YangLingo TOEIC Expansion v4""}",7319df20a99b742a023a14ae14751cb6c776dfd6
base-0650,LISTENING_RECOGNITION,Please hold for a moment.,Vui lòng giữ máy trong giây lát.,,Please hold for a moment.,Vui lòng giữ máy trong giây lát.,Workplace Communication,B1,"{""part_of_speech"": ""sentence"", ""subtopic"": ""TOEIC Functional Phrase"", ""toeic_part"": ""2"", ""difficulty"": ""1"", ""explanation"": ""Câu chức năng nên luyện nghe nhận diện, nối âm và shadowing."", ""tags"": ""toeic,v4,functional-phrase,workplace-communication"", ""audio_text"": ""Please hold for a moment."", ""source"": ""YangLingo TOEIC Expansion v4""}",b91f7be4dd4ae727b3802d2031aaeaffb9eb43fa
base-0651,LISTENING_RECOGNITION,I will call you back in ten minutes.,Tôi sẽ gọi lại cho bạn sau mười phút.,,I will call you back in ten minutes.,Tôi sẽ gọi lại cho bạn sau mười phút.,Workplace Communication,B1,"{""part_of_speech"": ""sentence"", ""subtopic"": ""TOEIC Functional Phrase"", ""toeic_part"": ""2"", ""difficulty"": ""1"", ""explanation"": ""Câu chức năng nên luyện nghe nhận diện, nối âm và shadowing."", ""tags"": ""toeic,v4,functional-phrase,workplace-communication"", ""audio_text"": ""I will call you back in ten minutes."", ""source"": ""YangLingo TOEIC Expansion v4""}",8fab7ffb1f4d3aae3c49b976af5b28add5b6731a
base-0652,LISTENING_RECOGNITION,The line is busy right now.,Đường dây hiện đang bận.,,The line is busy right now.,Đường dây hiện đang bận.,Workplace Communication,B1,"{""part_of_speech"": ""sentence"", ""subtopic"": ""TOEIC Functional Phrase"", ""toeic_part"": ""2"", ""difficulty"": ""1"", ""explanation"": ""Câu chức năng nên luyện nghe nhận diện, nối âm và shadowing."", ""tags"": ""toeic,v4,functional-phrase,workplace-communication"", ""audio_text"": ""The line is busy right now."", ""source"": ""YangLingo TOEIC Expansion v4""}",2d6c4f940c8115f7e7b2b5a545bcc85a4312dca9
base-0653,LISTENING_RECOGNITION,I will transfer your call to the sales department.,Tôi sẽ chuyển cuộc gọi của bạn đến bộ phận bán hàng.,,I will transfer your call to the sales department.,Tôi sẽ chuyển cuộc gọi của bạn đến bộ phận bán hàng.,Workplace Communication,B1,"{""part_of_speech"": ""sentence"", ""subtopic"": ""TOEIC Functional Phrase"", ""toeic_part"": ""2"", ""difficulty"": ""1"", ""explanation"": ""Câu chức năng nên luyện nghe nhận diện, nối âm và shadowing."", ""tags"": ""toeic,v4,functional-phrase,workplace-communication"", ""audio_text"": ""I will transfer your call to the sales department."", ""source"": ""YangLingo TOEIC Expansion v4""}",6460465df2d8966c3a9c2244c811853e7d6bccbd
base-0654,LISTENING_RECOGNITION,Could I take a message?,Tôi có thể ghi lại lời nhắn không?,,Could I take a message?,Tôi có thể ghi lại lời nhắn không?,Workplace Communication,B1,"{""part_of_speech"": ""sentence"", ""subtopic"": ""TOEIC Functional Phrase"", ""toeic_part"": ""2"", ""difficulty"": ""1"", ""explanation"": ""Câu chức năng nên luyện nghe nhận diện, nối âm và shadowing."", ""tags"": ""toeic,v4,functional-phrase,workplace-communication"", ""audio_text"": ""Could I take a message?"", ""source"": ""YangLingo TOEIC Expansion v4""}",df9c1407cd68a7ce68ae5aea98d2ae22459479f9
base-0655,LISTENING_RECOGNITION,The manager is away from the office today.,Hôm nay người quản lý không có mặt tại văn phòng.,,The manager is away from the office today.,Hôm nay người quản lý không có mặt tại văn phòng.,Workplace Communication,B1,"{""part_of_speech"": ""sentence"", ""subtopic"": ""TOEIC Functional Phrase"", ""toeic_part"": ""2"", ""difficulty"": ""1"", ""explanation"": ""Câu chức năng nên luyện nghe nhận diện, nối âm và shadowing."", ""tags"": ""toeic,v4,functional-phrase,workplace-communication"", ""audio_text"": ""The manager is away from the office today."", ""source"": ""YangLingo TOEIC Expansion v4""}",316655be9647f524d97fdfcdcb8dbe876e85a1c1
base-0656,LISTENING_RECOGNITION,I have attached the revised document.,Tôi đã đính kèm tài liệu đã sửa.,,I have attached the revised document.,Tôi đã đính kèm tài liệu đã sửa.,Workplace Communication,B1,"{""part_of_speech"": ""sentence"", ""subtopic"": ""TOEIC Functional Phrase"", ""toeic_part"": ""2"", ""difficulty"": ""1"", ""explanation"": ""Câu chức năng nên luyện nghe nhận diện, nối âm và shadowing."", ""tags"": ""toeic,v4,functional-phrase,workplace-communication"", ""audio_text"": ""I have attached the revised document."", ""source"": ""YangLingo TOEIC Expansion v4""}",3c66e2099655a36f5b7960d1d71d521ab9ff2d16
base-0657,LISTENING_RECOGNITION,Please see the attached file.,Vui lòng xem tệp đính kèm.,,Please see the attached file.,Vui lòng xem tệp đính kèm.,Workplace Communication,B1,"{""part_of_speech"": ""sentence"", ""subtopic"": ""TOEIC Functional Phrase"", ""toeic_part"": ""2"", ""difficulty"": ""1"", ""explanation"": ""Câu chức năng nên luyện nghe nhận diện, nối âm và shadowing."", ""tags"": ""toeic,v4,functional-phrase,workplace-communication"", ""audio_text"": ""Please see the attached file."", ""source"": ""YangLingo TOEIC Expansion v4""}",c2c986bdbb550e2a6b6cf45666df619021225953
base-0658,LISTENING_RECOGNITION,Thank you for your prompt response.,Cảm ơn bạn đã phản hồi nhanh chóng.,,Thank you for your prompt response.,Cảm ơn bạn đã phản hồi nhanh chóng.,Workplace Communication,B1,"{""part_of_speech"": ""sentence"", ""subtopic"": ""TOEIC Functional Phrase"", ""toeic_part"": ""2"", ""difficulty"": ""1"", ""explanation"": ""Câu chức năng nên luyện nghe nhận diện, nối âm và shadowing."", ""tags"": ""toeic,v4,functional-phrase,workplace-communication"", ""audio_text"": ""Thank you for your prompt response."", ""source"": ""YangLingo TOEIC Expansion v4""}",a9595e543f6bdabaa474425a70dd35ca32b3ac6e
base-0659,LISTENING_RECOGNITION,Please confirm receipt of this email.,Vui lòng xác nhận đã nhận được email này.,,Please confirm receipt of this email.,Vui lòng xác nhận đã nhận được email này.,Workplace Communication,B1,"{""part_of_speech"": ""sentence"", ""subtopic"": ""TOEIC Functional Phrase"", ""toeic_part"": ""2"", ""difficulty"": ""1"", ""explanation"": ""Câu chức năng nên luyện nghe nhận diện, nối âm và shadowing."", ""tags"": ""toeic,v4,functional-phrase,workplace-communication"", ""audio_text"": ""Please confirm receipt of this email."", ""source"": ""YangLingo TOEIC Expansion v4""}",918bc761c733031d9bd60b7bfb85fbf6c2306b38
base-0660,LISTENING_RECOGNITION,I would like to request more information.,Tôi muốn yêu cầu thêm thông tin.,,I would like to request more information.,Tôi muốn yêu cầu thêm thông tin.,Workplace Communication,B1,"{""part_of_speech"": ""sentence"", ""subtopic"": ""TOEIC Functional Phrase"", ""toeic_part"": ""2"", ""difficulty"": ""1"", ""explanation"": ""Câu chức năng nên luyện nghe nhận diện, nối âm và shadowing."", ""tags"": ""toeic,v4,functional-phrase,workplace-communication"", ""audio_text"": ""I would like to request more information."", ""source"": ""YangLingo TOEIC Expansion v4""}",b7f8ec4414c2e8984432bd88a8161eb5f6403330
base-0661,LISTENING_RECOGNITION,When would be a convenient time for you?,Khi nào là thời gian thuận tiện cho bạn?,,When would be a convenient time for you?,Khi nào là thời gian thuận tiện cho bạn?,Workplace Communication,B1,"{""part_of_speech"": ""sentence"", ""subtopic"": ""TOEIC Functional Phrase"", ""toeic_part"": ""2"", ""difficulty"": ""1"", ""explanation"": ""Câu chức năng nên luyện nghe nhận diện, nối âm và shadowing."", ""tags"": ""toeic,v4,functional-phrase,workplace-communication"", ""audio_text"": ""When would be a convenient time for you?"", ""source"": ""YangLingo TOEIC Expansion v4""}",e5bee4098c357fb74ed7dff8055d0e03e8407a75
base-0662,LISTENING_RECOGNITION,I will check my calendar and let you know.,Tôi sẽ kiểm tra lịch và báo lại cho bạn.,,I will check my calendar and let you know.,Tôi sẽ kiểm tra lịch và báo lại cho bạn.,Workplace Communication,B1,"{""part_of_speech"": ""sentence"", ""subtopic"": ""TOEIC Functional Phrase"", ""toeic_part"": ""2"", ""difficulty"": ""1"", ""explanation"": ""Câu chức năng nên luyện nghe nhận diện, nối âm và shadowing."", ""tags"": ""toeic,v4,functional-phrase,workplace-communication"", ""audio_text"": ""I will check my calendar and let you know."", ""source"": ""YangLingo TOEIC Expansion v4""}",2ac3af0000f048e0fac028d53e0e8c472ce30bd9
base-0663,LISTENING_RECOGNITION,The deadline has been extended until Friday.,Hạn chót đã được gia hạn đến thứ Sáu.,,The deadline has been extended until Friday.,Hạn chót đã được gia hạn đến thứ Sáu.,Workplace Communication,B1,"{""part_of_speech"": ""sentence"", ""subtopic"": ""TOEIC Functional Phrase"", ""toeic_part"": ""2"", ""difficulty"": ""1"", ""explanation"": ""Câu chức năng nên luyện nghe nhận diện, nối âm và shadowing."", ""tags"": ""toeic,v4,functional-phrase,workplace-communication"", ""audio_text"": ""The deadline has been extended until Friday."", ""source"": ""YangLingo TOEIC Expansion v4""}",3715ccd5e326e3f17ad5eeb9b99379cc7037f132
base-0664,LISTENING_RECOGNITION,There has been a change in the schedule.,Lịch trình đã có thay đổi.,,There has been a change in the schedule.,Lịch trình đã có thay đổi.,Workplace Communication,B1,"{""part_of_speech"": ""sentence"", ""subtopic"": ""TOEIC Functional Phrase"", ""toeic_part"": ""2"", ""difficulty"": ""1"", ""explanation"": ""Câu chức năng nên luyện nghe nhận diện, nối âm và shadowing."", ""tags"": ""toeic,v4,functional-phrase,workplace-communication"", ""audio_text"": ""There has been a change in the schedule."", ""source"": ""YangLingo TOEIC Expansion v4""}",be68e9178b1223b4a382ea01ad8ac321ff92cb42
base-0665,LISTENING_RECOGNITION,Where can I find the conference room?,Tôi có thể tìm phòng họp ở đâu?,,Where can I find the conference room?,Tôi có thể tìm phòng họp ở đâu?,TOEIC Question Response,B1,"{""part_of_speech"": ""sentence"", ""subtopic"": ""TOEIC Functional Phrase"", ""toeic_part"": ""2"", ""difficulty"": ""1"", ""explanation"": ""Câu chức năng nên luyện nghe nhận diện, nối âm và shadowing."", ""tags"": ""toeic,v4,functional-phrase,toeic-question-response"", ""audio_text"": ""Where can I find the conference room?"", ""source"": ""YangLingo TOEIC Expansion v4""}",1d51efb2f58141eda4253ec93be71769b755fd96
base-0666,LISTENING_RECOGNITION,Has the conference room been updated yet?,Phòng họp đã được cập nhật chưa?,,Has the conference room been updated yet?,Phòng họp đã được cập nhật chưa?,TOEIC Question Response,B1,"{""part_of_speech"": ""sentence"", ""subtopic"": ""TOEIC Functional Phrase"", ""toeic_part"": ""2"", ""difficulty"": ""2"", ""explanation"": ""Câu chức năng nên luyện nghe nhận diện, nối âm và shadowing."", ""tags"": ""toeic,v4,functional-phrase,toeic-question-response"", ""audio_text"": ""Has the conference room been updated yet?"", ""source"": ""YangLingo TOEIC Expansion v4""}",7a9cb728de14ab9ecf2f5b721da99a91a118f982
base-0667,LISTENING_RECOGNITION,Who is responsible for the conference room?,Ai chịu trách nhiệm về phòng họp?,,Who is responsible for the conference room?,Ai chịu trách nhiệm về phòng họp?,TOEIC Question Response,B1,"{""part_of_speech"": ""sentence"", ""subtopic"": ""TOEIC Functional Phrase"", ""toeic_part"": ""2"", ""difficulty"": ""2"", ""explanation"": ""Câu chức năng nên luyện nghe nhận diện, nối âm và shadowing."", ""tags"": ""toeic,v4,functional-phrase,toeic-question-response"", ""audio_text"": ""Who is responsible for the conference room?"", ""source"": ""YangLingo TOEIC Expansion v4""}",8e55b7a00067c9a7561bf8f4168e21165381ddf7
base-0668,LISTENING_RECOGNITION,Where can I find the training room?,Tôi có thể tìm phòng đào tạo ở đâu?,,Where can I find the training room?,Tôi có thể tìm phòng đào tạo ở đâu?,TOEIC Question Response,B1,"{""part_of_speech"": ""sentence"", ""subtopic"": ""TOEIC Functional Phrase"", ""toeic_part"": ""2"", ""difficulty"": ""1"", ""explanation"": ""Câu chức năng nên luyện nghe nhận diện, nối âm và shadowing."", ""tags"": ""toeic,v4,functional-phrase,toeic-question-response"", ""audio_text"": ""Where can I find the training room?"", ""source"": ""YangLingo TOEIC Expansion v4""}",cbd8d64e12b1114050575083ba9791e1dd665cc2
base-0669,LISTENING_RECOGNITION,Has the training room been updated yet?,Phòng đào tạo đã được cập nhật chưa?,,Has the training room been updated yet?,Phòng đào tạo đã được cập nhật chưa?,TOEIC Question Response,B1,"{""part_of_speech"": ""sentence"", ""subtopic"": ""TOEIC Functional Phrase"", ""toeic_part"": ""2"", ""difficulty"": ""2"", ""explanation"": ""Câu chức năng nên luyện nghe nhận diện, nối âm và shadowing."", ""tags"": ""toeic,v4,functional-phrase,toeic-question-response"", ""audio_text"": ""Has the training room been updated yet?"", ""source"": ""YangLingo TOEIC Expansion v4""}",7357a719586ac7562318536680410d36e840b933
base-0670,LISTENING_RECOGNITION,Who is responsible for the training room?,Ai chịu trách nhiệm về phòng đào tạo?,,Who is responsible for the training room?,Ai chịu trách nhiệm về phòng đào tạo?,TOEIC Question Response,B1,"{""part_of_speech"": ""sentence"", ""subtopic"": ""TOEIC Functional Phrase"", ""toeic_part"": ""2"", ""difficulty"": ""2"", ""explanation"": ""Câu chức năng nên luyện nghe nhận diện, nối âm và shadowing."", ""tags"": ""toeic,v4,functional-phrase,toeic-question-response"", ""audio_text"": ""Who is responsible for the training room?"", ""source"": ""YangLingo TOEIC Expansion v4""}",01e97438233895a152aed624481ba6481c3edfa2
base-0671,LISTENING_RECOGNITION,Where can I find the registration desk?,Tôi có thể tìm quầy đăng ký ở đâu?,,Where can I find the registration desk?,Tôi có thể tìm quầy đăng ký ở đâu?,TOEIC Question Response,B1,"{""part_of_speech"": ""sentence"", ""subtopic"": ""TOEIC Functional Phrase"", ""toeic_part"": ""2"", ""difficulty"": ""1"", ""explanation"": ""Câu chức năng nên luyện nghe nhận diện, nối âm và shadowing."", ""tags"": ""toeic,v4,functional-phrase,toeic-question-response"", ""audio_text"": ""Where can I find the registration desk?"", ""source"": ""YangLingo TOEIC Expansion v4""}",17009b5227b29d3654c77a3f08f1fa1be1f3c494
base-0672,LISTENING_RECOGNITION,Has the registration desk been updated yet?,Quầy đăng ký đã được cập nhật chưa?,,Has the registration desk been updated yet?,Quầy đăng ký đã được cập nhật chưa?,TOEIC Question Response,B1,"{""part_of_speech"": ""sentence"", ""subtopic"": ""TOEIC Functional Phrase"", ""toeic_part"": ""2"", ""difficulty"": ""2"", ""explanation"": ""Câu chức năng nên luyện nghe nhận diện, nối âm và shadowing."", ""tags"": ""toeic,v4,functional-phrase,toeic-question-response"", ""audio_text"": ""Has the registration desk been updated yet?"", ""source"": ""YangLingo TOEIC Expansion v4""}",d33f56f6aa622ed1805c432ab25611deac8900e5
base-0673,LISTENING_RECOGNITION,Who is responsible for the registration desk?,Ai chịu trách nhiệm về quầy đăng ký?,,Who is responsible for the registration desk?,Ai chịu trách nhiệm về quầy đăng ký?,TOEIC Question Response,B1,"{""part_of_speech"": ""sentence"", ""subtopic"": ""TOEIC Functional Phrase"", ""toeic_part"": ""2"", ""difficulty"": ""2"", ""explanation"": ""Câu chức năng nên luyện nghe nhận diện, nối âm và shadowing."", ""tags"": ""toeic,v4,functional-phrase,toeic-question-response"", ""audio_text"": ""Who is responsible for the registration desk?"", ""source"": ""YangLingo TOEIC Expansion v4""}",139373e625c8c323165bb37bfc76b7f81c12c9ca
base-0674,LISTENING_RECOGNITION,Where can I find the customer service desk?,Tôi có thể tìm quầy dịch vụ khách hàng ở đâu?,,Where can I find the customer service desk?,Tôi có thể tìm quầy dịch vụ khách hàng ở đâu?,TOEIC Question Response,B1,"{""part_of_speech"": ""sentence"", ""subtopic"": ""TOEIC Functional Phrase"", ""toeic_part"": ""2"", ""difficulty"": ""1"", ""explanation"": ""Câu chức năng nên luyện nghe nhận diện, nối âm và shadowing."", ""tags"": ""toeic,v4,functional-phrase,toeic-question-response"", ""audio_text"": ""Where can I find the customer service desk?"", ""source"": ""YangLingo TOEIC Expansion v4""}",00faeeeabd8dd1727735bca8e9aacd74d10dd977
base-0675,LISTENING_RECOGNITION,Has the customer service desk been updated yet?,Quầy dịch vụ khách hàng đã được cập nhật chưa?,,Has the customer service desk been updated yet?,Quầy dịch vụ khách hàng đã được cập nhật chưa?,TOEIC Question Response,B1,"{""part_of_speech"": ""sentence"", ""subtopic"": ""TOEIC Functional Phrase"", ""toeic_part"": ""2"", ""difficulty"": ""2"", ""explanation"": ""Câu chức năng nên luyện nghe nhận diện, nối âm và shadowing."", ""tags"": ""toeic,v4,functional-phrase,toeic-question-response"", ""audio_text"": ""Has the customer service desk been updated yet?"", ""source"": ""YangLingo TOEIC Expansion v4""}",5f18d9e730d9d459c9b9d43e7b83ed93f9f878ad
base-0676,LISTENING_RECOGNITION,Who is responsible for the customer service desk?,Ai chịu trách nhiệm về quầy dịch vụ khách hàng?,,Who is responsible for the customer service desk?,Ai chịu trách nhiệm về quầy dịch vụ khách hàng?,TOEIC Question Response,B1,"{""part_of_speech"": ""sentence"", ""subtopic"": ""TOEIC Functional Phrase"", ""toeic_part"": ""2"", ""difficulty"": ""2"", ""explanation"": ""Câu chức năng nên luyện nghe nhận diện, nối âm và shadowing."", ""tags"": ""toeic,v4,functional-phrase,toeic-question-response"", ""audio_text"": ""Who is responsible for the customer service desk?"", ""source"": ""YangLingo TOEIC Expansion v4""}",13e8e46f1278fbbd8083fdefaa7fd28c7db86410
base-0677,LISTENING_RECOGNITION,Where can I find the shipping department?,Tôi có thể tìm bộ phận vận chuyển ở đâu?,,Where can I find the shipping department?,Tôi có thể tìm bộ phận vận chuyển ở đâu?,TOEIC Question Response,B1,"{""part_of_speech"": ""sentence"", ""subtopic"": ""TOEIC Functional Phrase"", ""toeic_part"": ""2"", ""difficulty"": ""1"", ""explanation"": ""Câu chức năng nên luyện nghe nhận diện, nối âm và shadowing."", ""tags"": ""toeic,v4,functional-phrase,toeic-question-response"", ""audio_text"": ""Where can I find the shipping department?"", ""source"": ""YangLingo TOEIC Expansion v4""}",9f8f6ca7d47493f44fd453a5b8fcec947cd3d468
base-0678,LISTENING_RECOGNITION,Has the shipping department been updated yet?,Bộ phận vận chuyển đã được cập nhật chưa?,,Has the shipping department been updated yet?,Bộ phận vận chuyển đã được cập nhật chưa?,TOEIC Question Response,B1,"{""part_of_speech"": ""sentence"", ""subtopic"": ""TOEIC Functional Phrase"", ""toeic_part"": ""2"", ""difficulty"": ""2"", ""explanation"": ""Câu chức năng nên luyện nghe nhận diện, nối âm và shadowing."", ""tags"": ""toeic,v4,functional-phrase,toeic-question-response"", ""audio_text"": ""Has the shipping department been updated yet?"", ""source"": ""YangLingo TOEIC Expansion v4""}",c3a286ec53318d67c7d85a4a288a15770d90044e
base-0679,LISTENING_RECOGNITION,Who is responsible for the shipping department?,Ai chịu trách nhiệm về bộ phận vận chuyển?,,Who is responsible for the shipping department?,Ai chịu trách nhiệm về bộ phận vận chuyển?,TOEIC Question Response,B1,"{""part_of_speech"": ""sentence"", ""subtopic"": ""TOEIC Functional Phrase"", ""toeic_part"": ""2"", ""difficulty"": ""2"", ""explanation"": ""Câu chức năng nên luyện nghe nhận diện, nối âm và shadowing."", ""tags"": ""toeic,v4,functional-phrase,toeic-question-response"", ""audio_text"": ""Who is responsible for the shipping department?"", ""source"": ""YangLingo TOEIC Expansion v4""}",37e6512544c1546045b2afef89ad68512774df9a
base-0680,LISTENING_RECOGNITION,Where can I find the human resources office?,Tôi có thể tìm phòng nhân sự ở đâu?,,Where can I find the human resources office?,Tôi có thể tìm phòng nhân sự ở đâu?,TOEIC Question Response,B1,"{""part_of_speech"": ""sentence"", ""subtopic"": ""TOEIC Functional Phrase"", ""toeic_part"": ""2"", ""difficulty"": ""1"", ""explanation"": ""Câu chức năng nên luyện nghe nhận diện, nối âm và shadowing."", ""tags"": ""toeic,v4,functional-phrase,toeic-question-response"", ""audio_text"": ""Where can I find the human resources office?"", ""source"": ""YangLingo TOEIC Expansion v4""}",d5c46bf7af1880ca5e45bbe32ab730ed8619557e
base-0681,LISTENING_RECOGNITION,Has the human resources office been updated yet?,Phòng nhân sự đã được cập nhật chưa?,,Has the human resources office been updated yet?,Phòng nhân sự đã được cập nhật chưa?,TOEIC Question Response,B1,"{""part_of_speech"": ""sentence"", ""subtopic"": ""TOEIC Functional Phrase"", ""toeic_part"": ""2"", ""difficulty"": ""2"", ""explanation"": ""Câu chức năng nên luyện nghe nhận diện, nối âm và shadowing."", ""tags"": ""toeic,v4,functional-phrase,toeic-question-response"", ""audio_text"": ""Has the human resources office been updated yet?"", ""source"": ""YangLingo TOEIC Expansion v4""}",6873254294e735708c9b1b9adc023f7ed2ccf543
base-0682,LISTENING_RECOGNITION,Who is responsible for the human resources office?,Ai chịu trách nhiệm về phòng nhân sự?,,Who is responsible for the human resources office?,Ai chịu trách nhiệm về phòng nhân sự?,TOEIC Question Response,B1,"{""part_of_speech"": ""sentence"", ""subtopic"": ""TOEIC Functional Phrase"", ""toeic_part"": ""2"", ""difficulty"": ""2"", ""explanation"": ""Câu chức năng nên luyện nghe nhận diện, nối âm và shadowing."", ""tags"": ""toeic,v4,functional-phrase,toeic-question-response"", ""audio_text"": ""Who is responsible for the human resources office?"", ""source"": ""YangLingo TOEIC Expansion v4""}",016bb021db579ee041da4af580b44981a7e9874a
base-0683,LISTENING_RECOGNITION,Where can I find the accounting department?,Tôi có thể tìm phòng kế toán ở đâu?,,Where can I find the accounting department?,Tôi có thể tìm phòng kế toán ở đâu?,TOEIC Question Response,B1,"{""part_of_speech"": ""sentence"", ""subtopic"": ""TOEIC Functional Phrase"", ""toeic_part"": ""2"", ""difficulty"": ""1"", ""explanation"": ""Câu chức năng nên luyện nghe nhận diện, nối âm và shadowing."", ""tags"": ""toeic,v4,functional-phrase,toeic-question-response"", ""audio_text"": ""Where can I find the accounting department?"", ""source"": ""YangLingo TOEIC Expansion v4""}",216a622102ccc6aee22447f26b6f8c5c4a28fc8c
base-0684,LISTENING_RECOGNITION,Has the accounting department been updated yet?,Phòng kế toán đã được cập nhật chưa?,,Has the accounting department been updated yet?,Phòng kế toán đã được cập nhật chưa?,TOEIC Question Response,B1,"{""part_of_speech"": ""sentence"", ""subtopic"": ""TOEIC Functional Phrase"", ""toeic_part"": ""2"", ""difficulty"": ""2"", ""explanation"": ""Câu chức năng nên luyện nghe nhận diện, nối âm và shadowing."", ""tags"": ""toeic,v4,functional-phrase,toeic-question-response"", ""audio_text"": ""Has the accounting department been updated yet?"", ""source"": ""YangLingo TOEIC Expansion v4""}",170156489b386917b669caa36382a02d5329681a
base-0685,LISTENING_RECOGNITION,Who is responsible for the accounting department?,Ai chịu trách nhiệm về phòng kế toán?,,Who is responsible for the accounting department?,Ai chịu trách nhiệm về phòng kế toán?,TOEIC Question Response,B1,"{""part_of_speech"": ""sentence"", ""subtopic"": ""TOEIC Functional Phrase"", ""toeic_part"": ""2"", ""difficulty"": ""2"", ""explanation"": ""Câu chức năng nên luyện nghe nhận diện, nối âm và shadowing."", ""tags"": ""toeic,v4,functional-phrase,toeic-question-response"", ""audio_text"": ""Who is responsible for the accounting department?"", ""source"": ""YangLingo TOEIC Expansion v4""}",c09e138607273e43f5baf895ebf0bb15fd50cf53
base-0686,LISTENING_RECOGNITION,Where can I find the parking garage?,Tôi có thể tìm nhà để xe ở đâu?,,Where can I find the parking garage?,Tôi có thể tìm nhà để xe ở đâu?,TOEIC Question Response,B1,"{""part_of_speech"": ""sentence"", ""subtopic"": ""TOEIC Functional Phrase"", ""toeic_part"": ""2"", ""difficulty"": ""1"", ""explanation"": ""Câu chức năng nên luyện nghe nhận diện, nối âm và shadowing."", ""tags"": ""toeic,v4,functional-phrase,toeic-question-response"", ""audio_text"": ""Where can I find the parking garage?"", ""source"": ""YangLingo TOEIC Expansion v4""}",65baf0ab2061d27dacd3fa990a0b9028bfa2650b
base-0687,LISTENING_RECOGNITION,Has the parking garage been updated yet?,Nhà để xe đã được cập nhật chưa?,,Has the parking garage been updated yet?,Nhà để xe đã được cập nhật chưa?,TOEIC Question Response,B1,"{""part_of_speech"": ""sentence"", ""subtopic"": ""TOEIC Functional Phrase"", ""toeic_part"": ""2"", ""difficulty"": ""2"", ""explanation"": ""Câu chức năng nên luyện nghe nhận diện, nối âm và shadowing."", ""tags"": ""toeic,v4,functional-phrase,toeic-question-response"", ""audio_text"": ""Has the parking garage been updated yet?"", ""source"": ""YangLingo TOEIC Expansion v4""}",bcbaad63e8c72f31707f131791e2b6ae8ac81fd6
base-0688,LISTENING_RECOGNITION,Who is responsible for the parking garage?,Ai chịu trách nhiệm về nhà để xe?,,Who is responsible for the parking garage?,Ai chịu trách nhiệm về nhà để xe?,TOEIC Question Response,B1,"{""part_of_speech"": ""sentence"", ""subtopic"": ""TOEIC Functional Phrase"", ""toeic_part"": ""2"", ""difficulty"": ""2"", ""explanation"": ""Câu chức năng nên luyện nghe nhận diện, nối âm và shadowing."", ""tags"": ""toeic,v4,functional-phrase,toeic-question-response"", ""audio_text"": ""Who is responsible for the parking garage?"", ""source"": ""YangLingo TOEIC Expansion v4""}",b881d1f5cd7b3b6b621d4a2a51e79e857f8899ea
base-0689,LISTENING_RECOGNITION,Where can I find the cafeteria?,Tôi có thể tìm căng tin ở đâu?,,Where can I find the cafeteria?,Tôi có thể tìm căng tin ở đâu?,TOEIC Question Response,B1,"{""part_of_speech"": ""sentence"", ""subtopic"": ""TOEIC Functional Phrase"", ""toeic_part"": ""2"", ""difficulty"": ""1"", ""explanation"": ""Câu chức năng nên luyện nghe nhận diện, nối âm và shadowing."", ""tags"": ""toeic,v4,functional-phrase,toeic-question-response"", ""audio_text"": ""Where can I find the cafeteria?"", ""source"": ""YangLingo TOEIC Expansion v4""}",3115b70fc226b1e3013e6f4f411174cad15cbff2
base-0690,LISTENING_RECOGNITION,Has the cafeteria been updated yet?,Căng tin đã được cập nhật chưa?,,Has the cafeteria been updated yet?,Căng tin đã được cập nhật chưa?,TOEIC Question Response,B1,"{""part_of_speech"": ""sentence"", ""subtopic"": ""TOEIC Functional Phrase"", ""toeic_part"": ""2"", ""difficulty"": ""2"", ""explanation"": ""Câu chức năng nên luyện nghe nhận diện, nối âm và shadowing."", ""tags"": ""toeic,v4,functional-phrase,toeic-question-response"", ""audio_text"": ""Has the cafeteria been updated yet?"", ""source"": ""YangLingo TOEIC Expansion v4""}",36c43c9f88e1336969c790b96eb93c69e1b251f8
base-0691,LISTENING_RECOGNITION,Who is responsible for the cafeteria?,Ai chịu trách nhiệm về căng tin?,,Who is responsible for the cafeteria?,Ai chịu trách nhiệm về căng tin?,TOEIC Question Response,B1,"{""part_of_speech"": ""sentence"", ""subtopic"": ""TOEIC Functional Phrase"", ""toeic_part"": ""2"", ""difficulty"": ""2"", ""explanation"": ""Câu chức năng nên luyện nghe nhận diện, nối âm và shadowing."", ""tags"": ""toeic,v4,functional-phrase,toeic-question-response"", ""audio_text"": ""Who is responsible for the cafeteria?"", ""source"": ""YangLingo TOEIC Expansion v4""}",5856aded762ceb106e6d626aa7ca9db9b45a5ce0
base-0692,LISTENING_RECOGNITION,Where can I find the main entrance?,Tôi có thể tìm lối vào chính ở đâu?,,Where can I find the main entrance?,Tôi có thể tìm lối vào chính ở đâu?,TOEIC Question Response,B1,"{""part_of_speech"": ""sentence"", ""subtopic"": ""TOEIC Functional Phrase"", ""toeic_part"": ""2"", ""difficulty"": ""1"", ""explanation"": ""Câu chức năng nên luyện nghe nhận diện, nối âm và shadowing."", ""tags"": ""toeic,v4,functional-phrase,toeic-question-response"", ""audio_text"": ""Where can I find the main entrance?"", ""source"": ""YangLingo TOEIC Expansion v4""}",c66c61f0a4d404b122604463362a40d9c655ecd4
base-0693,LISTENING_RECOGNITION,Has the main entrance been updated yet?,Lối vào chính đã được cập nhật chưa?,,Has the main entrance been updated yet?,Lối vào chính đã được cập nhật chưa?,TOEIC Question Response,B1,"{""part_of_speech"": ""sentence"", ""subtopic"": ""TOEIC Functional Phrase"", ""toeic_part"": ""2"", ""difficulty"": ""2"", ""explanation"": ""Câu chức năng nên luyện nghe nhận diện, nối âm và shadowing."", ""tags"": ""toeic,v4,functional-phrase,toeic-question-response"", ""audio_text"": ""Has the main entrance been updated yet?"", ""source"": ""YangLingo TOEIC Expansion v4""}",6206aab7c6fe4bb9f811149f0955e6c531e90d79
base-0694,LISTENING_RECOGNITION,Who is responsible for the main entrance?,Ai chịu trách nhiệm về lối vào chính?,,Who is responsible for the main entrance?,Ai chịu trách nhiệm về lối vào chính?,TOEIC Question Response,B1,"{""part_of_speech"": ""sentence"", ""subtopic"": ""TOEIC Functional Phrase"", ""toeic_part"": ""2"", ""difficulty"": ""2"", ""explanation"": ""Câu chức năng nên luyện nghe nhận diện, nối âm và shadowing."", ""tags"": ""toeic,v4,functional-phrase,toeic-question-response"", ""audio_text"": ""Who is responsible for the main entrance?"", ""source"": ""YangLingo TOEIC Expansion v4""}",88eb789f4c8f380cfbe1fd2d4395ab4f52fae642
base-0695,LISTENING_RECOGNITION,Where can I find the copy machine?,Tôi có thể tìm máy photocopy ở đâu?,,Where can I find the copy machine?,Tôi có thể tìm máy photocopy ở đâu?,TOEIC Question Response,B1,"{""part_of_speech"": ""sentence"", ""subtopic"": ""TOEIC Functional Phrase"", ""toeic_part"": ""2"", ""difficulty"": ""1"", ""explanation"": ""Câu chức năng nên luyện nghe nhận diện, nối âm và shadowing."", ""tags"": ""toeic,v4,functional-phrase,toeic-question-response"", ""audio_text"": ""Where can I find the copy machine?"", ""source"": ""YangLingo TOEIC Expansion v4""}",4f06f55aeb81f9f316f3b7a1b7c8e6d736755eff
base-0696,LISTENING_RECOGNITION,Has the copy machine been updated yet?,Máy photocopy đã được cập nhật chưa?,,Has the copy machine been updated yet?,Máy photocopy đã được cập nhật chưa?,TOEIC Question Response,B1,"{""part_of_speech"": ""sentence"", ""subtopic"": ""TOEIC Functional Phrase"", ""toeic_part"": ""2"", ""difficulty"": ""2"", ""explanation"": ""Câu chức năng nên luyện nghe nhận diện, nối âm và shadowing."", ""tags"": ""toeic,v4,functional-phrase,toeic-question-response"", ""audio_text"": ""Has the copy machine been updated yet?"", ""source"": ""YangLingo TOEIC Expansion v4""}",22b647ac1a5b385f5301c59f1186d9a93e39d35e
base-0697,LISTENING_RECOGNITION,Who is responsible for the copy machine?,Ai chịu trách nhiệm về máy photocopy?,,Who is responsible for the copy machine?,Ai chịu trách nhiệm về máy photocopy?,TOEIC Question Response,B1,"{""part_of_speech"": ""sentence"", ""subtopic"": ""TOEIC Functional Phrase"", ""toeic_part"": ""2"", ""difficulty"": ""2"", ""explanation"": ""Câu chức năng nên luyện nghe nhận diện, nối âm và shadowing."", ""tags"": ""toeic,v4,functional-phrase,toeic-question-response"", ""audio_text"": ""Who is responsible for the copy machine?"", ""source"": ""YangLingo TOEIC Expansion v4""}",382804051a70ea0d0f41222d47744a6b856c788d
base-0698,LISTENING_RECOGNITION,Where can I find the printer?,Tôi có thể tìm máy in ở đâu?,,Where can I find the printer?,Tôi có thể tìm máy in ở đâu?,TOEIC Question Response,B1,"{""part_of_speech"": ""sentence"", ""subtopic"": ""TOEIC Functional Phrase"", ""toeic_part"": ""2"", ""difficulty"": ""1"", ""explanation"": ""Câu chức năng nên luyện nghe nhận diện, nối âm và shadowing."", ""tags"": ""toeic,v4,functional-phrase,toeic-question-response"", ""audio_text"": ""Where can I find the printer?"", ""source"": ""YangLingo TOEIC Expansion v4""}",7a6da9409ae088a4854b12d9773afa32567df6d0
base-0699,LISTENING_RECOGNITION,Has the printer been updated yet?,Máy in đã được cập nhật chưa?,,Has the printer been updated yet?,Máy in đã được cập nhật chưa?,TOEIC Question Response,B1,"{""part_of_speech"": ""sentence"", ""subtopic"": ""TOEIC Functional Phrase"", ""toeic_part"": ""2"", ""difficulty"": ""2"", ""explanation"": ""Câu chức năng nên luyện nghe nhận diện, nối âm và shadowing."", ""tags"": ""toeic,v4,functional-phrase,toeic-question-response"", ""audio_text"": ""Has the printer been updated yet?"", ""source"": ""YangLingo TOEIC Expansion v4""}",575ec199cd16a5bc05ddee12d0b388d8a6848775
base-0700,LISTENING_RECOGNITION,Who is responsible for the printer?,Ai chịu trách nhiệm về máy in?,,Who is responsible for the printer?,Ai chịu trách nhiệm về máy in?,TOEIC Question Response,B1,"{""part_of_speech"": ""sentence"", ""subtopic"": ""TOEIC Functional Phrase"", ""toeic_part"": ""2"", ""difficulty"": ""2"", ""explanation"": ""Câu chức năng nên luyện nghe nhận diện, nối âm và shadowing."", ""tags"": ""toeic,v4,functional-phrase,toeic-question-response"", ""audio_text"": ""Who is responsible for the printer?"", ""source"": ""YangLingo TOEIC Expansion v4""}",b4a7eba197ecf692ecc2c98ec8ab9b3161612971
base-0701,LISTENING_RECOGNITION,Where can I find the project file?,Tôi có thể tìm hồ sơ dự án ở đâu?,,Where can I find the project file?,Tôi có thể tìm hồ sơ dự án ở đâu?,TOEIC Question Response,B1,"{""part_of_speech"": ""sentence"", ""subtopic"": ""TOEIC Functional Phrase"", ""toeic_part"": ""2"", ""difficulty"": ""1"", ""explanation"": ""Câu chức năng nên luyện nghe nhận diện, nối âm và shadowing."", ""tags"": ""toeic,v4,functional-phrase,toeic-question-response"", ""audio_text"": ""Where can I find the project file?"", ""source"": ""YangLingo TOEIC Expansion v4""}",72cdcf43eda076ac7c4dd436f57672e5a70407b1
base-0702,LISTENING_RECOGNITION,Has the project file been updated yet?,Hồ sơ dự án đã được cập nhật chưa?,,Has the project file been updated yet?,Hồ sơ dự án đã được cập nhật chưa?,TOEIC Question Response,B1,"{""part_of_speech"": ""sentence"", ""subtopic"": ""TOEIC Functional Phrase"", ""toeic_part"": ""2"", ""difficulty"": ""2"", ""explanation"": ""Câu chức năng nên luyện nghe nhận diện, nối âm và shadowing."", ""tags"": ""toeic,v4,functional-phrase,toeic-question-response"", ""audio_text"": ""Has the project file been updated yet?"", ""source"": ""YangLingo TOEIC Expansion v4""}",821d3ec605349556c5f418f7102ea4706747110b
base-0703,LISTENING_RECOGNITION,Who is responsible for the project file?,Ai chịu trách nhiệm về hồ sơ dự án?,,Who is responsible for the project file?,Ai chịu trách nhiệm về hồ sơ dự án?,TOEIC Question Response,B1,"{""part_of_speech"": ""sentence"", ""subtopic"": ""TOEIC Functional Phrase"", ""toeic_part"": ""2"", ""difficulty"": ""2"", ""explanation"": ""Câu chức năng nên luyện nghe nhận diện, nối âm và shadowing."", ""tags"": ""toeic,v4,functional-phrase,toeic-question-response"", ""audio_text"": ""Who is responsible for the project file?"", ""source"": ""YangLingo TOEIC Expansion v4""}",3b3d774fec3ae61222f0ab63f41bd25204269af4
base-0704,LISTENING_RECOGNITION,Where can I find the purchase order?,Tôi có thể tìm đơn đặt hàng ở đâu?,,Where can I find the purchase order?,Tôi có thể tìm đơn đặt hàng ở đâu?,TOEIC Question Response,B1,"{""part_of_speech"": ""sentence"", ""subtopic"": ""TOEIC Functional Phrase"", ""toeic_part"": ""2"", ""difficulty"": ""1"", ""explanation"": ""Câu chức năng nên luyện nghe nhận diện, nối âm và shadowing."", ""tags"": ""toeic,v4,functional-phrase,toeic-question-response"", ""audio_text"": ""Where can I find the purchase order?"", ""source"": ""YangLingo TOEIC Expansion v4""}",ab4954a8708a38aaa0c7b16e0d695ebe1b71c457
base-0705,LISTENING_RECOGNITION,Has the purchase order been updated yet?,Đơn đặt hàng đã được cập nhật chưa?,,Has the purchase order been updated yet?,Đơn đặt hàng đã được cập nhật chưa?,TOEIC Question Response,B1,"{""part_of_speech"": ""sentence"", ""subtopic"": ""TOEIC Functional Phrase"", ""toeic_part"": ""2"", ""difficulty"": ""2"", ""explanation"": ""Câu chức năng nên luyện nghe nhận diện, nối âm và shadowing."", ""tags"": ""toeic,v4,functional-phrase,toeic-question-response"", ""audio_text"": ""Has the purchase order been updated yet?"", ""source"": ""YangLingo TOEIC Expansion v4""}",f9afdb54e32ab713a19f90636bc671d1464cd62f
base-0706,LISTENING_RECOGNITION,Who is responsible for the purchase order?,Ai chịu trách nhiệm về đơn đặt hàng?,,Who is responsible for the purchase order?,Ai chịu trách nhiệm về đơn đặt hàng?,TOEIC Question Response,B1,"{""part_of_speech"": ""sentence"", ""subtopic"": ""TOEIC Functional Phrase"", ""toeic_part"": ""2"", ""difficulty"": ""2"", ""explanation"": ""Câu chức năng nên luyện nghe nhận diện, nối âm và shadowing."", ""tags"": ""toeic,v4,functional-phrase,toeic-question-response"", ""audio_text"": ""Who is responsible for the purchase order?"", ""source"": ""YangLingo TOEIC Expansion v4""}",f5e948d8663e1fea2592b2a550fb128e24223889
base-0707,LISTENING_RECOGNITION,Where can I find the expense form?,Tôi có thể tìm biểu mẫu chi phí ở đâu?,,Where can I find the expense form?,Tôi có thể tìm biểu mẫu chi phí ở đâu?,TOEIC Question Response,B1,"{""part_of_speech"": ""sentence"", ""subtopic"": ""TOEIC Functional Phrase"", ""toeic_part"": ""2"", ""difficulty"": ""1"", ""explanation"": ""Câu chức năng nên luyện nghe nhận diện, nối âm và shadowing."", ""tags"": ""toeic,v4,functional-phrase,toeic-question-response"", ""audio_text"": ""Where can I find the expense form?"", ""source"": ""YangLingo TOEIC Expansion v4""}",2372e8eda08e00fb4354c7a9be108206f5a89182
base-0708,LISTENING_RECOGNITION,Has the expense form been updated yet?,Biểu mẫu chi phí đã được cập nhật chưa?,,Has the expense form been updated yet?,Biểu mẫu chi phí đã được cập nhật chưa?,TOEIC Question Response,B1,"{""part_of_speech"": ""sentence"", ""subtopic"": ""TOEIC Functional Phrase"", ""toeic_part"": ""2"", ""difficulty"": ""2"", ""explanation"": ""Câu chức năng nên luyện nghe nhận diện, nối âm và shadowing."", ""tags"": ""toeic,v4,functional-phrase,toeic-question-response"", ""audio_text"": ""Has the expense form been updated yet?"", ""source"": ""YangLingo TOEIC Expansion v4""}",631b00b199f2318a53d8c202442cceffbc023f5d
base-0709,LISTENING_RECOGNITION,Who is responsible for the expense form?,Ai chịu trách nhiệm về biểu mẫu chi phí?,,Who is responsible for the expense form?,Ai chịu trách nhiệm về biểu mẫu chi phí?,TOEIC Question Response,B1,"{""part_of_speech"": ""sentence"", ""subtopic"": ""TOEIC Functional Phrase"", ""toeic_part"": ""2"", ""difficulty"": ""2"", ""explanation"": ""Câu chức năng nên luyện nghe nhận diện, nối âm và shadowing."", ""tags"": ""toeic,v4,functional-phrase,toeic-question-response"", ""audio_text"": ""Who is responsible for the expense form?"", ""source"": ""YangLingo TOEIC Expansion v4""}",a76139eb638aafaccbb657c6d8f8e3a710b5a514
base-0710,LISTENING_RECOGNITION,Where can I find the maintenance request?,Tôi có thể tìm yêu cầu bảo trì ở đâu?,,Where can I find the maintenance request?,Tôi có thể tìm yêu cầu bảo trì ở đâu?,TOEIC Question Response,B1,"{""part_of_speech"": ""sentence"", ""subtopic"": ""TOEIC Functional Phrase"", ""toeic_part"": ""2"", ""difficulty"": ""1"", ""explanation"": ""Câu chức năng nên luyện nghe nhận diện, nối âm và shadowing."", ""tags"": ""toeic,v4,functional-phrase,toeic-question-response"", ""audio_text"": ""Where can I find the maintenance request?"", ""source"": ""YangLingo TOEIC Expansion v4""}",8f7a712a7879f6e290e235b77fa2732d04f13d93
base-0711,LISTENING_RECOGNITION,Has the maintenance request been updated yet?,Yêu cầu bảo trì đã được cập nhật chưa?,,Has the maintenance request been updated yet?,Yêu cầu bảo trì đã được cập nhật chưa?,TOEIC Question Response,B1,"{""part_of_speech"": ""sentence"", ""subtopic"": ""TOEIC Functional Phrase"", ""toeic_part"": ""2"", ""difficulty"": ""2"", ""explanation"": ""Câu chức năng nên luyện nghe nhận diện, nối âm và shadowing."", ""tags"": ""toeic,v4,functional-phrase,toeic-question-response"", ""audio_text"": ""Has the maintenance request been updated yet?"", ""source"": ""YangLingo TOEIC Expansion v4""}",708a34b4dfedc2e46c20228a25ab9df216fa9f4d
base-0712,LISTENING_RECOGNITION,Who is responsible for the maintenance request?,Ai chịu trách nhiệm về yêu cầu bảo trì?,,Who is responsible for the maintenance request?,Ai chịu trách nhiệm về yêu cầu bảo trì?,TOEIC Question Response,B1,"{""part_of_speech"": ""sentence"", ""subtopic"": ""TOEIC Functional Phrase"", ""toeic_part"": ""2"", ""difficulty"": ""2"", ""explanation"": ""Câu chức năng nên luyện nghe nhận diện, nối âm và shadowing."", ""tags"": ""toeic,v4,functional-phrase,toeic-question-response"", ""audio_text"": ""Who is responsible for the maintenance request?"", ""source"": ""YangLingo TOEIC Expansion v4""}",c9a0e144277aa8106c6618f4c0b32a0450298ce4
base-0713,LISTENING_RECOGNITION,Where can I find the delivery receipt?,Tôi có thể tìm biên nhận giao hàng ở đâu?,,Where can I find the delivery receipt?,Tôi có thể tìm biên nhận giao hàng ở đâu?,TOEIC Question Response,B1,"{""part_of_speech"": ""sentence"", ""subtopic"": ""TOEIC Functional Phrase"", ""toeic_part"": ""2"", ""difficulty"": ""1"", ""explanation"": ""Câu chức năng nên luyện nghe nhận diện, nối âm và shadowing."", ""tags"": ""toeic,v4,functional-phrase,toeic-question-response"", ""audio_text"": ""Where can I find the delivery receipt?"", ""source"": ""YangLingo TOEIC Expansion v4""}",d54b5c75601d20f362a93bf625c78130bac9b7db
base-0714,LISTENING_RECOGNITION,Has the delivery receipt been updated yet?,Biên nhận giao hàng đã được cập nhật chưa?,,Has the delivery receipt been updated yet?,Biên nhận giao hàng đã được cập nhật chưa?,TOEIC Question Response,B1,"{""part_of_speech"": ""sentence"", ""subtopic"": ""TOEIC Functional Phrase"", ""toeic_part"": ""2"", ""difficulty"": ""2"", ""explanation"": ""Câu chức năng nên luyện nghe nhận diện, nối âm và shadowing."", ""tags"": ""toeic,v4,functional-phrase,toeic-question-response"", ""audio_text"": ""Has the delivery receipt been updated yet?"", ""source"": ""YangLingo TOEIC Expansion v4""}",78abb71b13e0514f9eb9c4b7f63cf27460b7bd70
base-0715,LISTENING_RECOGNITION,Who is responsible for the delivery receipt?,Ai chịu trách nhiệm về biên nhận giao hàng?,,Who is responsible for the delivery receipt?,Ai chịu trách nhiệm về biên nhận giao hàng?,TOEIC Question Response,B1,"{""part_of_speech"": ""sentence"", ""subtopic"": ""TOEIC Functional Phrase"", ""toeic_part"": ""2"", ""difficulty"": ""2"", ""explanation"": ""Câu chức năng nên luyện nghe nhận diện, nối âm và shadowing."", ""tags"": ""toeic,v4,functional-phrase,toeic-question-response"", ""audio_text"": ""Who is responsible for the delivery receipt?"", ""source"": ""YangLingo TOEIC Expansion v4""}",45f4e960976a5ec1c4834497511b6f0ffdb7f916
base-0716,LISTENING_RECOGNITION,Where can I find the meeting agenda?,Tôi có thể tìm chương trình họp ở đâu?,,Where can I find the meeting agenda?,Tôi có thể tìm chương trình họp ở đâu?,TOEIC Question Response,B1,"{""part_of_speech"": ""sentence"", ""subtopic"": ""TOEIC Functional Phrase"", ""toeic_part"": ""2"", ""difficulty"": ""1"", ""explanation"": ""Câu chức năng nên luyện nghe nhận diện, nối âm và shadowing."", ""tags"": ""toeic,v4,functional-phrase,toeic-question-response"", ""audio_text"": ""Where can I find the meeting agenda?"", ""source"": ""YangLingo TOEIC Expansion v4""}",9655806c0e54504c80c1690f19905f8afe0fc101
base-0717,LISTENING_RECOGNITION,Has the meeting agenda been updated yet?,Chương trình họp đã được cập nhật chưa?,,Has the meeting agenda been updated yet?,Chương trình họp đã được cập nhật chưa?,TOEIC Question Response,B1,"{""part_of_speech"": ""sentence"", ""subtopic"": ""TOEIC Functional Phrase"", ""toeic_part"": ""2"", ""difficulty"": ""2"", ""explanation"": ""Câu chức năng nên luyện nghe nhận diện, nối âm và shadowing."", ""tags"": ""toeic,v4,functional-phrase,toeic-question-response"", ""audio_text"": ""Has the meeting agenda been updated yet?"", ""source"": ""YangLingo TOEIC Expansion v4""}",48b6981d4820a9251b4647886d5b2ff4d1a1a8dd
base-0718,LISTENING_RECOGNITION,Who is responsible for the meeting agenda?,Ai chịu trách nhiệm về chương trình họp?,,Who is responsible for the meeting agenda?,Ai chịu trách nhiệm về chương trình họp?,TOEIC Question Response,B1,"{""part_of_speech"": ""sentence"", ""subtopic"": ""TOEIC Functional Phrase"", ""toeic_part"": ""2"", ""difficulty"": ""2"", ""explanation"": ""Câu chức năng nên luyện nghe nhận diện, nối âm và shadowing."", ""tags"": ""toeic,v4,functional-phrase,toeic-question-response"", ""audio_text"": ""Who is responsible for the meeting agenda?"", ""source"": ""YangLingo TOEIC Expansion v4""}",c6ed509cbe7216981dbbf72ef7e4c6443e0c38e6
base-0719,LISTENING_RECOGNITION,Where can I find the updated price list?,Tôi có thể tìm bảng giá cập nhật ở đâu?,,Where can I find the updated price list?,Tôi có thể tìm bảng giá cập nhật ở đâu?,TOEIC Question Response,B1,"{""part_of_speech"": ""sentence"", ""subtopic"": ""TOEIC Functional Phrase"", ""toeic_part"": ""2"", ""difficulty"": ""1"", ""explanation"": ""Câu chức năng nên luyện nghe nhận diện, nối âm và shadowing."", ""tags"": ""toeic,v4,functional-phrase,toeic-question-response"", ""audio_text"": ""Where can I find the updated price list?"", ""source"": ""YangLingo TOEIC Expansion v4""}",fb4a618b3c8248c53e6f96ca2b9d5e2f2d2e0bc9
base-0720,LISTENING_RECOGNITION,Has the updated price list been updated yet?,Bảng giá cập nhật đã được cập nhật chưa?,,Has the updated price list been updated yet?,Bảng giá cập nhật đã được cập nhật chưa?,TOEIC Question Response,B1,"{""part_of_speech"": ""sentence"", ""subtopic"": ""TOEIC Functional Phrase"", ""toeic_part"": ""2"", ""difficulty"": ""2"", ""explanation"": ""Câu chức năng nên luyện nghe nhận diện, nối âm và shadowing."", ""tags"": ""toeic,v4,functional-phrase,toeic-question-response"", ""audio_text"": ""Has the updated price list been updated yet?"", ""source"": ""YangLingo TOEIC Expansion v4""}",0f2d70857bb9729f1d0211c9fbd7eb17cdb203f4
base-0721,LISTENING_RECOGNITION,Who is responsible for the updated price list?,Ai chịu trách nhiệm về bảng giá cập nhật?,,Who is responsible for the updated price list?,Ai chịu trách nhiệm về bảng giá cập nhật?,TOEIC Question Response,B1,"{""part_of_speech"": ""sentence"", ""subtopic"": ""TOEIC Functional Phrase"", ""toeic_part"": ""2"", ""difficulty"": ""2"", ""explanation"": ""Câu chức năng nên luyện nghe nhận diện, nối âm và shadowing."", ""tags"": ""toeic,v4,functional-phrase,toeic-question-response"", ""audio_text"": ""Who is responsible for the updated price list?"", ""source"": ""YangLingo TOEIC Expansion v4""}",1b7d4a140cf5f2b6b6bb9d5e6204ce15539bbeb3
base-0722,LISTENING_RECOGNITION,Where can I find the employee handbook?,Tôi có thể tìm sổ tay nhân viên ở đâu?,,Where can I find the employee handbook?,Tôi có thể tìm sổ tay nhân viên ở đâu?,TOEIC Question Response,B1,"{""part_of_speech"": ""sentence"", ""subtopic"": ""TOEIC Functional Phrase"", ""toeic_part"": ""2"", ""difficulty"": ""1"", ""explanation"": ""Câu chức năng nên luyện nghe nhận diện, nối âm và shadowing."", ""tags"": ""toeic,v4,functional-phrase,toeic-question-response"", ""audio_text"": ""Where can I find the employee handbook?"", ""source"": ""YangLingo TOEIC Expansion v4""}",f065a40f0f08d24602adfee8c3ee80eb58a0fd8e
base-0723,LISTENING_RECOGNITION,Has the employee handbook been updated yet?,Sổ tay nhân viên đã được cập nhật chưa?,,Has the employee handbook been updated yet?,Sổ tay nhân viên đã được cập nhật chưa?,TOEIC Question Response,B1,"{""part_of_speech"": ""sentence"", ""subtopic"": ""TOEIC Functional Phrase"", ""toeic_part"": ""2"", ""difficulty"": ""2"", ""explanation"": ""Câu chức năng nên luyện nghe nhận diện, nối âm và shadowing."", ""tags"": ""toeic,v4,functional-phrase,toeic-question-response"", ""audio_text"": ""Has the employee handbook been updated yet?"", ""source"": ""YangLingo TOEIC Expansion v4""}",619c3f81b2a1e2b8eb41a1b61168fe20e624eaa3
base-0724,LISTENING_RECOGNITION,Who is responsible for the employee handbook?,Ai chịu trách nhiệm về sổ tay nhân viên?,,Who is responsible for the employee handbook?,Ai chịu trách nhiệm về sổ tay nhân viên?,TOEIC Question Response,B1,"{""part_of_speech"": ""sentence"", ""subtopic"": ""TOEIC Functional Phrase"", ""toeic_part"": ""2"", ""difficulty"": ""2"", ""explanation"": ""Câu chức năng nên luyện nghe nhận diện, nối âm và shadowing."", ""tags"": ""toeic,v4,functional-phrase,toeic-question-response"", ""audio_text"": ""Who is responsible for the employee handbook?"", ""source"": ""YangLingo TOEIC Expansion v4""}",d6b009f7471541a314d5853f8e7a6a2844fd00f3
base-0725,LISTENING_RECOGNITION,The office will close early this Friday.,Văn phòng sẽ đóng cửa sớm vào thứ Sáu này.,,The office will close early this Friday.,Văn phòng sẽ đóng cửa sớm vào thứ Sáu này.,TOEIC Announcements,B1,"{""part_of_speech"": ""sentence"", ""subtopic"": ""TOEIC Functional Phrase"", ""toeic_part"": ""4"", ""difficulty"": ""2"", ""explanation"": ""Câu chức năng nên luyện nghe nhận diện, nối âm và shadowing."", ""tags"": ""toeic,v4,announcement,toeic-announcements"", ""audio_text"": ""The office will close early this Friday."", ""source"": ""YangLingo TOEIC Expansion v4""}",072938704e2430903339e730d4a27f0bdb6534e9
base-0726,LISTENING_RECOGNITION,The parking area will be unavailable tomorrow morning.,Khu vực đỗ xe sẽ không sử dụng được vào sáng mai.,,The parking area will be unavailable tomorrow morning.,Khu vực đỗ xe sẽ không sử dụng được vào sáng mai.,TOEIC Announcements,B1,"{""part_of_speech"": ""sentence"", ""subtopic"": ""TOEIC Functional Phrase"", ""toeic_part"": ""4"", ""difficulty"": ""2"", ""explanation"": ""Câu chức năng nên luyện nghe nhận diện, nối âm và shadowing."", ""tags"": ""toeic,v4,announcement,toeic-announcements"", ""audio_text"": ""The parking area will be unavailable tomorrow morning."", ""source"": ""YangLingo TOEIC Expansion v4""}",732f26d1d87331f70b612d9d2b875963f0d86b04
base-0727,LISTENING_RECOGNITION,The elevator on the east side is under maintenance.,Thang máy phía đông đang được bảo trì.,,The elevator on the east side is under maintenance.,Thang máy phía đông đang được bảo trì.,TOEIC Announcements,B1,"{""part_of_speech"": ""sentence"", ""subtopic"": ""TOEIC Functional Phrase"", ""toeic_part"": ""4"", ""difficulty"": ""2"", ""explanation"": ""Câu chức năng nên luyện nghe nhận diện, nối âm và shadowing."", ""tags"": ""toeic,v4,announcement,toeic-announcements"", ""audio_text"": ""The elevator on the east side is under maintenance."", ""source"": ""YangLingo TOEIC Expansion v4""}",9e1b6aacebff68b607cc31c86b5ab2b04d8fa0ec
base-0728,LISTENING_RECOGNITION,Employees are asked to wear their identification badges.,Nhân viên được yêu cầu đeo thẻ nhận diện.,,Employees are asked to wear their identification badges.,Nhân viên được yêu cầu đeo thẻ nhận diện.,TOEIC Announcements,B1,"{""part_of_speech"": ""sentence"", ""subtopic"": ""TOEIC Functional Phrase"", ""toeic_part"": ""4"", ""difficulty"": ""2"", ""explanation"": ""Câu chức năng nên luyện nghe nhận diện, nối âm và shadowing."", ""tags"": ""toeic,v4,announcement,toeic-announcements"", ""audio_text"": ""Employees are asked to wear their identification badges."", ""source"": ""YangLingo TOEIC Expansion v4""}",9e73f0a3631da9cff76c8f3e8e5945e82bc1bba1
base-0729,LISTENING_RECOGNITION,Visitors must sign in at the reception desk.,Khách đến phải đăng ký tại quầy lễ tân.,,Visitors must sign in at the reception desk.,Khách đến phải đăng ký tại quầy lễ tân.,TOEIC Announcements,B1,"{""part_of_speech"": ""sentence"", ""subtopic"": ""TOEIC Functional Phrase"", ""toeic_part"": ""4"", ""difficulty"": ""2"", ""explanation"": ""Câu chức năng nên luyện nghe nhận diện, nối âm và shadowing."", ""tags"": ""toeic,v4,announcement,toeic-announcements"", ""audio_text"": ""Visitors must sign in at the reception desk."", ""source"": ""YangLingo TOEIC Expansion v4""}",72c016c5949c86d6971a944f1aee7975dba34867
base-0730,LISTENING_RECOGNITION,The cafeteria will reopen after the renovation.,Căng tin sẽ mở cửa lại sau khi cải tạo.,,The cafeteria will reopen after the renovation.,Căng tin sẽ mở cửa lại sau khi cải tạo.,TOEIC Announcements,B1,"{""part_of_speech"": ""sentence"", ""subtopic"": ""TOEIC Functional Phrase"", ""toeic_part"": ""4"", ""difficulty"": ""2"", ""explanation"": ""Câu chức năng nên luyện nghe nhận diện, nối âm và shadowing."", ""tags"": ""toeic,v4,announcement,toeic-announcements"", ""audio_text"": ""The cafeteria will reopen after the renovation."", ""source"": ""YangLingo TOEIC Expansion v4""}",521ec1761b03331f1a110a31eedd848381cd4e43
base-0731,LISTENING_RECOGNITION,The training session will begin at nine sharp.,Buổi đào tạo sẽ bắt đầu đúng chín giờ.,,The training session will begin at nine sharp.,Buổi đào tạo sẽ bắt đầu đúng chín giờ.,TOEIC Announcements,B1,"{""part_of_speech"": ""sentence"", ""subtopic"": ""TOEIC Functional Phrase"", ""toeic_part"": ""4"", ""difficulty"": ""2"", ""explanation"": ""Câu chức năng nên luyện nghe nhận diện, nối âm và shadowing."", ""tags"": ""toeic,v4,announcement,toeic-announcements"", ""audio_text"": ""The training session will begin at nine sharp."", ""source"": ""YangLingo TOEIC Expansion v4""}",f4f4fd9b7d0f7270b3e947c2c6184e6bae1bc087
base-0732,LISTENING_RECOGNITION,Please submit all expense reports by the end of the month.,Vui lòng nộp tất cả báo cáo chi phí trước cuối tháng.,,Please submit all expense reports by the end of the month.,Vui lòng nộp tất cả báo cáo chi phí trước cuối tháng.,TOEIC Announcements,B1,"{""part_of_speech"": ""sentence"", ""subtopic"": ""TOEIC Functional Phrase"", ""toeic_part"": ""4"", ""difficulty"": ""2"", ""explanation"": ""Câu chức năng nên luyện nghe nhận diện, nối âm và shadowing."", ""tags"": ""toeic,v4,announcement,toeic-announcements"", ""audio_text"": ""Please submit all expense reports by the end of the month."", ""source"": ""YangLingo TOEIC Expansion v4""}",b7845629a8af377cd918527ca1dfb72326d51440
base-0733,LISTENING_RECOGNITION,The new software will be installed over the weekend.,Phần mềm mới sẽ được cài đặt vào cuối tuần.,,The new software will be installed over the weekend.,Phần mềm mới sẽ được cài đặt vào cuối tuần.,TOEIC Announcements,B1,"{""part_of_speech"": ""sentence"", ""subtopic"": ""TOEIC Functional Phrase"", ""toeic_part"": ""4"", ""difficulty"": ""2"", ""explanation"": ""Câu chức năng nên luyện nghe nhận diện, nối âm và shadowing."", ""tags"": ""toeic,v4,announcement,toeic-announcements"", ""audio_text"": ""The new software will be installed over the weekend."", ""source"": ""YangLingo TOEIC Expansion v4""}",5251f78c8edd1d2bdcd4016c33b026ac14959fb9
base-0734,LISTENING_RECOGNITION,A safety inspection is scheduled for next Tuesday.,Một buổi kiểm tra an toàn được lên lịch vào thứ Ba tới.,,A safety inspection is scheduled for next Tuesday.,Một buổi kiểm tra an toàn được lên lịch vào thứ Ba tới.,TOEIC Announcements,B1,"{""part_of_speech"": ""sentence"", ""subtopic"": ""TOEIC Functional Phrase"", ""toeic_part"": ""4"", ""difficulty"": ""2"", ""explanation"": ""Câu chức năng nên luyện nghe nhận diện, nối âm và shadowing."", ""tags"": ""toeic,v4,announcement,toeic-announcements"", ""audio_text"": ""A safety inspection is scheduled for next Tuesday."", ""source"": ""YangLingo TOEIC Expansion v4""}",70d65894237d48ab9a5877dcc05b0f6dc0018f23
base-0735,LISTENING_RECOGNITION,The annual conference will take place at the downtown hotel.,Hội nghị thường niên sẽ diễn ra tại khách sạn trung tâm thành phố.,,The annual conference will take place at the downtown hotel.,Hội nghị thường niên sẽ diễn ra tại khách sạn trung tâm thành phố.,TOEIC Announcements,B1,"{""part_of_speech"": ""sentence"", ""subtopic"": ""TOEIC Functional Phrase"", ""toeic_part"": ""4"", ""difficulty"": ""2"", ""explanation"": ""Câu chức năng nên luyện nghe nhận diện, nối âm và shadowing."", ""tags"": ""toeic,v4,announcement,toeic-announcements"", ""audio_text"": ""The annual conference will take place at the downtown hotel."", ""source"": ""YangLingo TOEIC Expansion v4""}",31b42f6975d57222e27bcab28e50b887fa0b5db6
base-0736,LISTENING_RECOGNITION,Registration closes thirty minutes before the workshop.,Đăng ký đóng trước buổi workshop ba mươi phút.,,Registration closes thirty minutes before the workshop.,Đăng ký đóng trước buổi workshop ba mươi phút.,TOEIC Announcements,B1,"{""part_of_speech"": ""sentence"", ""subtopic"": ""TOEIC Functional Phrase"", ""toeic_part"": ""4"", ""difficulty"": ""2"", ""explanation"": ""Câu chức năng nên luyện nghe nhận diện, nối âm và shadowing."", ""tags"": ""toeic,v4,announcement,toeic-announcements"", ""audio_text"": ""Registration closes thirty minutes before the workshop."", ""source"": ""YangLingo TOEIC Expansion v4""}",6d46aff5bafbf1f4c14662566b52eb0bf22e408c
base-0737,LISTENING_RECOGNITION,The keynote speech has been moved to the main hall.,Bài phát biểu chính đã được chuyển sang hội trường chính.,,The keynote speech has been moved to the main hall.,Bài phát biểu chính đã được chuyển sang hội trường chính.,TOEIC Announcements,B1,"{""part_of_speech"": ""sentence"", ""subtopic"": ""TOEIC Functional Phrase"", ""toeic_part"": ""4"", ""difficulty"": ""2"", ""explanation"": ""Câu chức năng nên luyện nghe nhận diện, nối âm và shadowing."", ""tags"": ""toeic,v4,announcement,toeic-announcements"", ""audio_text"": ""The keynote speech has been moved to the main hall."", ""source"": ""YangLingo TOEIC Expansion v4""}",bae875fea24f25fa6a6fe19ca8777eab0b35b347
base-0738,LISTENING_RECOGNITION,Complimentary refreshments will be served during the break.,Đồ ăn nhẹ miễn phí sẽ được phục vụ trong giờ giải lao.,,Complimentary refreshments will be served during the break.,Đồ ăn nhẹ miễn phí sẽ được phục vụ trong giờ giải lao.,TOEIC Announcements,B1,"{""part_of_speech"": ""sentence"", ""subtopic"": ""TOEIC Functional Phrase"", ""toeic_part"": ""4"", ""difficulty"": ""2"", ""explanation"": ""Câu chức năng nên luyện nghe nhận diện, nối âm và shadowing."", ""tags"": ""toeic,v4,announcement,toeic-announcements"", ""audio_text"": ""Complimentary refreshments will be served during the break."", ""source"": ""YangLingo TOEIC Expansion v4""}",9518461080d7962bc06491f2ba70762d670cb3e0
base-0739,LISTENING_RECOGNITION,The product demonstration starts immediately after lunch.,Buổi trình diễn sản phẩm bắt đầu ngay sau bữa trưa.,,The product demonstration starts immediately after lunch.,Buổi trình diễn sản phẩm bắt đầu ngay sau bữa trưa.,TOEIC Announcements,B1,"{""part_of_speech"": ""sentence"", ""subtopic"": ""TOEIC Functional Phrase"", ""toeic_part"": ""4"", ""difficulty"": ""2"", ""explanation"": ""Câu chức năng nên luyện nghe nhận diện, nối âm và shadowing."", ""tags"": ""toeic,v4,announcement,toeic-announcements"", ""audio_text"": ""The product demonstration starts immediately after lunch."", ""source"": ""YangLingo TOEIC Expansion v4""}",e36a2298f18f9b335fd04e0bb77892b2bcc8db5b
base-0740,LISTENING_RECOGNITION,The warehouse will conduct inventory counts this weekend.,Kho hàng sẽ kiểm kê tồn kho vào cuối tuần này.,,The warehouse will conduct inventory counts this weekend.,Kho hàng sẽ kiểm kê tồn kho vào cuối tuần này.,TOEIC Announcements,B1,"{""part_of_speech"": ""sentence"", ""subtopic"": ""TOEIC Functional Phrase"", ""toeic_part"": ""4"", ""difficulty"": ""2"", ""explanation"": ""Câu chức năng nên luyện nghe nhận diện, nối âm và shadowing."", ""tags"": ""toeic,v4,announcement,toeic-announcements"", ""audio_text"": ""The warehouse will conduct inventory counts this weekend."", ""source"": ""YangLingo TOEIC Expansion v4""}",5e2977db6e1d4bdd42a8edc55d10cac9119b1388
base-0741,LISTENING_RECOGNITION,Deliveries may be delayed because of severe weather.,Việc giao hàng có thể bị chậm do thời tiết xấu.,,Deliveries may be delayed because of severe weather.,Việc giao hàng có thể bị chậm do thời tiết xấu.,TOEIC Announcements,B1,"{""part_of_speech"": ""sentence"", ""subtopic"": ""TOEIC Functional Phrase"", ""toeic_part"": ""4"", ""difficulty"": ""2"", ""explanation"": ""Câu chức năng nên luyện nghe nhận diện, nối âm và shadowing."", ""tags"": ""toeic,v4,announcement,toeic-announcements"", ""audio_text"": ""Deliveries may be delayed because of severe weather."", ""source"": ""YangLingo TOEIC Expansion v4""}",6f0ed5b3315f86e20e451f903aec773ffe5a9e94
base-0742,LISTENING_RECOGNITION,Customers can track their orders using the confirmation number.,Khách hàng có thể theo dõi đơn hàng bằng mã xác nhận.,,Customers can track their orders using the confirmation number.,Khách hàng có thể theo dõi đơn hàng bằng mã xác nhận.,TOEIC Announcements,B1,"{""part_of_speech"": ""sentence"", ""subtopic"": ""TOEIC Functional Phrase"", ""toeic_part"": ""4"", ""difficulty"": ""2"", ""explanation"": ""Câu chức năng nên luyện nghe nhận diện, nối âm và shadowing."", ""tags"": ""toeic,v4,announcement,toeic-announcements"", ""audio_text"": ""Customers can track their orders using the confirmation number."", ""source"": ""YangLingo TOEIC Expansion v4""}",47261c2990d8a19691deec467c75ee621b98f1f5
base-0743,LISTENING_RECOGNITION,The return policy has been extended to thirty days.,Thời hạn đổi trả đã được kéo dài lên ba mươi ngày.,,The return policy has been extended to thirty days.,Thời hạn đổi trả đã được kéo dài lên ba mươi ngày.,TOEIC Announcements,B1,"{""part_of_speech"": ""sentence"", ""subtopic"": ""TOEIC Functional Phrase"", ""toeic_part"": ""4"", ""difficulty"": ""2"", ""explanation"": ""Câu chức năng nên luyện nghe nhận diện, nối âm và shadowing."", ""tags"": ""toeic,v4,announcement,toeic-announcements"", ""audio_text"": ""The return policy has been extended to thirty days."", ""source"": ""YangLingo TOEIC Expansion v4""}",a2e0ceeb8ed375c5133853fb78319ba5e8eb204d
base-0744,LISTENING_RECOGNITION,A temporary service interruption is expected tonight.,Dự kiến sẽ có gián đoạn dịch vụ tạm thời tối nay.,,A temporary service interruption is expected tonight.,Dự kiến sẽ có gián đoạn dịch vụ tạm thời tối nay.,TOEIC Announcements,B1,"{""part_of_speech"": ""sentence"", ""subtopic"": ""TOEIC Functional Phrase"", ""toeic_part"": ""4"", ""difficulty"": ""2"", ""explanation"": ""Câu chức năng nên luyện nghe nhận diện, nối âm và shadowing."", ""tags"": ""toeic,v4,announcement,toeic-announcements"", ""audio_text"": ""A temporary service interruption is expected tonight."", ""source"": ""YangLingo TOEIC Expansion v4""}",1a425e4147118f48491c1f1170072f5d17b494a6
base-0745,LISTENING_RECOGNITION,The finance department has approved the revised budget.,Phòng tài chính đã phê duyệt ngân sách sửa đổi.,,The finance department has approved the revised budget.,Phòng tài chính đã phê duyệt ngân sách sửa đổi.,TOEIC Announcements,B1,"{""part_of_speech"": ""sentence"", ""subtopic"": ""TOEIC Functional Phrase"", ""toeic_part"": ""4"", ""difficulty"": ""2"", ""explanation"": ""Câu chức năng nên luyện nghe nhận diện, nối âm và shadowing."", ""tags"": ""toeic,v4,announcement,toeic-announcements"", ""audio_text"": ""The finance department has approved the revised budget."", ""source"": ""YangLingo TOEIC Expansion v4""}",f474cafc9df2cb453eb21193b24fe93f91b68850
base-0746,LISTENING_RECOGNITION,All invoices must include a purchase order number.,Tất cả hóa đơn phải có số đơn đặt hàng.,,All invoices must include a purchase order number.,Tất cả hóa đơn phải có số đơn đặt hàng.,TOEIC Announcements,B1,"{""part_of_speech"": ""sentence"", ""subtopic"": ""TOEIC Functional Phrase"", ""toeic_part"": ""4"", ""difficulty"": ""2"", ""explanation"": ""Câu chức năng nên luyện nghe nhận diện, nối âm và shadowing."", ""tags"": ""toeic,v4,announcement,toeic-announcements"", ""audio_text"": ""All invoices must include a purchase order number."", ""source"": ""YangLingo TOEIC Expansion v4""}",32a2dd3f85116ac96dd73f6632611b4052f196f8
base-0747,LISTENING_RECOGNITION,The supplier has agreed to replace the defective units.,Nhà cung cấp đã đồng ý thay thế các sản phẩm lỗi.,,The supplier has agreed to replace the defective units.,Nhà cung cấp đã đồng ý thay thế các sản phẩm lỗi.,TOEIC Announcements,B1,"{""part_of_speech"": ""sentence"", ""subtopic"": ""TOEIC Functional Phrase"", ""toeic_part"": ""4"", ""difficulty"": ""2"", ""explanation"": ""Câu chức năng nên luyện nghe nhận diện, nối âm và shadowing."", ""tags"": ""toeic,v4,announcement,toeic-announcements"", ""audio_text"": ""The supplier has agreed to replace the defective units."", ""source"": ""YangLingo TOEIC Expansion v4""}",17b60dfb7af5bf0a9a00e95709a27c43ffa260e3
base-0748,LISTENING_RECOGNITION,The shipment is expected to arrive before noon.,Lô hàng dự kiến sẽ đến trước buổi trưa.,,The shipment is expected to arrive before noon.,Lô hàng dự kiến sẽ đến trước buổi trưa.,TOEIC Announcements,B1,"{""part_of_speech"": ""sentence"", ""subtopic"": ""TOEIC Functional Phrase"", ""toeic_part"": ""4"", ""difficulty"": ""2"", ""explanation"": ""Câu chức năng nên luyện nghe nhận diện, nối âm và shadowing."", ""tags"": ""toeic,v4,announcement,toeic-announcements"", ""audio_text"": ""The shipment is expected to arrive before noon."", ""source"": ""YangLingo TOEIC Expansion v4""}",cdba739dfee6b92881bb6ba9895e3276792508d3
base-0749,LISTENING_RECOGNITION,The client requested several changes to the proposal.,Khách hàng đã yêu cầu một số thay đổi đối với đề xuất.,,The client requested several changes to the proposal.,Khách hàng đã yêu cầu một số thay đổi đối với đề xuất.,TOEIC Announcements,B1,"{""part_of_speech"": ""sentence"", ""subtopic"": ""TOEIC Functional Phrase"", ""toeic_part"": ""4"", ""difficulty"": ""2"", ""explanation"": ""Câu chức năng nên luyện nghe nhận diện, nối âm và shadowing."", ""tags"": ""toeic,v4,announcement,toeic-announcements"", ""audio_text"": ""The client requested several changes to the proposal."", ""source"": ""YangLingo TOEIC Expansion v4""}",ccb86d5f3e52498d41a7ee33fbd7fd39ac5d61c3
base-0750,LISTENING_RECOGNITION,The marketing campaign will launch next month.,Chiến dịch marketing sẽ được khởi động vào tháng tới.,,The marketing campaign will launch next month.,Chiến dịch marketing sẽ được khởi động vào tháng tới.,TOEIC Announcements,B1,"{""part_of_speech"": ""sentence"", ""subtopic"": ""TOEIC Functional Phrase"", ""toeic_part"": ""4"", ""difficulty"": ""2"", ""explanation"": ""Câu chức năng nên luyện nghe nhận diện, nối âm và shadowing."", ""tags"": ""toeic,v4,announcement,toeic-announcements"", ""audio_text"": ""The marketing campaign will launch next month."", ""source"": ""YangLingo TOEIC Expansion v4""}",798f0349ef8ebd307068720d502491c52c536376
base-0751,LISTENING_RECOGNITION,Sales increased after the new promotion began.,Doanh số đã tăng sau khi chương trình khuyến mãi mới bắt đầu.,,Sales increased after the new promotion began.,Doanh số đã tăng sau khi chương trình khuyến mãi mới bắt đầu.,TOEIC Announcements,B1,"{""part_of_speech"": ""sentence"", ""subtopic"": ""TOEIC Functional Phrase"", ""toeic_part"": ""4"", ""difficulty"": ""2"", ""explanation"": ""Câu chức năng nên luyện nghe nhận diện, nối âm và shadowing."", ""tags"": ""toeic,v4,announcement,toeic-announcements"", ""audio_text"": ""Sales increased after the new promotion began."", ""source"": ""YangLingo TOEIC Expansion v4""}",831ae439ce91f0e5a476501c7821195aa1f64eb3
base-0752,LISTENING_RECOGNITION,The company is seeking applicants with management experience.,Công ty đang tìm ứng viên có kinh nghiệm quản lý.,,The company is seeking applicants with management experience.,Công ty đang tìm ứng viên có kinh nghiệm quản lý.,TOEIC Announcements,B1,"{""part_of_speech"": ""sentence"", ""subtopic"": ""TOEIC Functional Phrase"", ""toeic_part"": ""4"", ""difficulty"": ""2"", ""explanation"": ""Câu chức năng nên luyện nghe nhận diện, nối âm và shadowing."", ""tags"": ""toeic,v4,announcement,toeic-announcements"", ""audio_text"": ""The company is seeking applicants with management experience."", ""source"": ""YangLingo TOEIC Expansion v4""}",9cb65a2102e25ee4c573a001d6f6f87aaba2c94e
base-0753,LISTENING_RECOGNITION,New employees must complete orientation before starting work.,Nhân viên mới phải hoàn thành định hướng trước khi bắt đầu làm việc.,,New employees must complete orientation before starting work.,Nhân viên mới phải hoàn thành định hướng trước khi bắt đầu làm việc.,TOEIC Announcements,B1,"{""part_of_speech"": ""sentence"", ""subtopic"": ""TOEIC Functional Phrase"", ""toeic_part"": ""4"", ""difficulty"": ""2"", ""explanation"": ""Câu chức năng nên luyện nghe nhận diện, nối âm và shadowing."", ""tags"": ""toeic,v4,announcement,toeic-announcements"", ""audio_text"": ""New employees must complete orientation before starting work."", ""source"": ""YangLingo TOEIC Expansion v4""}",06e95315de8898ccfe906d2d03c176ea7fea761e
base-0754,LISTENING_RECOGNITION,Performance evaluations are conducted twice a year.,Đánh giá hiệu suất được thực hiện hai lần mỗi năm.,,Performance evaluations are conducted twice a year.,Đánh giá hiệu suất được thực hiện hai lần mỗi năm.,TOEIC Announcements,B1,"{""part_of_speech"": ""sentence"", ""subtopic"": ""TOEIC Functional Phrase"", ""toeic_part"": ""4"", ""difficulty"": ""2"", ""explanation"": ""Câu chức năng nên luyện nghe nhận diện, nối âm và shadowing."", ""tags"": ""toeic,v4,announcement,toeic-announcements"", ""audio_text"": ""Performance evaluations are conducted twice a year."", ""source"": ""YangLingo TOEIC Expansion v4""}",944d33b5639c3483de449acaae5fef6aa7bcce98
base-0755,LISTENING_RECOGNITION,The project deadline has been moved to the end of the quarter.,Hạn chót dự án đã được chuyển đến cuối quý.,,The project deadline has been moved to the end of the quarter.,Hạn chót dự án đã được chuyển đến cuối quý.,TOEIC Announcements,B1,"{""part_of_speech"": ""sentence"", ""subtopic"": ""TOEIC Functional Phrase"", ""toeic_part"": ""4"", ""difficulty"": ""2"", ""explanation"": ""Câu chức năng nên luyện nghe nhận diện, nối âm và shadowing."", ""tags"": ""toeic,v4,announcement,toeic-announcements"", ""audio_text"": ""The project deadline has been moved to the end of the quarter."", ""source"": ""YangLingo TOEIC Expansion v4""}",4ac316ffe0d0706a7c2e25d316862ca0730b8241
base-0756,LISTENING_RECOGNITION,The team will provide a progress update at the next meeting.,Nhóm sẽ cung cấp cập nhật tiến độ tại cuộc họp tiếp theo.,,The team will provide a progress update at the next meeting.,Nhóm sẽ cung cấp cập nhật tiến độ tại cuộc họp tiếp theo.,TOEIC Announcements,B1,"{""part_of_speech"": ""sentence"", ""subtopic"": ""TOEIC Functional Phrase"", ""toeic_part"": ""4"", ""difficulty"": ""2"", ""explanation"": ""Câu chức năng nên luyện nghe nhận diện, nối âm và shadowing."", ""tags"": ""toeic,v4,announcement,toeic-announcements"", ""audio_text"": ""The team will provide a progress update at the next meeting."", ""source"": ""YangLingo TOEIC Expansion v4""}",002ed3a77f4b798f8327a0c4da7953e90ba622b9
base-0757,LISTENING_RECOGNITION,Please review the draft before it is sent to the client.,Vui lòng xem lại bản nháp trước khi gửi cho khách hàng.,,Please review the draft before it is sent to the client.,Vui lòng xem lại bản nháp trước khi gửi cho khách hàng.,TOEIC Announcements,B1,"{""part_of_speech"": ""sentence"", ""subtopic"": ""TOEIC Functional Phrase"", ""toeic_part"": ""4"", ""difficulty"": ""2"", ""explanation"": ""Câu chức năng nên luyện nghe nhận diện, nối âm và shadowing."", ""tags"": ""toeic,v4,announcement,toeic-announcements"", ""audio_text"": ""Please review the draft before it is sent to the client."", ""source"": ""YangLingo TOEIC Expansion v4""}",85a872158ccd904bad293efa13b6a117dbd70f58
base-0758,LISTENING_RECOGNITION,The contract will automatically renew unless it is canceled.,Hợp đồng sẽ tự động gia hạn trừ khi bị hủy.,,The contract will automatically renew unless it is canceled.,Hợp đồng sẽ tự động gia hạn trừ khi bị hủy.,TOEIC Announcements,B1,"{""part_of_speech"": ""sentence"", ""subtopic"": ""TOEIC Functional Phrase"", ""toeic_part"": ""4"", ""difficulty"": ""2"", ""explanation"": ""Câu chức năng nên luyện nghe nhận diện, nối âm và shadowing."", ""tags"": ""toeic,v4,announcement,toeic-announcements"", ""audio_text"": ""The contract will automatically renew unless it is canceled."", ""source"": ""YangLingo TOEIC Expansion v4""}",07b1934be3c1b6e3d7faf83c56230cec95ac18cf
base-0759,LISTENING_RECOGNITION,The lease expires at the end of September.,Hợp đồng thuê hết hạn vào cuối tháng Chín.,,The lease expires at the end of September.,Hợp đồng thuê hết hạn vào cuối tháng Chín.,TOEIC Announcements,B1,"{""part_of_speech"": ""sentence"", ""subtopic"": ""TOEIC Functional Phrase"", ""toeic_part"": ""4"", ""difficulty"": ""2"", ""explanation"": ""Câu chức năng nên luyện nghe nhận diện, nối âm và shadowing."", ""tags"": ""toeic,v4,announcement,toeic-announcements"", ""audio_text"": ""The lease expires at the end of September."", ""source"": ""YangLingo TOEIC Expansion v4""}",0cd0ce514115c05755a9183d49752f33fdad2413
base-0760,LISTENING_RECOGNITION,The technician identified the cause of the network outage.,Kỹ thuật viên đã xác định nguyên nhân của sự cố mạng.,,The technician identified the cause of the network outage.,Kỹ thuật viên đã xác định nguyên nhân của sự cố mạng.,TOEIC Announcements,B1,"{""part_of_speech"": ""sentence"", ""subtopic"": ""TOEIC Functional Phrase"", ""toeic_part"": ""4"", ""difficulty"": ""2"", ""explanation"": ""Câu chức năng nên luyện nghe nhận diện, nối âm và shadowing."", ""tags"": ""toeic,v4,announcement,toeic-announcements"", ""audio_text"": ""The technician identified the cause of the network outage."", ""source"": ""YangLingo TOEIC Expansion v4""}",f264fc33b64c2a2efef10539a6701803e9a3277e
base-0761,LISTENING_RECOGNITION,Please back up your files before installing the update.,Vui lòng sao lưu tệp trước khi cài đặt bản cập nhật.,,Please back up your files before installing the update.,Vui lòng sao lưu tệp trước khi cài đặt bản cập nhật.,TOEIC Announcements,B1,"{""part_of_speech"": ""sentence"", ""subtopic"": ""TOEIC Functional Phrase"", ""toeic_part"": ""4"", ""difficulty"": ""2"", ""explanation"": ""Câu chức năng nên luyện nghe nhận diện, nối âm và shadowing."", ""tags"": ""toeic,v4,announcement,toeic-announcements"", ""audio_text"": ""Please back up your files before installing the update."", ""source"": ""YangLingo TOEIC Expansion v4""}",59c3ae56d87961f0ffd6558da6f21f661d071cb9
base-0762,LISTENING_RECOGNITION,The help desk is available twenty-four hours a day.,Bộ phận hỗ trợ hoạt động hai mươi bốn giờ mỗi ngày.,,The help desk is available twenty-four hours a day.,Bộ phận hỗ trợ hoạt động hai mươi bốn giờ mỗi ngày.,TOEIC Announcements,B1,"{""part_of_speech"": ""sentence"", ""subtopic"": ""TOEIC Functional Phrase"", ""toeic_part"": ""4"", ""difficulty"": ""2"", ""explanation"": ""Câu chức năng nên luyện nghe nhận diện, nối âm và shadowing."", ""tags"": ""toeic,v4,announcement,toeic-announcements"", ""audio_text"": ""The help desk is available twenty-four hours a day."", ""source"": ""YangLingo TOEIC Expansion v4""}",d56140ff62924a1c6b0bf7876af40c38854d2022
base-0763,LISTENING_RECOGNITION,The factory has increased production capacity this year.,Nhà máy đã tăng công suất sản xuất trong năm nay.,,The factory has increased production capacity this year.,Nhà máy đã tăng công suất sản xuất trong năm nay.,TOEIC Announcements,B1,"{""part_of_speech"": ""sentence"", ""subtopic"": ""TOEIC Functional Phrase"", ""toeic_part"": ""4"", ""difficulty"": ""2"", ""explanation"": ""Câu chức năng nên luyện nghe nhận diện, nối âm và shadowing."", ""tags"": ""toeic,v4,announcement,toeic-announcements"", ""audio_text"": ""The factory has increased production capacity this year."", ""source"": ""YangLingo TOEIC Expansion v4""}",98cd7666434224f99ef6459524aa14a94133ba18
base-0764,LISTENING_RECOGNITION,All products must pass a quality inspection before shipping.,Tất cả sản phẩm phải qua kiểm tra chất lượng trước khi vận chuyển.,,All products must pass a quality inspection before shipping.,Tất cả sản phẩm phải qua kiểm tra chất lượng trước khi vận chuyển.,TOEIC Announcements,B1,"{""part_of_speech"": ""sentence"", ""subtopic"": ""TOEIC Functional Phrase"", ""toeic_part"": ""4"", ""difficulty"": ""2"", ""explanation"": ""Câu chức năng nên luyện nghe nhận diện, nối âm và shadowing."", ""tags"": ""toeic,v4,announcement,toeic-announcements"", ""audio_text"": ""All products must pass a quality inspection before shipping."", ""source"": ""YangLingo TOEIC Expansion v4""}",f8960a72656dbc9340af21763298d7198ce2ab26
base-0765,LISTENING_RECOGNITION,Would you like me to reserve a meeting room?,Bạn có muốn tôi đặt phòng họp không?,,Would you like me to reserve a meeting room?,Bạn có muốn tôi đặt phòng họp không?,TOEIC Question Response,B1,"{""part_of_speech"": ""sentence"", ""subtopic"": ""TOEIC Functional Phrase"", ""toeic_part"": ""2"", ""difficulty"": ""2"", ""explanation"": ""Câu chức năng nên luyện nghe nhận diện, nối âm và shadowing."", ""tags"": ""toeic,v4,functional-phrase,toeic-question-response"", ""audio_text"": ""Would you like me to reserve a meeting room?"", ""source"": ""YangLingo TOEIC Expansion v4""}",aa5e82a06af059352cc08911318e35b3bbf3f904
base-0766,LISTENING_RECOGNITION,Why do we need to reserve a meeting room?,Tại sao chúng ta cần đặt phòng họp?,,Why do we need to reserve a meeting room?,Tại sao chúng ta cần đặt phòng họp?,TOEIC Question Response,B1,"{""part_of_speech"": ""sentence"", ""subtopic"": ""TOEIC Functional Phrase"", ""toeic_part"": ""2"", ""difficulty"": ""2"", ""explanation"": ""Câu chức năng nên luyện nghe nhận diện, nối âm và shadowing."", ""tags"": ""toeic,v4,functional-phrase,toeic-question-response"", ""audio_text"": ""Why do we need to reserve a meeting room?"", ""source"": ""YangLingo TOEIC Expansion v4""}",4d310d76dfeb972a38b23c07a339a537020a9b49
base-0767,LISTENING_RECOGNITION,Would you like me to contact the vendor?,Bạn có muốn tôi liên hệ nhà cung cấp không?,,Would you like me to contact the vendor?,Bạn có muốn tôi liên hệ nhà cung cấp không?,TOEIC Question Response,B1,"{""part_of_speech"": ""sentence"", ""subtopic"": ""TOEIC Functional Phrase"", ""toeic_part"": ""2"", ""difficulty"": ""2"", ""explanation"": ""Câu chức năng nên luyện nghe nhận diện, nối âm và shadowing."", ""tags"": ""toeic,v4,functional-phrase,toeic-question-response"", ""audio_text"": ""Would you like me to contact the vendor?"", ""source"": ""YangLingo TOEIC Expansion v4""}",06ccd004cc2a9a294c3f9c02dc9c32e7bc4cbacb
base-0768,LISTENING_RECOGNITION,Why do we need to contact the vendor?,Tại sao chúng ta cần liên hệ nhà cung cấp?,,Why do we need to contact the vendor?,Tại sao chúng ta cần liên hệ nhà cung cấp?,TOEIC Question Response,B1,"{""part_of_speech"": ""sentence"", ""subtopic"": ""TOEIC Functional Phrase"", ""toeic_part"": ""2"", ""difficulty"": ""2"", ""explanation"": ""Câu chức năng nên luyện nghe nhận diện, nối âm và shadowing."", ""tags"": ""toeic,v4,functional-phrase,toeic-question-response"", ""audio_text"": ""Why do we need to contact the vendor?"", ""source"": ""YangLingo TOEIC Expansion v4""}",f0eacf59315debe93848a56f88c5884de76559f2
base-0769,LISTENING_RECOGNITION,Would you like me to print another copy?,Bạn có muốn tôi in thêm một bản không?,,Would you like me to print another copy?,Bạn có muốn tôi in thêm một bản không?,TOEIC Question Response,B1,"{""part_of_speech"": ""sentence"", ""subtopic"": ""TOEIC Functional Phrase"", ""toeic_part"": ""2"", ""difficulty"": ""2"", ""explanation"": ""Câu chức năng nên luyện nghe nhận diện, nối âm và shadowing."", ""tags"": ""toeic,v4,functional-phrase,toeic-question-response"", ""audio_text"": ""Would you like me to print another copy?"", ""source"": ""YangLingo TOEIC Expansion v4""}",0f939898dc9a2b158c269af3a09e11c8c1da90ac
base-0770,LISTENING_RECOGNITION,Why do we need to print another copy?,Tại sao chúng ta cần in thêm một bản?,,Why do we need to print another copy?,Tại sao chúng ta cần in thêm một bản?,TOEIC Question Response,B1,"{""part_of_speech"": ""sentence"", ""subtopic"": ""TOEIC Functional Phrase"", ""toeic_part"": ""2"", ""difficulty"": ""2"", ""explanation"": ""Câu chức năng nên luyện nghe nhận diện, nối âm và shadowing."", ""tags"": ""toeic,v4,functional-phrase,toeic-question-response"", ""audio_text"": ""Why do we need to print another copy?"", ""source"": ""YangLingo TOEIC Expansion v4""}",b448e122244e9cf376711aad29caa4d5ab4f853d
base-0771,LISTENING_RECOGNITION,Would you like me to send a reminder?,Bạn có muốn tôi gửi lời nhắc không?,,Would you like me to send a reminder?,Bạn có muốn tôi gửi lời nhắc không?,TOEIC Question Response,B1,"{""part_of_speech"": ""sentence"", ""subtopic"": ""TOEIC Functional Phrase"", ""toeic_part"": ""2"", ""difficulty"": ""2"", ""explanation"": ""Câu chức năng nên luyện nghe nhận diện, nối âm và shadowing."", ""tags"": ""toeic,v4,functional-phrase,toeic-question-response"", ""audio_text"": ""Would you like me to send a reminder?"", ""source"": ""YangLingo TOEIC Expansion v4""}",2cb0f74a3c9eca94d29652e718be0e757adfb686
base-0772,LISTENING_RECOGNITION,Why do we need to send a reminder?,Tại sao chúng ta cần gửi lời nhắc?,,Why do we need to send a reminder?,Tại sao chúng ta cần gửi lời nhắc?,TOEIC Question Response,B1,"{""part_of_speech"": ""sentence"", ""subtopic"": ""TOEIC Functional Phrase"", ""toeic_part"": ""2"", ""difficulty"": ""2"", ""explanation"": ""Câu chức năng nên luyện nghe nhận diện, nối âm và shadowing."", ""tags"": ""toeic,v4,functional-phrase,toeic-question-response"", ""audio_text"": ""Why do we need to send a reminder?"", ""source"": ""YangLingo TOEIC Expansion v4""}",e3873727ce8ad39610b712e5025a10082ca6bed7
base-0773,LISTENING_RECOGNITION,Would you like me to check the delivery status?,Bạn có muốn tôi kiểm tra tình trạng giao hàng không?,,Would you like me to check the delivery status?,Bạn có muốn tôi kiểm tra tình trạng giao hàng không?,TOEIC Question Response,B1,"{""part_of_speech"": ""sentence"", ""subtopic"": ""TOEIC Functional Phrase"", ""toeic_part"": ""2"", ""difficulty"": ""2"", ""explanation"": ""Câu chức năng nên luyện nghe nhận diện, nối âm và shadowing."", ""tags"": ""toeic,v4,functional-phrase,toeic-question-response"", ""audio_text"": ""Would you like me to check the delivery status?"", ""source"": ""YangLingo TOEIC Expansion v4""}",8ca5a807619fa7e20837c8ad46131d32deddb258
base-0774,LISTENING_RECOGNITION,Why do we need to check the delivery status?,Tại sao chúng ta cần kiểm tra tình trạng giao hàng?,,Why do we need to check the delivery status?,Tại sao chúng ta cần kiểm tra tình trạng giao hàng?,TOEIC Question Response,B1,"{""part_of_speech"": ""sentence"", ""subtopic"": ""TOEIC Functional Phrase"", ""toeic_part"": ""2"", ""difficulty"": ""2"", ""explanation"": ""Câu chức năng nên luyện nghe nhận diện, nối âm và shadowing."", ""tags"": ""toeic,v4,functional-phrase,toeic-question-response"", ""audio_text"": ""Why do we need to check the delivery status?"", ""source"": ""YangLingo TOEIC Expansion v4""}",c39f1ae3f1ff39fb1489e8fde6751c9140b85c20
base-0775,LISTENING_RECOGNITION,Would you like me to update the client?,Bạn có muốn tôi cập nhật cho khách hàng không?,,Would you like me to update the client?,Bạn có muốn tôi cập nhật cho khách hàng không?,TOEIC Question Response,B1,"{""part_of_speech"": ""sentence"", ""subtopic"": ""TOEIC Functional Phrase"", ""toeic_part"": ""2"", ""difficulty"": ""2"", ""explanation"": ""Câu chức năng nên luyện nghe nhận diện, nối âm và shadowing."", ""tags"": ""toeic,v4,functional-phrase,toeic-question-response"", ""audio_text"": ""Would you like me to update the client?"", ""source"": ""YangLingo TOEIC Expansion v4""}",bdef14a837ed4afefde95cdc5c0e536f785c899e
base-0776,LISTENING_RECOGNITION,Why do we need to update the client?,Tại sao chúng ta cần cập nhật cho khách hàng?,,Why do we need to update the client?,Tại sao chúng ta cần cập nhật cho khách hàng?,TOEIC Question Response,B1,"{""part_of_speech"": ""sentence"", ""subtopic"": ""TOEIC Functional Phrase"", ""toeic_part"": ""2"", ""difficulty"": ""2"", ""explanation"": ""Câu chức năng nên luyện nghe nhận diện, nối âm và shadowing."", ""tags"": ""toeic,v4,functional-phrase,toeic-question-response"", ""audio_text"": ""Why do we need to update the client?"", ""source"": ""YangLingo TOEIC Expansion v4""}",f47fbcebb8662f1b3831c4938f302af39035a275
base-0777,LISTENING_RECOGNITION,Would you like me to prepare the agenda?,Bạn có muốn tôi chuẩn bị chương trình họp không?,,Would you like me to prepare the agenda?,Bạn có muốn tôi chuẩn bị chương trình họp không?,TOEIC Question Response,B1,"{""part_of_speech"": ""sentence"", ""subtopic"": ""TOEIC Functional Phrase"", ""toeic_part"": ""2"", ""difficulty"": ""2"", ""explanation"": ""Câu chức năng nên luyện nghe nhận diện, nối âm và shadowing."", ""tags"": ""toeic,v4,functional-phrase,toeic-question-response"", ""audio_text"": ""Would you like me to prepare the agenda?"", ""source"": ""YangLingo TOEIC Expansion v4""}",71de2d1a3c7c180d00ca669f7bfac4c5021fe0c0
base-0778,LISTENING_RECOGNITION,Why do we need to prepare the agenda?,Tại sao chúng ta cần chuẩn bị chương trình họp?,,Why do we need to prepare the agenda?,Tại sao chúng ta cần chuẩn bị chương trình họp?,TOEIC Question Response,B1,"{""part_of_speech"": ""sentence"", ""subtopic"": ""TOEIC Functional Phrase"", ""toeic_part"": ""2"", ""difficulty"": ""2"", ""explanation"": ""Câu chức năng nên luyện nghe nhận diện, nối âm và shadowing."", ""tags"": ""toeic,v4,functional-phrase,toeic-question-response"", ""audio_text"": ""Why do we need to prepare the agenda?"", ""source"": ""YangLingo TOEIC Expansion v4""}",138315bbd9b415e70442b882821451ecd5206443
base-0779,LISTENING_RECOGNITION,Would you like me to review the contract?,Bạn có muốn tôi xem lại hợp đồng không?,,Would you like me to review the contract?,Bạn có muốn tôi xem lại hợp đồng không?,TOEIC Question Response,B1,"{""part_of_speech"": ""sentence"", ""subtopic"": ""TOEIC Functional Phrase"", ""toeic_part"": ""2"", ""difficulty"": ""2"", ""explanation"": ""Câu chức năng nên luyện nghe nhận diện, nối âm và shadowing."", ""tags"": ""toeic,v4,functional-phrase,toeic-question-response"", ""audio_text"": ""Would you like me to review the contract?"", ""source"": ""YangLingo TOEIC Expansion v4""}",afa95f442f8028e09d728dd75de36c9f227dee82
base-0780,LISTENING_RECOGNITION,Why do we need to review the contract?,Tại sao chúng ta cần xem lại hợp đồng?,,Why do we need to review the contract?,Tại sao chúng ta cần xem lại hợp đồng?,TOEIC Question Response,B1,"{""part_of_speech"": ""sentence"", ""subtopic"": ""TOEIC Functional Phrase"", ""toeic_part"": ""2"", ""difficulty"": ""2"", ""explanation"": ""Câu chức năng nên luyện nghe nhận diện, nối âm và shadowing."", ""tags"": ""toeic,v4,functional-phrase,toeic-question-response"", ""audio_text"": ""Why do we need to review the contract?"", ""source"": ""YangLingo TOEIC Expansion v4""}",7f7191e5d02040d17cb987455764c5d01fa7d4c2
base-0781,LISTENING_RECOGNITION,Would you like me to book a later flight?,Bạn có muốn tôi đặt chuyến bay muộn hơn không?,,Would you like me to book a later flight?,Bạn có muốn tôi đặt chuyến bay muộn hơn không?,TOEIC Question Response,B1,"{""part_of_speech"": ""sentence"", ""subtopic"": ""TOEIC Functional Phrase"", ""toeic_part"": ""2"", ""difficulty"": ""2"", ""explanation"": ""Câu chức năng nên luyện nghe nhận diện, nối âm và shadowing."", ""tags"": ""toeic,v4,functional-phrase,toeic-question-response"", ""audio_text"": ""Would you like me to book a later flight?"", ""source"": ""YangLingo TOEIC Expansion v4""}",8c82fe5eb361f04e466992ef238188d36e111d35
base-0782,LISTENING_RECOGNITION,Why do we need to book a later flight?,Tại sao chúng ta cần đặt chuyến bay muộn hơn?,,Why do we need to book a later flight?,Tại sao chúng ta cần đặt chuyến bay muộn hơn?,TOEIC Question Response,B1,"{""part_of_speech"": ""sentence"", ""subtopic"": ""TOEIC Functional Phrase"", ""toeic_part"": ""2"", ""difficulty"": ""2"", ""explanation"": ""Câu chức năng nên luyện nghe nhận diện, nối âm và shadowing."", ""tags"": ""toeic,v4,functional-phrase,toeic-question-response"", ""audio_text"": ""Why do we need to book a later flight?"", ""source"": ""YangLingo TOEIC Expansion v4""}",218efc7dd87187a4acde65757f04de148a6fc0e9
base-0783,LISTENING_RECOGNITION,Would you like me to call technical support?,Bạn có muốn tôi gọi bộ phận hỗ trợ kỹ thuật không?,,Would you like me to call technical support?,Bạn có muốn tôi gọi bộ phận hỗ trợ kỹ thuật không?,TOEIC Question Response,B1,"{""part_of_speech"": ""sentence"", ""subtopic"": ""TOEIC Functional Phrase"", ""toeic_part"": ""2"", ""difficulty"": ""2"", ""explanation"": ""Câu chức năng nên luyện nghe nhận diện, nối âm và shadowing."", ""tags"": ""toeic,v4,functional-phrase,toeic-question-response"", ""audio_text"": ""Would you like me to call technical support?"", ""source"": ""YangLingo TOEIC Expansion v4""}",e2fc825b838b3cc47eba5ee2a1a9bd98fccbb7cf
base-0784,LISTENING_RECOGNITION,Why do we need to call technical support?,Tại sao chúng ta cần gọi bộ phận hỗ trợ kỹ thuật?,,Why do we need to call technical support?,Tại sao chúng ta cần gọi bộ phận hỗ trợ kỹ thuật?,TOEIC Question Response,B1,"{""part_of_speech"": ""sentence"", ""subtopic"": ""TOEIC Functional Phrase"", ""toeic_part"": ""2"", ""difficulty"": ""2"", ""explanation"": ""Câu chức năng nên luyện nghe nhận diện, nối âm và shadowing."", ""tags"": ""toeic,v4,functional-phrase,toeic-question-response"", ""audio_text"": ""Why do we need to call technical support?"", ""source"": ""YangLingo TOEIC Expansion v4""}",2fa35b0857199cf3e46ea5f6c57e63b13f536ec0
base-0785,LISTENING_RECOGNITION,Would you like me to order more supplies?,Bạn có muốn tôi đặt thêm vật tư không?,,Would you like me to order more supplies?,Bạn có muốn tôi đặt thêm vật tư không?,TOEIC Question Response,B1,"{""part_of_speech"": ""sentence"", ""subtopic"": ""TOEIC Functional Phrase"", ""toeic_part"": ""2"", ""difficulty"": ""2"", ""explanation"": ""Câu chức năng nên luyện nghe nhận diện, nối âm và shadowing."", ""tags"": ""toeic,v4,functional-phrase,toeic-question-response"", ""audio_text"": ""Would you like me to order more supplies?"", ""source"": ""YangLingo TOEIC Expansion v4""}",fc51817b00642115b9083687d2b13af9e8baa9b8
base-0786,LISTENING_RECOGNITION,Why do we need to order more supplies?,Tại sao chúng ta cần đặt thêm vật tư?,,Why do we need to order more supplies?,Tại sao chúng ta cần đặt thêm vật tư?,TOEIC Question Response,B1,"{""part_of_speech"": ""sentence"", ""subtopic"": ""TOEIC Functional Phrase"", ""toeic_part"": ""2"", ""difficulty"": ""2"", ""explanation"": ""Câu chức năng nên luyện nghe nhận diện, nối âm và shadowing."", ""tags"": ""toeic,v4,functional-phrase,toeic-question-response"", ""audio_text"": ""Why do we need to order more supplies?"", ""source"": ""YangLingo TOEIC Expansion v4""}",c49ff922e618897341092c6b2238fdf3cb898c65
base-0787,LISTENING_RECOGNITION,Would you like me to schedule a repair?,Bạn có muốn tôi lên lịch sửa chữa không?,,Would you like me to schedule a repair?,Bạn có muốn tôi lên lịch sửa chữa không?,TOEIC Question Response,B1,"{""part_of_speech"": ""sentence"", ""subtopic"": ""TOEIC Functional Phrase"", ""toeic_part"": ""2"", ""difficulty"": ""2"", ""explanation"": ""Câu chức năng nên luyện nghe nhận diện, nối âm và shadowing."", ""tags"": ""toeic,v4,functional-phrase,toeic-question-response"", ""audio_text"": ""Would you like me to schedule a repair?"", ""source"": ""YangLingo TOEIC Expansion v4""}",379f2aa155d52a39512de7250f08ac3522489830
base-0788,LISTENING_RECOGNITION,Why do we need to schedule a repair?,Tại sao chúng ta cần lên lịch sửa chữa?,,Why do we need to schedule a repair?,Tại sao chúng ta cần lên lịch sửa chữa?,TOEIC Question Response,B1,"{""part_of_speech"": ""sentence"", ""subtopic"": ""TOEIC Functional Phrase"", ""toeic_part"": ""2"", ""difficulty"": ""2"", ""explanation"": ""Câu chức năng nên luyện nghe nhận diện, nối âm và shadowing."", ""tags"": ""toeic,v4,functional-phrase,toeic-question-response"", ""audio_text"": ""Why do we need to schedule a repair?"", ""source"": ""YangLingo TOEIC Expansion v4""}",ea7dcb8a563e5f8350739855d50724df073bc0e8
base-0789,LISTENING_RECOGNITION,Would you like me to confirm the appointment?,Bạn có muốn tôi xác nhận cuộc hẹn không?,,Would you like me to confirm the appointment?,Bạn có muốn tôi xác nhận cuộc hẹn không?,TOEIC Question Response,B1,"{""part_of_speech"": ""sentence"", ""subtopic"": ""TOEIC Functional Phrase"", ""toeic_part"": ""2"", ""difficulty"": ""2"", ""explanation"": ""Câu chức năng nên luyện nghe nhận diện, nối âm và shadowing."", ""tags"": ""toeic,v4,functional-phrase,toeic-question-response"", ""audio_text"": ""Would you like me to confirm the appointment?"", ""source"": ""YangLingo TOEIC Expansion v4""}",9f45b9d9221f96c774261ee7874c16196102de41
base-0790,LISTENING_RECOGNITION,Why do we need to confirm the appointment?,Tại sao chúng ta cần xác nhận cuộc hẹn?,,Why do we need to confirm the appointment?,Tại sao chúng ta cần xác nhận cuộc hẹn?,TOEIC Question Response,B1,"{""part_of_speech"": ""sentence"", ""subtopic"": ""TOEIC Functional Phrase"", ""toeic_part"": ""2"", ""difficulty"": ""2"", ""explanation"": ""Câu chức năng nên luyện nghe nhận diện, nối âm và shadowing."", ""tags"": ""toeic,v4,functional-phrase,toeic-question-response"", ""audio_text"": ""Why do we need to confirm the appointment?"", ""source"": ""YangLingo TOEIC Expansion v4""}",8cb455e8bd8150a41805798e4c6ab19880c0e965
base-0791,LISTENING_RECOGNITION,Would you like me to forward the message?,Bạn có muốn tôi chuyển tiếp lời nhắn không?,,Would you like me to forward the message?,Bạn có muốn tôi chuyển tiếp lời nhắn không?,TOEIC Question Response,B1,"{""part_of_speech"": ""sentence"", ""subtopic"": ""TOEIC Functional Phrase"", ""toeic_part"": ""2"", ""difficulty"": ""2"", ""explanation"": ""Câu chức năng nên luyện nghe nhận diện, nối âm và shadowing."", ""tags"": ""toeic,v4,functional-phrase,toeic-question-response"", ""audio_text"": ""Would you like me to forward the message?"", ""source"": ""YangLingo TOEIC Expansion v4""}",ec3abf456b3deb3799a2c82b92dd2ffd0ecc750b
base-0792,LISTENING_RECOGNITION,Why do we need to forward the message?,Tại sao chúng ta cần chuyển tiếp lời nhắn?,,Why do we need to forward the message?,Tại sao chúng ta cần chuyển tiếp lời nhắn?,TOEIC Question Response,B1,"{""part_of_speech"": ""sentence"", ""subtopic"": ""TOEIC Functional Phrase"", ""toeic_part"": ""2"", ""difficulty"": ""2"", ""explanation"": ""Câu chức năng nên luyện nghe nhận diện, nối âm và shadowing."", ""tags"": ""toeic,v4,functional-phrase,toeic-question-response"", ""audio_text"": ""Why do we need to forward the message?"", ""source"": ""YangLingo TOEIC Expansion v4""}",972039fc61b4cf87d22c2800ef9ab377aec0d1c2
base-0793,LISTENING_RECOGNITION,Would you like me to arrange transportation?,Bạn có muốn tôi sắp xếp phương tiện đi lại không?,,Would you like me to arrange transportation?,Bạn có muốn tôi sắp xếp phương tiện đi lại không?,TOEIC Question Response,B1,"{""part_of_speech"": ""sentence"", ""subtopic"": ""TOEIC Functional Phrase"", ""toeic_part"": ""2"", ""difficulty"": ""2"", ""explanation"": ""Câu chức năng nên luyện nghe nhận diện, nối âm và shadowing."", ""tags"": ""toeic,v4,functional-phrase,toeic-question-response"", ""audio_text"": ""Would you like me to arrange transportation?"", ""source"": ""YangLingo TOEIC Expansion v4""}",29ccaec34ad5b4eee5b8d3c2266f997282d0af52
base-0794,LISTENING_RECOGNITION,Why do we need to arrange transportation?,Tại sao chúng ta cần sắp xếp phương tiện đi lại?,,Why do we need to arrange transportation?,Tại sao chúng ta cần sắp xếp phương tiện đi lại?,TOEIC Question Response,B1,"{""part_of_speech"": ""sentence"", ""subtopic"": ""TOEIC Functional Phrase"", ""toeic_part"": ""2"", ""difficulty"": ""2"", ""explanation"": ""Câu chức năng nên luyện nghe nhận diện, nối âm và shadowing."", ""tags"": ""toeic,v4,functional-phrase,toeic-question-response"", ""audio_text"": ""Why do we need to arrange transportation?"", ""source"": ""YangLingo TOEIC Expansion v4""}",b906a435bf9cce5c05acba7d5485a9c4a3660e55
base-0795,LISTENING_RECOGNITION,Would you like me to request a quotation?,Bạn có muốn tôi yêu cầu báo giá không?,,Would you like me to request a quotation?,Bạn có muốn tôi yêu cầu báo giá không?,TOEIC Question Response,B1,"{""part_of_speech"": ""sentence"", ""subtopic"": ""TOEIC Functional Phrase"", ""toeic_part"": ""2"", ""difficulty"": ""2"", ""explanation"": ""Câu chức năng nên luyện nghe nhận diện, nối âm và shadowing."", ""tags"": ""toeic,v4,functional-phrase,toeic-question-response"", ""audio_text"": ""Would you like me to request a quotation?"", ""source"": ""YangLingo TOEIC Expansion v4""}",d8de56a9394e6a53f94fe15755889a003302abe4
base-0796,LISTENING_RECOGNITION,Why do we need to request a quotation?,Tại sao chúng ta cần yêu cầu báo giá?,,Why do we need to request a quotation?,Tại sao chúng ta cần yêu cầu báo giá?,TOEIC Question Response,B1,"{""part_of_speech"": ""sentence"", ""subtopic"": ""TOEIC Functional Phrase"", ""toeic_part"": ""2"", ""difficulty"": ""2"", ""explanation"": ""Câu chức năng nên luyện nghe nhận diện, nối âm và shadowing."", ""tags"": ""toeic,v4,functional-phrase,toeic-question-response"", ""audio_text"": ""Why do we need to request a quotation?"", ""source"": ""YangLingo TOEIC Expansion v4""}",2c3245cb5f5adfc31cea523d35633e2bb69a1722
base-0797,LISTENING_RECOGNITION,Would you like me to submit the application?,Bạn có muốn tôi nộp đơn ứng tuyển không?,,Would you like me to submit the application?,Bạn có muốn tôi nộp đơn ứng tuyển không?,TOEIC Question Response,B1,"{""part_of_speech"": ""sentence"", ""subtopic"": ""TOEIC Functional Phrase"", ""toeic_part"": ""2"", ""difficulty"": ""2"", ""explanation"": ""Câu chức năng nên luyện nghe nhận diện, nối âm và shadowing."", ""tags"": ""toeic,v4,functional-phrase,toeic-question-response"", ""audio_text"": ""Would you like me to submit the application?"", ""source"": ""YangLingo TOEIC Expansion v4""}",5211b52bce81199c47c31d1ee5ff610da8bd8145
base-0798,LISTENING_RECOGNITION,Why do we need to submit the application?,Tại sao chúng ta cần nộp đơn ứng tuyển?,,Why do we need to submit the application?,Tại sao chúng ta cần nộp đơn ứng tuyển?,TOEIC Question Response,B1,"{""part_of_speech"": ""sentence"", ""subtopic"": ""TOEIC Functional Phrase"", ""toeic_part"": ""2"", ""difficulty"": ""2"", ""explanation"": ""Câu chức năng nên luyện nghe nhận diện, nối âm và shadowing."", ""tags"": ""toeic,v4,functional-phrase,toeic-question-response"", ""audio_text"": ""Why do we need to submit the application?"", ""source"": ""YangLingo TOEIC Expansion v4""}",cda61d5f079fffecd5198ed21697e598c4634a29
base-0799,LISTENING_RECOGNITION,Would you like me to check the budget?,Bạn có muốn tôi kiểm tra ngân sách không?,,Would you like me to check the budget?,Bạn có muốn tôi kiểm tra ngân sách không?,TOEIC Question Response,B1,"{""part_of_speech"": ""sentence"", ""subtopic"": ""TOEIC Functional Phrase"", ""toeic_part"": ""2"", ""difficulty"": ""2"", ""explanation"": ""Câu chức năng nên luyện nghe nhận diện, nối âm và shadowing."", ""tags"": ""toeic,v4,functional-phrase,toeic-question-response"", ""audio_text"": ""Would you like me to check the budget?"", ""source"": ""YangLingo TOEIC Expansion v4""}",58ed2e2a81e58af809d3a558041926839650186d
base-0800,LISTENING_RECOGNITION,Why do we need to check the budget?,Tại sao chúng ta cần kiểm tra ngân sách?,,Why do we need to check the budget?,Tại sao chúng ta cần kiểm tra ngân sách?,TOEIC Question Response,B1,"{""part_of_speech"": ""sentence"", ""subtopic"": ""TOEIC Functional Phrase"", ""toeic_part"": ""2"", ""difficulty"": ""2"", ""explanation"": ""Câu chức năng nên luyện nghe nhận diện, nối âm và shadowing."", ""tags"": ""toeic,v4,functional-phrase,toeic-question-response"", ""audio_text"": ""Why do we need to check the budget?"", ""source"": ""YangLingo TOEIC Expansion v4""}",d2ae381c50c4a7935a7ecdd27f7b98860f8302ee
base-0801,LISTENING_RECOGNITION,Would you like me to reserve a table?,Bạn có muốn tôi đặt bàn không?,,Would you like me to reserve a table?,Bạn có muốn tôi đặt bàn không?,TOEIC Question Response,B1,"{""part_of_speech"": ""sentence"", ""subtopic"": ""TOEIC Functional Phrase"", ""toeic_part"": ""2"", ""difficulty"": ""2"", ""explanation"": ""Câu chức năng nên luyện nghe nhận diện, nối âm và shadowing."", ""tags"": ""toeic,v4,functional-phrase,toeic-question-response"", ""audio_text"": ""Would you like me to reserve a table?"", ""source"": ""YangLingo TOEIC Expansion v4""}",f2db33d60813bae0971256211ce925061010522e
base-0802,LISTENING_RECOGNITION,Why do we need to reserve a table?,Tại sao chúng ta cần đặt bàn?,,Why do we need to reserve a table?,Tại sao chúng ta cần đặt bàn?,TOEIC Question Response,B1,"{""part_of_speech"": ""sentence"", ""subtopic"": ""TOEIC Functional Phrase"", ""toeic_part"": ""2"", ""difficulty"": ""2"", ""explanation"": ""Câu chức năng nên luyện nghe nhận diện, nối âm và shadowing."", ""tags"": ""toeic,v4,functional-phrase,toeic-question-response"", ""audio_text"": ""Why do we need to reserve a table?"", ""source"": ""YangLingo TOEIC Expansion v4""}",98f904770a3b9b6d62a05729506204aade75319c
base-0803,LISTENING_RECOGNITION,Would you like me to extend the deadline?,Bạn có muốn tôi gia hạn thời hạn không?,,Would you like me to extend the deadline?,Bạn có muốn tôi gia hạn thời hạn không?,TOEIC Question Response,B1,"{""part_of_speech"": ""sentence"", ""subtopic"": ""TOEIC Functional Phrase"", ""toeic_part"": ""2"", ""difficulty"": ""2"", ""explanation"": ""Câu chức năng nên luyện nghe nhận diện, nối âm và shadowing."", ""tags"": ""toeic,v4,functional-phrase,toeic-question-response"", ""audio_text"": ""Would you like me to extend the deadline?"", ""source"": ""YangLingo TOEIC Expansion v4""}",0979ef0316fca6c501f3777a229bd97ff4abaffe
base-0804,LISTENING_RECOGNITION,Why do we need to extend the deadline?,Tại sao chúng ta cần gia hạn thời hạn?,,Why do we need to extend the deadline?,Tại sao chúng ta cần gia hạn thời hạn?,TOEIC Question Response,B1,"{""part_of_speech"": ""sentence"", ""subtopic"": ""TOEIC Functional Phrase"", ""toeic_part"": ""2"", ""difficulty"": ""2"", ""explanation"": ""Câu chức năng nên luyện nghe nhận diện, nối âm và shadowing."", ""tags"": ""toeic,v4,functional-phrase,toeic-question-response"", ""audio_text"": ""Why do we need to extend the deadline?"", ""source"": ""YangLingo TOEIC Expansion v4""}",b90fdcdb2d94aaa127521cfc1dbc23838ddc77fe
adaptive-vocab-001,VOCABULARY,accomplish,hoàn thành,A useful English word for work contexts.,"The learner used ""accomplish"" correctly in a practical sentence.",,Work,B1,"{""source"": ""YangLingo Adaptive original""}",2b8860dbf3bbe03dbb7cd87dbb71d920f4e4500c
adaptive-vocab-002,VOCABULARY,accurate,chính xác,A useful English word for general contexts.,"The learner used ""accurate"" correctly in a practical sentence.",,General,B1,"{""source"": ""YangLingo Adaptive original""}",84d294c345c73e5891ef42038e9e00a62a5e4571
adaptive-vocab-003,VOCABULARY,adapt,thích nghi,A useful English word for general contexts.,"The learner used ""adapt"" correctly in a practical sentence.",,General,B1,"{""source"": ""YangLingo Adaptive original""}",3e423d8ffcdf48a1f4c09a1a63e18568a1407f23
adaptive-vocab-004,VOCABULARY,adequate,đầy đủ; thỏa đáng,A useful English word for general contexts.,"The learner used ""adequate"" correctly in a practical sentence.",,General,B1,"{""source"": ""YangLingo Adaptive original""}",788c134e317d33b097954305a321fbc83a708e73
adaptive-vocab-005,VOCABULARY,allocate,phân bổ,A useful English word for finance contexts.,"The learner used ""allocate"" correctly in a practical sentence.",,Finance,B1,"{""source"": ""YangLingo Adaptive original""}",30cfb87ba55cff3c998396c5a3d6b25ddfd56001
adaptive-vocab-006,VOCABULARY,alternative,phương án thay thế,A useful English word for general contexts.,"The learner used ""alternative"" correctly in a practical sentence.",,General,B1,"{""source"": ""YangLingo Adaptive original""}",e34269658bed9c0c5e9e67098f4a11bf90baa943
adaptive-vocab-007,VOCABULARY,anticipate,dự đoán; mong đợi,A useful English word for business contexts.,"The learner used ""anticipate"" correctly in a practical sentence.",,Business,B1,"{""source"": ""YangLingo Adaptive original""}",5280279410acf2625f9e1e59c5493377aa59a1a1
adaptive-vocab-008,VOCABULARY,apologize,xin lỗi,A useful English word for customer service contexts.,"The learner used ""apologize"" correctly in a practical sentence.",,Customer Service,B1,"{""source"": ""YangLingo Adaptive original""}",7271b066d2043b9e859ad783c1f8990e3352e0de
adaptive-vocab-009,VOCABULARY,appropriate,phù hợp,A useful English word for general contexts.,"The learner used ""appropriate"" correctly in a practical sentence.",,General,B1,"{""source"": ""YangLingo Adaptive original""}",89256197eb2f550a3e5718fc39d6487cfb3f16fe
adaptive-vocab-010,VOCABULARY,approve,phê duyệt,A useful English word for office contexts.,"The learner used ""approve"" correctly in a practical sentence.",,Office,B1,"{""source"": ""YangLingo Adaptive original""}",de7770459431fd4696bdba842054da31778b3d1b
adaptive-vocab-011,VOCABULARY,arrange,sắp xếp,A useful English word for office contexts.,"The learner used ""arrange"" correctly in a practical sentence.",,Office,B1,"{""source"": ""YangLingo Adaptive original""}",eab8537cc005c5a23f304cd7eb96400c3378964e
adaptive-vocab-012,VOCABULARY,assess,đánh giá,A useful English word for education contexts.,"The learner used ""assess"" correctly in a practical sentence.",,Education,B1,"{""source"": ""YangLingo Adaptive original""}",a3d4a95b5f3cfd5fde7c8ccb08fd9571cd445232
adaptive-vocab-013,VOCABULARY,beneficial,có lợi,A useful English word for general contexts.,"The learner used ""beneficial"" correctly in a practical sentence.",,General,B1,"{""source"": ""YangLingo Adaptive original""}",c89d17a66cdbd1fbf7e96b70a9c53fd69e42ca94
adaptive-vocab-014,VOCABULARY,brief,ngắn gọn,A useful English word for office contexts.,"The learner used ""brief"" correctly in a practical sentence.",,Office,B1,"{""source"": ""YangLingo Adaptive original""}",e4ed844257aed49059b7074d081076c1196b2fd5
adaptive-vocab-015,VOCABULARY,candidate,ứng viên,A useful English word for recruitment contexts.,"The learner used ""candidate"" correctly in a practical sentence.",,Recruitment,B1,"{""source"": ""YangLingo Adaptive original""}",441cd5f4cde359a6df1623f8b9ba14b5c18d44f0
adaptive-vocab-016,VOCABULARY,clarify,làm rõ,A useful English word for communication contexts.,"The learner used ""clarify"" correctly in a practical sentence.",,Communication,B1,"{""source"": ""YangLingo Adaptive original""}",05ba339bdfbadc5b282e6acb0b03d0e0a8b44e37
adaptive-vocab-017,VOCABULARY,collaborate,hợp tác,A useful English word for work contexts.,"The learner used ""collaborate"" correctly in a practical sentence.",,Work,B1,"{""source"": ""YangLingo Adaptive original""}",b201b35fe29408c3792ef0607d3561ba2962cd93
adaptive-vocab-018,VOCABULARY,commitment,sự cam kết,A useful English word for work contexts.,"The learner used ""commitment"" correctly in a practical sentence.",,Work,B1,"{""source"": ""YangLingo Adaptive original""}",8f0465668a4bc681ce68687ff250d3b79b56ff39
adaptive-vocab-019,VOCABULARY,compare,so sánh,A useful English word for general contexts.,"The learner used ""compare"" correctly in a practical sentence.",,General,B1,"{""source"": ""YangLingo Adaptive original""}",8061a26b9da1b5cad3f7bc63fb903a9970772286
adaptive-vocab-020,VOCABULARY,complaint,lời phàn nàn,A useful English word for customer service contexts.,"The learner used ""complaint"" correctly in a practical sentence.",,Customer Service,B1,"{""source"": ""YangLingo Adaptive original""}",2f0aca14dd0a9f942792a433b141f9e25d6745db
adaptive-vocab-021,VOCABULARY,confirm,xác nhận,A useful English word for office contexts.,"The learner used ""confirm"" correctly in a practical sentence.",,Office,B1,"{""source"": ""YangLingo Adaptive original""}",6e7597b1b5c72d2b58eafb62ec1984d73b182772
adaptive-vocab-022,VOCABULARY,consider,cân nhắc,A useful English word for general contexts.,"The learner used ""consider"" correctly in a practical sentence.",,General,B1,"{""source"": ""YangLingo Adaptive original""}",55e16b312fdb3973c9e9ed7f22ccd8ac56c383a4
adaptive-vocab-023,VOCABULARY,consistent,nhất quán,A useful English word for general contexts.,"The learner used ""consistent"" correctly in a practical sentence.",,General,B1,"{""source"": ""YangLingo Adaptive original""}",8d68770f60b58752f60cf3d2d7a8dcb692680d45
adaptive-vocab-024,VOCABULARY,convenient,thuận tiện,A useful English word for daily life contexts.,"The learner used ""convenient"" correctly in a practical sentence.",,Daily Life,B1,"{""source"": ""YangLingo Adaptive original""}",69ec721219c526142934b195e8e9a4f87f881865
adaptive-vocab-025,VOCABULARY,coordinate,phối hợp,A useful English word for work contexts.,"The learner used ""coordinate"" correctly in a practical sentence.",,Work,B1,"{""source"": ""YangLingo Adaptive original""}",f1b38d803349ed353a1cef0320c32269538eea24
adaptive-vocab-027,VOCABULARY,decline,giảm; từ chối,A useful English word for business contexts.,"The learner used ""decline"" correctly in a practical sentence.",,Business,B1,"{""source"": ""YangLingo Adaptive original""}",1c4bbb40f6488bc0ee2438483b89be52f6e53691
adaptive-vocab-028,VOCABULARY,deliver,giao; cung cấp,A useful English word for business contexts.,"The learner used ""deliver"" correctly in a practical sentence.",,Business,B1,"{""source"": ""YangLingo Adaptive original""}",0b0d203dc9c8e38ee68ee9779f846ed8cf232ead
adaptive-vocab-029,VOCABULARY,demonstrate,chứng minh; trình bày,A useful English word for education contexts.,"The learner used ""demonstrate"" correctly in a practical sentence.",,Education,B1,"{""source"": ""YangLingo Adaptive original""}",8a2ba641fd1ecbce0ad4d1a120a532d52170bd22
adaptive-vocab-030,VOCABULARY,dependable,đáng tin cậy,A useful English word for work contexts.,"The learner used ""dependable"" correctly in a practical sentence.",,Work,B1,"{""source"": ""YangLingo Adaptive original""}",c3bad70a6aed30416527388d2e484a3f07c00d8d
adaptive-vocab-031,VOCABULARY,determine,xác định,A useful English word for general contexts.,"The learner used ""determine"" correctly in a practical sentence.",,General,B1,"{""source"": ""YangLingo Adaptive original""}",a7464e9d261c3d3239d4653324993889cefaff52
adaptive-vocab-032,VOCABULARY,efficient,hiệu quả,A useful English word for work contexts.,"The learner used ""efficient"" correctly in a practical sentence.",,Work,B1,"{""source"": ""YangLingo Adaptive original""}",1b86d4abefadde6d5f78168efae7e4ff4192e986
adaptive-vocab-033,VOCABULARY,encourage,khuyến khích,A useful English word for education contexts.,"The learner used ""encourage"" correctly in a practical sentence.",,Education,B1,"{""source"": ""YangLingo Adaptive original""}",2891af2b7fefd2f33f9c673f55ddeea1cdb4fbe7
adaptive-vocab-034,VOCABULARY,ensure,đảm bảo,A useful English word for work contexts.,"The learner used ""ensure"" correctly in a practical sentence.",,Work,B1,"{""source"": ""YangLingo Adaptive original""}",507c9e1a903611e7a7e3b23ab495b2a8378bf1a3
adaptive-vocab-035,VOCABULARY,evaluate,đánh giá,A useful English word for business contexts.,"The learner used ""evaluate"" correctly in a practical sentence.",,Business,B1,"{""source"": ""YangLingo Adaptive original""}",45ffde7832c55fb3f4dd62464698b5cd4d8127d0
adaptive-vocab-036,VOCABULARY,expand,mở rộng,A useful English word for business contexts.,"The learner used ""expand"" correctly in a practical sentence.",,Business,B1,"{""source"": ""YangLingo Adaptive original""}",b782c6208da9b51eb8ae4660663dc96d24e69a18
adaptive-vocab-037,VOCABULARY,flexible,linh hoạt,A useful English word for work contexts.,"The learner used ""flexible"" correctly in a practical sentence.",,Work,B1,"{""source"": ""YangLingo Adaptive original""}",1239bc4b8965e739e8d0ca795b8906664c73d8d8
adaptive-vocab-038,VOCABULARY,frequently,thường xuyên,A useful English word for general contexts.,"The learner used ""frequently"" correctly in a practical sentence.",,General,B1,"{""source"": ""YangLingo Adaptive original""}",e7d35f1eed6e1c30c8467aa9e332e35de61cda48
adaptive-vocab-039,VOCABULARY,guideline,hướng dẫn; nguyên tắc,A useful English word for work contexts.,"The learner used ""guideline"" correctly in a practical sentence.",,Work,B1,"{""source"": ""YangLingo Adaptive original""}",9cb38f71a77125404a0dd7ad8197c5fe84994a9d
adaptive-vocab-040,VOCABULARY,identify,xác định; nhận diện,A useful English word for general contexts.,"The learner used ""identify"" correctly in a practical sentence.",,General,B1,"{""source"": ""YangLingo Adaptive original""}",cc37eb99f2aed640d79f6d4236521beec7a60c2b
adaptive-vocab-041,VOCABULARY,immediate,ngay lập tức,A useful English word for general contexts.,"The learner used ""immediate"" correctly in a practical sentence.",,General,B1,"{""source"": ""YangLingo Adaptive original""}",f0901d637735a9fea58460f96495c3847c10a237
adaptive-vocab-042,VOCABULARY,implement,triển khai,A useful English word for business contexts.,"The learner used ""implement"" correctly in a practical sentence.",,Business,B1,"{""source"": ""YangLingo Adaptive original""}",ff0d6cb71043c8cb5bda8d6f020cccffdf918e04
adaptive-vocab-043,VOCABULARY,improve,cải thiện,A useful English word for general contexts.,"The learner used ""improve"" correctly in a practical sentence.",,General,B1,"{""source"": ""YangLingo Adaptive original""}",7735018595498f0e4245250f60a35af5e12d8edc
adaptive-vocab-044,VOCABULARY,inconvenient,bất tiện,A useful English word for daily life contexts.,"The learner used ""inconvenient"" correctly in a practical sentence.",,Daily Life,B1,"{""source"": ""YangLingo Adaptive original""}",e59a82b0bcd8bf3b463e7a534b3baca9f1e9314b
adaptive-vocab-045,VOCABULARY,increase,tăng,A useful English word for business contexts.,"The learner used ""increase"" correctly in a practical sentence.",,Business,B1,"{""source"": ""YangLingo Adaptive original""}",b9d13aa500096b47fc929902b2f9a085bb5dccaf
adaptive-vocab-046,VOCABULARY,influence,ảnh hưởng,A useful English word for general contexts.,"The learner used ""influence"" correctly in a practical sentence.",,General,B1,"{""source"": ""YangLingo Adaptive original""}",29a2eac7daf9202b18c8c9cd983edbc3c5c72a02
adaptive-vocab-047,VOCABULARY,inform,thông báo,A useful English word for communication contexts.,"The learner used ""inform"" correctly in a practical sentence.",,Communication,B1,"{""source"": ""YangLingo Adaptive original""}",4f4e41cc726e3d41d5474d2d022dbb183344b826
adaptive-vocab-048,VOCABULARY,initiative,sáng kiến,A useful English word for business contexts.,"The learner used ""initiative"" correctly in a practical sentence.",,Business,B1,"{""source"": ""YangLingo Adaptive original""}",fdd0609f7fa83abd573ebad9d833a71730f9c35a
adaptive-vocab-049,VOCABULARY,maintain,duy trì,A useful English word for work contexts.,"The learner used ""maintain"" correctly in a practical sentence.",,Work,B1,"{""source"": ""YangLingo Adaptive original""}",35d1bc78ea1a8078792a39f831f98f1dd8ff2fc8
adaptive-vocab-050,VOCABULARY,mandatory,bắt buộc,A useful English word for work contexts.,"The learner used ""mandatory"" correctly in a practical sentence.",,Work,B1,"{""source"": ""YangLingo Adaptive original""}",0f701753e482a68576932e9a05104b8c16cf50de
adaptive-vocab-051,VOCABULARY,negotiate,đàm phán,A useful English word for business contexts.,"The learner used ""negotiate"" correctly in a practical sentence.",,Business,B1,"{""source"": ""YangLingo Adaptive original""}",be9a4acb5fb5d661b6f2a2fe193bac672f0bff3f
adaptive-vocab-052,VOCABULARY,objective,mục tiêu,A useful English word for business contexts.,"The learner used ""objective"" correctly in a practical sentence.",,Business,B1,"{""source"": ""YangLingo Adaptive original""}",474efd96ae94f7fa3e61ae57a723b9432d334f7f
adaptive-vocab-053,VOCABULARY,participate,tham gia,A useful English word for education contexts.,"The learner used ""participate"" correctly in a practical sentence.",,Education,B1,"{""source"": ""YangLingo Adaptive original""}",3965419f75aad9b349b8c70fb2c9a1909a60840b
adaptive-vocab-054,VOCABULARY,permission,sự cho phép,A useful English word for general contexts.,"The learner used ""permission"" correctly in a practical sentence.",,General,B1,"{""source"": ""YangLingo Adaptive original""}",f2bf94ed0e2f1d021e7dc2afcaa2e508a1d28d47
adaptive-vocab-055,VOCABULARY,practical,thực tế; thiết thực,A useful English word for general contexts.,"The learner used ""practical"" correctly in a practical sentence.",,General,B1,"{""source"": ""YangLingo Adaptive original""}",aee3dc311aae59324e6c9f5768e3ba23db665a55
adaptive-vocab-056,VOCABULARY,priority,ưu tiên,A useful English word for work contexts.,"The learner used ""priority"" correctly in a practical sentence.",,Work,B1,"{""source"": ""YangLingo Adaptive original""}",0f96b411a879069b06c96b79430842ea08177094
adaptive-vocab-057,VOCABULARY,proceed,tiến hành,A useful English word for work contexts.,"The learner used ""proceed"" correctly in a practical sentence.",,Work,B1,"{""source"": ""YangLingo Adaptive original""}",a59d533dcf5389d3531197eb5460f0c2f0671678
adaptive-vocab-058,VOCABULARY,propose,đề xuất,A useful English word for business contexts.,"The learner used ""propose"" correctly in a practical sentence.",,Business,B1,"{""source"": ""YangLingo Adaptive original""}",fd5504c269597029a928a80c58af9298e15767b5
adaptive-vocab-059,VOCABULARY,purchase,mua,A useful English word for shopping contexts.,"The learner used ""purchase"" correctly in a practical sentence.",,Shopping,B1,"{""source"": ""YangLingo Adaptive original""}",47c013b8b1ec2243af9e0016af0a5a61cc8ccbcf
adaptive-vocab-060,VOCABULARY,recommend,khuyến nghị,A useful English word for general contexts.,"The learner used ""recommend"" correctly in a practical sentence.",,General,B1,"{""source"": ""YangLingo Adaptive original""}",7c29d05b132c509b75cef99f4a27f15a9c216ad4
adaptive-vocab-061,VOCABULARY,reduce,giảm,A useful English word for business contexts.,"The learner used ""reduce"" correctly in a practical sentence.",,Business,B1,"{""source"": ""YangLingo Adaptive original""}",0b1572cf37937ad5bfa14a5f597653924a9c14d8
adaptive-vocab-062,VOCABULARY,reliable,đáng tin cậy,A useful English word for general contexts.,"The learner used ""reliable"" correctly in a practical sentence.",,General,B1,"{""source"": ""YangLingo Adaptive original""}",bba5808acc0f64b7b224f8383d754b7af28315af
adaptive-vocab-063,VOCABULARY,replace,thay thế,A useful English word for general contexts.,"The learner used ""replace"" correctly in a practical sentence.",,General,B1,"{""source"": ""YangLingo Adaptive original""}",511e3ac61ff05bc511a51275215061a434e04ec7
adaptive-vocab-064,VOCABULARY,request,yêu cầu,A useful English word for customer service contexts.,"The learner used ""request"" correctly in a practical sentence.",,Customer Service,B1,"{""source"": ""YangLingo Adaptive original""}",6ecc1bcff07bb5fedfa061d0f0b83a7575c90b3f
adaptive-vocab-065,VOCABULARY,require,yêu cầu; đòi hỏi,A useful English word for work contexts.,"The learner used ""require"" correctly in a practical sentence.",,Work,B1,"{""source"": ""YangLingo Adaptive original""}",a6c01322001a371f5a35c3af08c9c2c18cbbdc3e
adaptive-vocab-066,VOCABULARY,resolve,giải quyết,A useful English word for customer service contexts.,"The learner used ""resolve"" correctly in a practical sentence.",,Customer Service,B1,"{""source"": ""YangLingo Adaptive original""}",5f81b997af03f843e5e8ebc81d50f61e752accd4
adaptive-vocab-067,VOCABULARY,respond,phản hồi,A useful English word for communication contexts.,"The learner used ""respond"" correctly in a practical sentence.",,Communication,B1,"{""source"": ""YangLingo Adaptive original""}",1216597a869e093416229f6b75fb349ef195b1ac
adaptive-vocab-068,VOCABULARY,schedule,lịch trình,A useful English word for work contexts.,"The learner used ""schedule"" correctly in a practical sentence.",,Work,B1,"{""source"": ""YangLingo Adaptive original""}",a51bd4f1b21df7603044352830ceb11e7d7fd893
adaptive-vocab-069,VOCABULARY,significant,đáng kể; quan trọng,A useful English word for business contexts.,"The learner used ""significant"" correctly in a practical sentence.",,Business,B1,"{""source"": ""YangLingo Adaptive original""}",75e9841d5406b9c2f2af0a7ea0097b7381a326f9
adaptive-vocab-070,VOCABULARY,solution,giải pháp,A useful English word for general contexts.,"The learner used ""solution"" correctly in a practical sentence.",,General,B1,"{""source"": ""YangLingo Adaptive original""}",dc9caa1c9e27521073f2a93bf1fdd87d39775fc1
adaptive-vocab-071,VOCABULARY,submit,nộp,A useful English word for work contexts.,"The learner used ""submit"" correctly in a practical sentence.",,Work,B1,"{""source"": ""YangLingo Adaptive original""}",a6e5c5d7c02dcf15482f7a084060617749f43eb6
adaptive-vocab-072,VOCABULARY,sufficient,đủ,A useful English word for general contexts.,"The learner used ""sufficient"" correctly in a practical sentence.",,General,B1,"{""source"": ""YangLingo Adaptive original""}",5fe806ece1b5fb2f6786a1bcf2faf93c3025eadc
adaptive-vocab-073,VOCABULARY,temporary,tạm thời,A useful English word for general contexts.,"The learner used ""temporary"" correctly in a practical sentence.",,General,B1,"{""source"": ""YangLingo Adaptive original""}",d156272af77a8ff945fc427c1bd199c786a24bf0
adaptive-vocab-074,VOCABULARY,transfer,chuyển,A useful English word for business contexts.,"The learner used ""transfer"" correctly in a practical sentence.",,Business,B1,"{""source"": ""YangLingo Adaptive original""}",f3aa69f39dc10d441eb9ca1f608b081c70f85150
adaptive-vocab-075,VOCABULARY,update,cập nhật,A useful English word for office contexts.,"The learner used ""update"" correctly in a practical sentence.",,Office,B1,"{""source"": ""YangLingo Adaptive original""}",f30c66c7fb08a804915422fd771bcebf88cd3ab5
adaptive-vocab-076,VOCABULARY,verify,xác minh,A useful English word for office contexts.,"The learner used ""verify"" correctly in a practical sentence.",,Office,B1,"{""source"": ""YangLingo Adaptive original""}",875d6627eacb584f961fffc42496092277cb0773
adaptive-vocab-077,VOCABULARY,available,có sẵn,A useful English word for general contexts.,"The learner used ""available"" correctly in a practical sentence.",,General,B1,"{""source"": ""YangLingo Adaptive original""}",d324ab11772f2c1de5acdb418362c06828e3e5e4
adaptive-vocab-078,VOCABULARY,accommodate,đáp ứng; cung cấp chỗ ở,A useful English word for hotel contexts.,"The learner used ""accommodate"" correctly in a practical sentence.",,Hotel,B1,"{""source"": ""YangLingo Adaptive original""}",55036c927483545157816fbd9dc826158274bcd7
adaptive-vocab-079,VOCABULARY,approximately,xấp xỉ,A useful English word for general contexts.,"The learner used ""approximately"" correctly in a practical sentence.",,General,B1,"{""source"": ""YangLingo Adaptive original""}",5314efd3697f7af75ec35e0d10d05e873a559750
adaptive-vocab-080,VOCABULARY,applicant,ứng viên,A useful English word for recruitment contexts.,"The learner used ""applicant"" correctly in a practical sentence.",,Recruitment,B1,"{""source"": ""YangLingo Adaptive original""}",8f50501d64e91ee52b493f073dc103d12f99dec7
adaptive-vocab-081,VOCABULARY,postpone,hoãn,A useful English word for meetings contexts.,"The learner used ""postpone"" correctly in a practical sentence.",,Meetings,B1,"{""source"": ""YangLingo Adaptive original""}",7162e9caf84c23969944193dd65e392e3369cc0f
adaptive-vocab-083,VOCABULARY,participation,sự tham gia,A useful English word for education contexts.,"The learner used ""participation"" correctly in a practical sentence.",,Education,B1,"{""source"": ""YangLingo Adaptive original""}",d4de0cc4e2f52ebd8bb4fafc3762ddd6d1fb4afc
adaptive-vocab-084,VOCABULARY,engagement,sự tương tác,A useful English word for marketing contexts.,"The learner used ""engagement"" correctly in a practical sentence.",,Marketing,B1,"{""source"": ""YangLingo Adaptive original""}",3432166ea0b9657add5d9d1e88a52cbd66dc8e6c
adaptive-vocab-085,VOCABULARY,feedback,phản hồi,A useful English word for education contexts.,"The learner used ""feedback"" correctly in a practical sentence.",,Education,B1,"{""source"": ""YangLingo Adaptive original""}",7b47015f5d54f26d55f44c700adf7b69c78dd06b
adaptive-vocab-087,VOCABULARY,representative,đại diện,A useful English word for business contexts.,"The learner used ""representative"" correctly in a practical sentence.",,Business,B1,"{""source"": ""YangLingo Adaptive original""}",a1d1ca365f987ab613573fb3cbbaeae0bf47ca24
adaptive-vocab-088,VOCABULARY,distinguished,nổi bật; danh tiếng,A useful English word for general contexts.,"The learner used ""distinguished"" correctly in a practical sentence.",,General,B1,"{""source"": ""YangLingo Adaptive original""}",ca35c48db12b259c9bc92739f104c4059687f3b5
adaptive-vocab-089,VOCABULARY,impactful,có tác động mạnh,A useful English word for business contexts.,"The learner used ""impactful"" correctly in a practical sentence.",,Business,B1,"{""source"": ""YangLingo Adaptive original""}",0209ca064c0cb87476bb5e9d5f536d0915778d0a
adaptive-vocab-090,VOCABULARY,disruption,sự gián đoạn,A useful English word for business contexts.,"The learner used ""disruption"" correctly in a practical sentence.",,Business,B1,"{""source"": ""YangLingo Adaptive original""}",fccbff17e190ee0767e32e900c69d71a1b4f24b1
adaptive-vocab-091,VOCABULARY,awareness,nhận thức,A useful English word for general contexts.,"The learner used ""awareness"" correctly in a practical sentence.",,General,B1,"{""source"": ""YangLingo Adaptive original""}",c4e9678ec65e046db99106039ee56c2ffdaaed56
adaptive-vocab-092,VOCABULARY,moderate,kiểm duyệt; điều tiết,A useful English word for technology contexts.,"The learner used ""moderate"" correctly in a practical sentence.",,Technology,B1,"{""source"": ""YangLingo Adaptive original""}",6b1c6ef9edda7106f7c785d53eba0132a543dce7
adaptive-vocab-093,VOCABULARY,verified,đã được xác minh,A useful English word for technology contexts.,"The learner used ""verified"" correctly in a practical sentence.",,Technology,B1,"{""source"": ""YangLingo Adaptive original""}",1dcf43d16afc80980d87e186920465476a380935
adaptive-vocab-094,VOCABULARY,accessible,dễ tiếp cận,A useful English word for general contexts.,"The learner used ""accessible"" correctly in a practical sentence.",,General,B1,"{""source"": ""YangLingo Adaptive original""}",143e964c53725ecfac706a9c1aa8539bfd58a654
adaptive-vocab-095,VOCABULARY,affordable,giá phải chăng,A useful English word for shopping contexts.,"The learner used ""affordable"" correctly in a practical sentence.",,Shopping,B1,"{""source"": ""YangLingo Adaptive original""}",ebefe2a6a8c183482894a6c8014be0e3017d7895
adaptive-vocab-096,VOCABULARY,crowded,đông đúc,A useful English word for travel contexts.,"The learner used ""crowded"" correctly in a practical sentence.",,Travel,B1,"{""source"": ""YangLingo Adaptive original""}",24bac603434facd5ac619be582ad61c8dc43a251
adaptive-vocab-097,VOCABULARY,peaceful,yên bình,A useful English word for daily life contexts.,"The learner used ""peaceful"" correctly in a practical sentence.",,Daily Life,B1,"{""source"": ""YangLingo Adaptive original""}",016c352cb15cc508ccdd01ee2c3d8bd749dd94b5
adaptive-vocab-098,VOCABULARY,lively,sôi động,A useful English word for daily life contexts.,"The learner used ""lively"" correctly in a practical sentence.",,Daily Life,B1,"{""source"": ""YangLingo Adaptive original""}",c758c6a2dcc0fea5e8b70503e6193f3c6a580a61
adaptive-vocab-099,VOCABULARY,humid,ẩm,A useful English word for weather contexts.,"The learner used ""humid"" correctly in a practical sentence.",,Weather,B1,"{""source"": ""YangLingo Adaptive original""}",5dd3218a847b5970e1cff53387ba1b781c3498f1
adaptive-vocab-100,VOCABULARY,windy,nhiều gió,A useful English word for weather contexts.,"The learner used ""windy"" correctly in a practical sentence.",,Weather,B1,"{""source"": ""YangLingo Adaptive original""}",65ea582b1b45deeecd3022d2cf20664e732ea7a1
adaptive-vocab-101,VOCABULARY,attraction,điểm tham quan,A useful English word for travel contexts.,"The learner used ""attraction"" correctly in a practical sentence.",,Travel,B1,"{""source"": ""YangLingo Adaptive original""}",2366bfb2fe2f22450bd79feb078f751f61406d9c
adaptive-vocab-102,VOCABULARY,neighborhood,khu phố,A useful English word for housing contexts.,"The learner used ""neighborhood"" correctly in a practical sentence.",,Housing,B1,"{""source"": ""YangLingo Adaptive original""}",38c15ae8b5b396ec264376ac213c0bb3ca7dc68a
adaptive-vocab-103,VOCABULARY,environment,môi trường,A useful English word for general contexts.,"The learner used ""environment"" correctly in a practical sentence.",,General,B1,"{""source"": ""YangLingo Adaptive original""}",3360597bfa737021082c982a9301e18d642db722
adaptive-vocab-104,VOCABULARY,concentration,sự tập trung,A useful English word for education contexts.,"The learner used ""concentration"" correctly in a practical sentence.",,Education,B1,"{""source"": ""YangLingo Adaptive original""}",26271acc4287e163810c6c6526981a076c580953
adaptive-vocab-105,VOCABULARY,independent,độc lập,A useful English word for education contexts.,"The learner used ""independent"" correctly in a practical sentence.",,Education,B1,"{""source"": ""YangLingo Adaptive original""}",8372b49d30150efa99c1f4582df0bd398724612b
adaptive-vocab-106,VOCABULARY,balanced,cân bằng,A useful English word for health contexts.,"The learner used ""balanced"" correctly in a practical sentence.",,Health,B1,"{""source"": ""YangLingo Adaptive original""}",1b2679e7a4b9ecab7da63d3a68a66ab4ee8b76fb
adaptive-vocab-107,VOCABULARY,well-being,sức khỏe và trạng thái tốt,A useful English word for health contexts.,"The learner used ""well-being"" correctly in a practical sentence.",,Health,B1,"{""source"": ""YangLingo Adaptive original""}",241594a4b61511ab96918ba3b6d609913f73c826
adaptive-vocab-108,VOCABULARY,achievement,thành tựu,A useful English word for general contexts.,"The learner used ""achievement"" correctly in a practical sentence.",,General,B1,"{""source"": ""YangLingo Adaptive original""}",db788838024a2937e453febb344151a01800f95f
adaptive-vocab-109,VOCABULARY,challenge,thử thách,A useful English word for general contexts.,"The learner used ""challenge"" correctly in a practical sentence.",,General,B1,"{""source"": ""YangLingo Adaptive original""}",61ac21bdd363a50bf6cf5ad02bace9e68a53cc7c
adaptive-vocab-110,VOCABULARY,frustrated,thất vọng; bực bội,A useful English word for feelings contexts.,"The learner used ""frustrated"" correctly in a practical sentence.",,Feelings,B1,"{""source"": ""YangLingo Adaptive original""}",55603b499925ab97b85490c37b64199c48dd7226
adaptive-vocab-111,VOCABULARY,satisfied,hài lòng,A useful English word for feelings contexts.,"The learner used ""satisfied"" correctly in a practical sentence.",,Feelings,B1,"{""source"": ""YangLingo Adaptive original""}",750a62cfde438f8487cefd853e2fac9315977923
adaptive-vocab-112,VOCABULARY,energetic,tràn đầy năng lượng,A useful English word for feelings contexts.,"The learner used ""energetic"" correctly in a practical sentence.",,Feelings,B1,"{""source"": ""YangLingo Adaptive original""}",020c020b7e15face4ae739482a6811ed57160bf4
adaptive-vocab-113,VOCABULARY,serious,nghiêm túc,A useful English word for feelings contexts.,"The learner used ""serious"" correctly in a practical sentence.",,Feelings,B1,"{""source"": ""YangLingo Adaptive original""}",c583f3f4d5f13404060d3b1dc91fe364da5fe95f
adaptive-vocab-114,VOCABULARY,meaningful,có ý nghĩa,A useful English word for general contexts.,"The learner used ""meaningful"" correctly in a practical sentence.",,General,B1,"{""source"": ""YangLingo Adaptive original""}",3178f55a528a621665abc8d84ec075c10c2352ae
adaptive-vocab-115,VOCABULARY,familiar,quen thuộc,A useful English word for general contexts.,"The learner used ""familiar"" correctly in a practical sentence.",,General,B1,"{""source"": ""YangLingo Adaptive original""}",dbf875bab7089055fe74ae6599c0b7334290d90d
adaptive-vocab-116,VOCABULARY,perspective,góc nhìn,A useful English word for general contexts.,"The learner used ""perspective"" correctly in a practical sentence.",,General,B1,"{""source"": ""YangLingo Adaptive original""}",371ba1f87d3b96286c31da61e8fc98644065dc06
adaptive-vocab-118,VOCABULARY,transition,sự chuyển đổi,A useful English word for business contexts.,"The learner used ""transition"" correctly in a practical sentence.",,Business,B1,"{""source"": ""YangLingo Adaptive original""}",4e2f3e0fcc0e8d86490262c13ddaa0296b539591
adaptive-vocab-119,VOCABULARY,concern,mối lo ngại,A useful English word for general contexts.,"The learner used ""concern"" correctly in a practical sentence.",,General,B1,"{""source"": ""YangLingo Adaptive original""}",085d62068db0d5b47ab80f121c0ba185108e685c
adaptive-vocab-120,VOCABULARY,authority,cơ quan có thẩm quyền,A useful English word for general contexts.,"The learner used ""authority"" correctly in a practical sentence.",,General,B1,"{""source"": ""YangLingo Adaptive original""}",f69dfe27cf4e8b0c94c356800a3278e097655824
adaptive-vocab-121,VOCABULARY,support,sự hỗ trợ,A useful English word for general contexts.,"The learner used ""support"" correctly in a practical sentence.",,General,B1,"{""source"": ""YangLingo Adaptive original""}",4f5674cacb22f8a713790ad3b92e56df566ecc4d
adaptive-vocab-122,VOCABULARY,reasonable,hợp lý,A useful English word for general contexts.,"The learner used ""reasonable"" correctly in a practical sentence.",,General,B1,"{""source"": ""YangLingo Adaptive original""}",741f035d2c1844363b8f081f66453aa8569ad504
adaptive-vocab-123,VOCABULARY,strategy,chiến lược,A useful English word for business contexts.,"The learner used ""strategy"" correctly in a practical sentence.",,Business,B1,"{""source"": ""YangLingo Adaptive original""}",9e709a941a1ca61633457326b23d64d3a73a8752
adaptive-vocab-124,VOCABULARY,promote,quảng bá,A useful English word for marketing contexts.,"The learner used ""promote"" correctly in a practical sentence.",,Marketing,B1,"{""source"": ""YangLingo Adaptive original""}",b87c8f6b9e13da0c65c9fa410cd40f0a07dce5a0
adaptive-vocab-125,VOCABULARY,reward,phần thưởng,A useful English word for general contexts.,"The learner used ""reward"" correctly in a practical sentence.",,General,B1,"{""source"": ""YangLingo Adaptive original""}",f7211fbdc3190538fe0b536b002aba5da9c7ebac
adaptive-vocab-126,VOCABULARY,welcoming,thân thiện; chào đón,A useful English word for general contexts.,"The learner used ""welcoming"" correctly in a practical sentence.",,General,B1,"{""source"": ""YangLingo Adaptive original""}",0d9643de347081804e93d54a7a45ea6e18bf67bf
adaptive-vocab-127,VOCABULARY,monitor,theo dõi; giám sát,A useful English word for technology contexts.,"The learner used ""monitor"" correctly in a practical sentence.",,Technology,B1,"{""source"": ""YangLingo Adaptive original""}",b6b9f9fe9c4c99f2f965dd624d98ede0ef9cbc64
adaptive-vocab-128,VOCABULARY,inappropriate,không phù hợp,A useful English word for general contexts.,"The learner used ""inappropriate"" correctly in a practical sentence.",,General,B1,"{""source"": ""YangLingo Adaptive original""}",a8be9a7025eccb29755668957171aa6b433ca2cf
adaptive-vocab-129,VOCABULARY,user-friendly,thân thiện với người dùng,A useful English word for technology contexts.,"The learner used ""user-friendly"" correctly in a practical sentence.",,Technology,B1,"{""source"": ""YangLingo Adaptive original""}",549ca4ac5aeaf33dbd008f8551bebadb72abfa34
adaptive-vocab-130,VOCABULARY,minimize,giảm thiểu,A useful English word for general contexts.,"The learner used ""minimize"" correctly in a practical sentence.",,General,B1,"{""source"": ""YangLingo Adaptive original""}",32e281958a209571faac037a48dd1ff0231e91c3
adaptive-vocab-131,VOCABULARY,responsibly,một cách có trách nhiệm,A useful English word for general contexts.,"The learner used ""responsibly"" correctly in a practical sentence.",,General,B1,"{""source"": ""YangLingo Adaptive original""}",e0346c25be16206b5aba9744c79ee13935718f9b
adaptive-vocab-133,VOCABULARY,announce,thông báo,A useful English word for communication contexts.,"The learner used ""announce"" correctly in a practical sentence.",,Communication,B1,"{""source"": ""YangLingo Adaptive original""}",8638a2a2687156e33833eb8a0c199ef28a483ab1
adaptive-vocab-134,VOCABULARY,circulate,phổ biến; lưu hành,A useful English word for communication contexts.,"The learner used ""circulate"" correctly in a practical sentence.",,Communication,B1,"{""source"": ""YangLingo Adaptive original""}",bc80059ab1ae645cd6a86d74f98d19b48d28319a
adaptive-vocab-135,VOCABULARY,reputation,danh tiếng,A useful English word for business contexts.,"The learner used ""reputation"" correctly in a practical sentence.",,Business,B1,"{""source"": ""YangLingo Adaptive original""}",2ce8001fa85f0d51531bcbbca77f7926ec4fdbef
adaptive-vocab-136,VOCABULARY,expertise,chuyên môn,A useful English word for work contexts.,"The learner used ""expertise"" correctly in a practical sentence.",,Work,B1,"{""source"": ""YangLingo Adaptive original""}",296045a2a15bb7ddc3efab02d6a01abd1fa352c2
adaptive-vocab-137,VOCABULARY,dedication,sự tận tâm,A useful English word for work contexts.,"The learner used ""dedication"" correctly in a practical sentence.",,Work,B1,"{""source"": ""YangLingo Adaptive original""}",361a29454f1b50ee14a02d1af24c5c689baa671a
adaptive-vocab-138,VOCABULARY,remarkable,đáng chú ý,A useful English word for general contexts.,"The learner used ""remarkable"" correctly in a practical sentence.",,General,B1,"{""source"": ""YangLingo Adaptive original""}",353b318637483bb24eda7525efb2f6b2834d3a2b
adaptive-vocab-139,VOCABULARY,flexibility,tính linh hoạt,A useful English word for work contexts.,"The learner used ""flexibility"" correctly in a practical sentence.",,Work,B1,"{""source"": ""YangLingo Adaptive original""}",f99643e8f2501fe3361d52d0e31c4d7156bf4b94
adaptive-vocab-141,VOCABULARY,contribute,đóng góp,A useful English word for general contexts.,"The learner used ""contribute"" correctly in a practical sentence.",,General,B1,"{""source"": ""YangLingo Adaptive original""}",b76eb05aebb2bf0b1a91e8267e5476f5870d67f1
adaptive-vocab-142,VOCABULARY,collaboration,sự hợp tác,A useful English word for work contexts.,"The learner used ""collaboration"" correctly in a practical sentence.",,Work,B1,"{""source"": ""YangLingo Adaptive original""}",ecccba04b719a465a06876407f769135335b58ce
adaptive-vocab-143,VOCABULARY,regulation,quy định,A useful English word for general contexts.,"The learner used ""regulation"" correctly in a practical sentence.",,General,B1,"{""source"": ""YangLingo Adaptive original""}",2381f50539c8c1debfffaa56a9d7e1c7db86c46d
adaptive-vocab-145,VOCABULARY,policy,chính sách,A useful English word for work contexts.,"The learner used ""policy"" correctly in a practical sentence.",,Work,B1,"{""source"": ""YangLingo Adaptive original""}",b6b17235d26884f6c15d1cdee62b68a15dd4c723
adaptive-vocab-146,VOCABULARY,efficiently,một cách hiệu quả,A useful English word for work contexts.,"The learner used ""efficiently"" correctly in a practical sentence.",,Work,B1,"{""source"": ""YangLingo Adaptive original""}",aa4661f50be4b6f60690c878121764b559228389
adaptive-vocab-147,VOCABULARY,occasionally,thỉnh thoảng,A useful English word for general contexts.,"The learner used ""occasionally"" correctly in a practical sentence.",,General,B1,"{""source"": ""YangLingo Adaptive original""}",021ba7340e163feda4dc40f8340d5a3d74a86850
adaptive-vocab-148,VOCABULARY,essential,thiết yếu,A useful English word for general contexts.,"The learner used ""essential"" correctly in a practical sentence.",,General,B1,"{""source"": ""YangLingo Adaptive original""}",3463cfbf3c3c3f3a98d9b94d6cbfd879421484fa
adaptive-vocab-149,VOCABULARY,crucial,then chốt,A useful English word for general contexts.,"The learner used ""crucial"" correctly in a practical sentence.",,General,B1,"{""source"": ""YangLingo Adaptive original""}",a0b7cd0fe62e93fea19bea3b49f4e1379b5775dd
adaptive-vocab-150,VOCABULARY,feasible,khả thi,A useful English word for business contexts.,"The learner used ""feasible"" correctly in a practical sentence.",,Business,B1,"{""source"": ""YangLingo Adaptive original""}",abaf3afbb0a29cb1e48d9eb2b534fdfabef6816e
adaptive-vocab-151,VOCABULARY,relevant,liên quan,A useful English word for general contexts.,"The learner used ""relevant"" correctly in a practical sentence.",,General,B1,"{""source"": ""YangLingo Adaptive original""}",78f91226034d48793381edbe0cfe8ec0484bc753
adaptive-vocab-152,VOCABULARY,specific,cụ thể,A useful English word for general contexts.,"The learner used ""specific"" correctly in a practical sentence.",,General,B1,"{""source"": ""YangLingo Adaptive original""}",2db4747defc765eb66d9a493e5bc31bcb36f0d65
adaptive-vocab-153,VOCABULARY,overall,tổng thể,A useful English word for general contexts.,"The learner used ""overall"" correctly in a practical sentence.",,General,B1,"{""source"": ""YangLingo Adaptive original""}",ccfe5103cd18e76ba31cdd62938739a14eb1cb17
adaptive-colloc-004,COLLOCATION,attend a meeting,tham dự cuộc họp,A high-value collocation.,Learners should practise how to attend a meeting in context.,,General,B1,"{""source"": ""YangLingo Adaptive original""}",ad72c45fe0b57d5854eadbaf8e6ddaf718b6bd37
adaptive-colloc-005,COLLOCATION,take responsibility,chịu trách nhiệm,A high-value collocation.,Learners should practise how to take responsibility in context.,,General,B1,"{""source"": ""YangLingo Adaptive original""}",65d70cc095be761354370c784d04f11e61854df1
adaptive-colloc-006,COLLOCATION,raise a concern,nêu mối lo ngại,A high-value collocation.,Learners should practise how to raise a concern in context.,,General,B1,"{""source"": ""YangLingo Adaptive original""}",0ed582002421377781948e8f32fc5d616eedb8cf
adaptive-colloc-007,COLLOCATION,provide assistance,cung cấp hỗ trợ,A high-value collocation.,Learners should practise how to provide assistance in context.,,General,B1,"{""source"": ""YangLingo Adaptive original""}",81b4391fa67781f29c722522cc6f0bbad67f3f57
adaptive-colloc-008,COLLOCATION,issue a refund,hoàn tiền,A high-value collocation.,Learners should practise how to issue a refund in context.,,General,B1,"{""source"": ""YangLingo Adaptive original""}",2e241dd522e0897fe7d428a9408e330161347421
adaptive-colloc-009,COLLOCATION,reach an agreement,đạt thỏa thuận,A high-value collocation.,Learners should practise how to reach an agreement in context.,,General,B1,"{""source"": ""YangLingo Adaptive original""}",f06a0046a0dfb8d2849ffd059dd3dd55976e7e57
adaptive-colloc-010,COLLOCATION,conduct a survey,tiến hành khảo sát,A high-value collocation.,Learners should practise how to conduct a survey in context.,,General,B1,"{""source"": ""YangLingo Adaptive original""}",c43efc614cf514bba2867ada76100c5ba26b04b2
adaptive-colloc-012,COLLOCATION,increase sales,tăng doanh số,A high-value collocation.,Learners should practise how to increase sales in context.,,General,B1,"{""source"": ""YangLingo Adaptive original""}",8d828a91cc257fa58a0a234ff919d0ca74b325e5
adaptive-colloc-013,COLLOCATION,reduce costs,giảm chi phí,A high-value collocation.,Learners should practise how to reduce costs in context.,,General,B1,"{""source"": ""YangLingo Adaptive original""}",6e9b3f5adcdb09525e9a75f43e6456f07460a463
adaptive-colloc-014,COLLOCATION,customer satisfaction,sự hài lòng của khách hàng,A high-value collocation.,Learners should practise how to customer satisfaction in context.,,General,B1,"{""source"": ""YangLingo Adaptive original""}",db557fc3a6842322967b5f7bf073c2f4709eb3fa
adaptive-colloc-015,COLLOCATION,annual report,báo cáo thường niên,A high-value collocation.,Learners should practise how to annual report in context.,,General,B1,"{""source"": ""YangLingo Adaptive original""}",74aedbe2b411dab02dfbde60daf0f11b98cc23d3
adaptive-colloc-016,COLLOCATION,job vacancy,vị trí tuyển dụng,A high-value collocation.,Learners should practise how to job vacancy in context.,,General,B1,"{""source"": ""YangLingo Adaptive original""}",93342ec34d0cec28460c044ee7f31ed1cd03e9a4
adaptive-colloc-017,COLLOCATION,business trip,chuyến công tác,A high-value collocation.,Learners should practise how to business trip in context.,,General,B1,"{""source"": ""YangLingo Adaptive original""}",39bf659b033b1e6df9614ed890b6fc483ff5eef7
adaptive-colloc-018,COLLOCATION,public transportation,giao thông công cộng,A high-value collocation.,Learners should practise how to public transportation in context.,,General,B1,"{""source"": ""YangLingo Adaptive original""}",bfb45fb7f0e749f3645733841fedb28161e1e6bc
adaptive-colloc-019,COLLOCATION,environmental issue,vấn đề môi trường,A high-value collocation.,Learners should practise how to environmental issue in context.,,General,B1,"{""source"": ""YangLingo Adaptive original""}",65bd26705aa885ddd9e8075f5a1675a9f9768391
adaptive-colloc-020,COLLOCATION,social responsibility,trách nhiệm xã hội,A high-value collocation.,Learners should practise how to social responsibility in context.,,General,B1,"{""source"": ""YangLingo Adaptive original""}",4daadf9a9e7225e3d5fa5098b0a3bfc4d615aa55
adaptive-colloc-022,COLLOCATION,make a suggestion,đưa ra đề xuất,A high-value collocation.,Learners should practise how to make a suggestion in context.,,General,B1,"{""source"": ""YangLingo Adaptive original""}",3ce5b90bfadfe2f1530d342b2d7038d5124d6900
adaptive-colloc-023,COLLOCATION,solve a problem,giải quyết vấn đề,A high-value collocation.,Learners should practise how to solve a problem in context.,,General,B1,"{""source"": ""YangLingo Adaptive original""}",dcc5de60ad7ab6fa61bad31466f1c1a74532ff79
adaptive-colloc-024,COLLOCATION,provide feedback,đưa phản hồi,A high-value collocation.,Learners should practise how to provide feedback in context.,,General,B1,"{""source"": ""YangLingo Adaptive original""}",a566861f51b16042095d99ecb7cb5c4506f4be19
adaptive-colloc-025,COLLOCATION,arrange a meeting,sắp xếp cuộc họp,A high-value collocation.,Learners should practise how to arrange a meeting in context.,,General,B1,"{""source"": ""YangLingo Adaptive original""}",5f18dafd184d902446f257e4a8f32af2deda58ba
adaptive-colloc-026,COLLOCATION,book a room,đặt phòng,A high-value collocation.,Learners should practise how to book a room in context.,,General,B1,"{""source"": ""YangLingo Adaptive original""}",d2c3cec64bc3c8278db207c60fbb54bcca4c53d4
adaptive-colloc-027,COLLOCATION,file a complaint,gửi khiếu nại,A high-value collocation.,Learners should practise how to file a complaint in context.,,General,B1,"{""source"": ""YangLingo Adaptive original""}",351ae973ec4449e15536c65b3a6e7262271dca20
adaptive-colloc-028,COLLOCATION,process an order,xử lý đơn hàng,A high-value collocation.,Learners should practise how to process an order in context.,,General,B1,"{""source"": ""YangLingo Adaptive original""}",2331b1ac3e3c32b454040ab42b39f10ca316bdbc
adaptive-colloc-030,COLLOCATION,meet customer needs,đáp ứng nhu cầu khách hàng,A high-value collocation.,Learners should practise how to meet customer needs in context.,,General,B1,"{""source"": ""YangLingo Adaptive original""}",85864e2ee7b6f4e56a541cde60512a5532b17cc4
adaptive-colloc-031,COLLOCATION,improve efficiency,cải thiện hiệu quả,A high-value collocation.,Learners should practise how to improve efficiency in context.,,General,B1,"{""source"": ""YangLingo Adaptive original""}",7ce3f9c319a986ac0fc1d6ae16110d113946f153
adaptive-colloc-032,COLLOCATION,maintain records,duy trì hồ sơ,A high-value collocation.,Learners should practise how to maintain records in context.,,General,B1,"{""source"": ""YangLingo Adaptive original""}",cc7ac238a45625f01cf07ad051bba5d63fc5c444
adaptive-colloc-033,COLLOCATION,verify information,xác minh thông tin,A high-value collocation.,Learners should practise how to verify information in context.,,General,B1,"{""source"": ""YangLingo Adaptive original""}",eab1c88993721e9246f66c1a984a26c02296369e
adaptive-colloc-034,COLLOCATION,follow instructions,làm theo hướng dẫn,A high-value collocation.,Learners should practise how to follow instructions in context.,,General,B1,"{""source"": ""YangLingo Adaptive original""}",14830abb0c5cc8263aa0ad55fccb4636b3ea73b9
adaptive-colloc-035,COLLOCATION,make progress,tiến bộ,A high-value collocation.,Learners should practise how to make progress in context.,,General,B1,"{""source"": ""YangLingo Adaptive original""}",c93398024cd1605883d617272b5e8e35ae989c90
adaptive-colloc-036,COLLOCATION,take notes,ghi chú,A high-value collocation.,Learners should practise how to take notes in context.,,General,B1,"{""source"": ""YangLingo Adaptive original""}",4512e5ec14d52a5059e74791cfc035279433207f
adaptive-colloc-037,COLLOCATION,pay attention,chú ý,A high-value collocation.,Learners should practise how to pay attention in context.,,General,B1,"{""source"": ""YangLingo Adaptive original""}",94bf115966d55059e85a64d6cfd757dd386f8b7a
adaptive-colloc-038,COLLOCATION,make a decision,đưa ra quyết định,A high-value collocation.,Learners should practise how to make a decision in context.,,General,B1,"{""source"": ""YangLingo Adaptive original""}",1ada5aa2ef0de916882ae031bc4f24aab97dd088
adaptive-colloc-039,COLLOCATION,reach a conclusion,đi đến kết luận,A high-value collocation.,Learners should practise how to reach a conclusion in context.,,General,B1,"{""source"": ""YangLingo Adaptive original""}",1446b2734088b3d41df6e9899aaf6f3d3be07a24
adaptive-colloc-040,COLLOCATION,express an opinion,bày tỏ ý kiến,A high-value collocation.,Learners should practise how to express an opinion in context.,,General,B1,"{""source"": ""YangLingo Adaptive original""}",7718c121f67cb87c1a0175cb310bff238cdc5246
adaptive-colloc-042,COLLOCATION,join a club,tham gia câu lạc bộ,A high-value collocation.,Learners should practise how to join a club in context.,,General,B1,"{""source"": ""YangLingo Adaptive original""}",7612eaf0f52867e045d1d1237d3dd71d1ae6b1e6
adaptive-colloc-043,COLLOCATION,organize an event,tổ chức sự kiện,A high-value collocation.,Learners should practise how to organize an event in context.,,General,B1,"{""source"": ""YangLingo Adaptive original""}",6c1ebd4069b795cc8727aed5381f565084011b07
adaptive-colloc-044,COLLOCATION,postpone an event,hoãn sự kiện,A high-value collocation.,Learners should practise how to postpone an event in context.,,General,B1,"{""source"": ""YangLingo Adaptive original""}",a851cbfea8dd100e913287d72464eaac37054e82
adaptive-colloc-046,COLLOCATION,raise awareness,nâng cao nhận thức,A high-value collocation.,Learners should practise how to raise awareness in context.,,General,B1,"{""source"": ""YangLingo Adaptive original""}",60d7dc9455e2d7de2c1b9d4705ff2e2ec3c93de3
adaptive-colloc-047,COLLOCATION,attract participants,thu hút người tham gia,A high-value collocation.,Learners should practise how to attract participants in context.,,General,B1,"{""source"": ""YangLingo Adaptive original""}",7ddc5c4af3c9754209b714403968e5b6cfa632f7
adaptive-colloc-048,COLLOCATION,receive support,nhận hỗ trợ,A high-value collocation.,Learners should practise how to receive support in context.,,General,B1,"{""source"": ""YangLingo Adaptive original""}",14d4b36ee2aa47d0cdc7b082ea4f2af8282bc454
adaptive-colloc-049,COLLOCATION,reduce disruption,giảm gián đoạn,A high-value collocation.,Learners should practise how to reduce disruption in context.,,General,B1,"{""source"": ""YangLingo Adaptive original""}",add07bffaa8458e07f648d437710d89cfb53d2d8
adaptive-colloc-050,COLLOCATION,monitor comments,giám sát bình luận,A high-value collocation.,Learners should practise how to monitor comments in context.,,General,B1,"{""source"": ""YangLingo Adaptive original""}",77c73eaf964dad382dfc58e35f0a519142d4cc90
adaptive-colloc-051,COLLOCATION,improve user experience,cải thiện trải nghiệm người dùng,A high-value collocation.,Learners should practise how to improve user experience in context.,,General,B1,"{""source"": ""YangLingo Adaptive original""}",e0a4444a9b748041b7abe6d135d76f3fc0883a96
adaptive-colloc-052,COLLOCATION,follow safety rules,tuân thủ quy định an toàn,A high-value collocation.,Learners should practise how to follow safety rules in context.,,General,B1,"{""source"": ""YangLingo Adaptive original""}",d34718c8d0dc360b7b20ecb43315b91bbe3a7d56
adaptive-colloc-053,COLLOCATION,minimize noise,giảm thiểu tiếng ồn,A high-value collocation.,Learners should practise how to minimize noise in context.,,General,B1,"{""source"": ""YangLingo Adaptive original""}",9dcd7ac9851a563bb3600a9299446f1993b23390
adaptive-colloc-054,COLLOCATION,voice concerns,nêu quan ngại,A high-value collocation.,Learners should practise how to voice concerns in context.,,General,B1,"{""source"": ""YangLingo Adaptive original""}",8aa20ef59bedd5d0bd7b591594848c344e82064c
adaptive-colloc-055,COLLOCATION,offer a solution,đưa ra giải pháp,A high-value collocation.,Learners should practise how to offer a solution in context.,,General,B1,"{""source"": ""YangLingo Adaptive original""}",38968766d865d44586aff3ce2b91dda531d54005
adaptive-colloc-056,COLLOCATION,identify the root cause,xác định nguyên nhân gốc,A high-value collocation.,Learners should practise how to identify the root cause in context.,,General,B1,"{""source"": ""YangLingo Adaptive original""}",5117ec85eced6b3b256af4c837bf393b71733dba
adaptive-colloc-057,COLLOCATION,adopt a strategy,áp dụng chiến lược,A high-value collocation.,Learners should practise how to adopt a strategy in context.,,General,B1,"{""source"": ""YangLingo Adaptive original""}",808014f79be547814e2585934a23b02848feb09f
adaptive-colloc-058,COLLOCATION,maintain interest,duy trì sự quan tâm,A high-value collocation.,Learners should practise how to maintain interest in context.,,General,B1,"{""source"": ""YangLingo Adaptive original""}",75a08a102eb8efa99f03ef764f17f5eab9b3dfa8
adaptive-colloc-059,COLLOCATION,encourage participation,khuyến khích tham gia,A high-value collocation.,Learners should practise how to encourage participation in context.,,General,B1,"{""source"": ""YangLingo Adaptive original""}",573ed36890eccbfc266b37c5f08296f54116f1f8
adaptive-colloc-060,COLLOCATION,make an impact,tạo tác động,A high-value collocation.,Learners should practise how to make an impact in context.,,General,B1,"{""source"": ""YangLingo Adaptive original""}",785c84e50fa32504f746f6edf15ca7dd6040c751
adaptive-colloc-061,COLLOCATION,gain experience,tích lũy kinh nghiệm,A high-value collocation.,Learners should practise how to gain experience in context.,,General,B1,"{""source"": ""YangLingo Adaptive original""}",1cb150df7cedb7ee7dab2db435af0d724c77911f
adaptive-colloc-062,COLLOCATION,develop a skill,phát triển kỹ năng,A high-value collocation.,Learners should practise how to develop a skill in context.,,General,B1,"{""source"": ""YangLingo Adaptive original""}",4430d39f1e6577e1375c6dc9578fc3bd28bc6c20
adaptive-colloc-063,COLLOCATION,manage time effectively,quản lý thời gian hiệu quả,A high-value collocation.,Learners should practise how to manage time effectively in context.,,General,B1,"{""source"": ""YangLingo Adaptive original""}",276099b019934d4a9a9813db1ec1b76702435db8
adaptive-colloc-064,COLLOCATION,achieve a goal,đạt mục tiêu,A high-value collocation.,Learners should practise how to achieve a goal in context.,,General,B1,"{""source"": ""YangLingo Adaptive original""}",07b0067aec39bfd46be5dd44c9102da443245173
adaptive-colloc-065,COLLOCATION,improve well-being,cải thiện sức khỏe tổng thể,A high-value collocation.,Learners should practise how to improve well-being in context.,,General,B1,"{""source"": ""YangLingo Adaptive original""}",04ec42f6c3565ad874f0f977bebad6ada4a7a1f9
adaptive-colloc-066,COLLOCATION,take a break,nghỉ giải lao,A high-value collocation.,Learners should practise how to take a break in context.,,General,B1,"{""source"": ""YangLingo Adaptive original""}",1ebc04bdf3f7d70cd1513e71963565f702d3b26c
adaptive-colloc-067,COLLOCATION,focus on work,tập trung công việc,A high-value collocation.,Learners should practise how to focus on work in context.,,General,B1,"{""source"": ""YangLingo Adaptive original""}",e82be5179f73a316eceef1b062901fbe34dfe0ff
adaptive-colloc-068,COLLOCATION,make a positive choice,đưa ra lựa chọn tích cực,A high-value collocation.,Learners should practise how to make a positive choice in context.,,General,B1,"{""source"": ""YangLingo Adaptive original""}",440b6e34effbded48e76ebcf5c8fd6e61b2a8940
pattern-001,SENTENCE_PATTERN,There is/are + N + place/time,có / tồn tại,Dùng there is với danh từ số ít/không đếm được; there are với danh từ số nhiều.,There are several openings in the marketing department.,Có một số vị trí tuyển dụng trong bộ phận marketing.,CORE_STRUCTURE,2,"{""title"": ""There is / There are"", ""toeic_part"": ""5"", ""tags"": ""daily-high,toeic-high,foundation""}",92b4e7021b58338ae22f8d812590fa0aeaebb0f0
pattern-002,SENTENCE_PATTERN,It takes + person + time + to V,mất bao lâu để làm gì,Dùng để nói thời gian cần thiết để hoàn thành việc gì.,It takes new employees two weeks to complete the training.,Nhân viên mới mất hai tuần để hoàn thành khóa đào tạo.,CORE_STRUCTURE,2,"{""title"": ""It takes ... to do"", ""toeic_part"": ""5"", ""tags"": ""daily-high,toeic-high,foundation""}",9eafc90ff69826a8fa69cdfedbbfd12211928c32
pattern-003,SENTENCE_PATTERN,It is + adjective + to V,thật ... khi làm gì,Mẫu đánh giá một hành động bằng tính từ.,It is important to verify the reservation details.,Điều quan trọng là phải xác minh thông tin đặt chỗ.,CORE_STRUCTURE,2,"{""title"": ""It is + adjective + to V"", ""toeic_part"": ""5"", ""tags"": ""daily-high,toeic-high,foundation""}",54896f27afd638d76b5e1a630ef405e9a40a6f6f
pattern-004,SENTENCE_PATTERN,It is + adjective + that + S + V,thật ... rằng / việc ... là ...,Dùng để đánh giá cả một mệnh đề.,It is likely that prices will increase next quarter.,Có khả năng giá sẽ tăng trong quý tới.,CORE_STRUCTURE,2,"{""title"": ""It is + adjective + that clause"", ""toeic_part"": ""5"", ""tags"": ""daily-high,toeic-high,foundation""}",2574c07d346d67faa06f57ac41b90ee052c28644
pattern-005,SENTENCE_PATTERN,S + seem(s) to + V,dường như làm gì,seem theo sau bởi to-infinitive.,The new software seems to improve productivity.,Phần mềm mới dường như cải thiện năng suất.,CORE_STRUCTURE,2,"{""title"": ""seem to do"", ""toeic_part"": ""5"", ""tags"": ""daily-high,toeic-high,foundation""}",dee7edbd29433e58dee3e20d2845f25711e16407
pattern-006,SENTENCE_PATTERN,make + O + bare V,khiến/đòi ai làm gì,Sau make ở chủ động dùng động từ nguyên mẫu không to.,The delay made the team revise the schedule.,Sự chậm trễ khiến nhóm phải điều chỉnh lịch trình.,CORE_STRUCTURE,2,"{""title"": ""make someone do"", ""toeic_part"": ""5"", ""tags"": ""daily-high,toeic-high,foundation""}",019e39cc393de104dacaf042e78e2e97cafc4370
pattern-007,SENTENCE_PATTERN,let + O + bare V,cho phép ai làm gì,Sau let dùng bare infinitive.,The supervisor let us leave early.,Người giám sát cho chúng tôi về sớm.,CORE_STRUCTURE,2,"{""title"": ""let someone do"", ""toeic_part"": ""5"", ""tags"": ""daily-high,toeic-high,foundation""}",f7c9c0bd6a9cbd3e3a05dcec8882c780d8f5fe8b
pattern-008,SENTENCE_PATTERN,have + O + past participle,nhờ/thuê ai làm việc gì cho mình,Causative have: chủ ngữ sắp xếp để việc được thực hiện.,We had the air conditioner repaired yesterday.,Hôm qua chúng tôi đã cho sửa máy điều hòa.,CORE_STRUCTURE,2,"{""title"": ""have something done"", ""toeic_part"": ""5"", ""tags"": ""daily-high,toeic-high,foundation""}",40ab9fc573aed461c3d998bab4e82c58b6918994
pattern-009,SENTENCE_PATTERN,get + O + past participle,sắp xếp/nhờ làm xong việc gì,Causative get thường thân mật hơn have.,The manager got the report printed before noon.,Quản lý đã cho in báo cáo trước buổi trưa.,CORE_STRUCTURE,2,"{""title"": ""get something done"", ""toeic_part"": ""5"", ""tags"": ""daily-high,toeic-high,foundation""}",97b57fe2ff04bf84f70c4cdfd54c0730e8488e0a
pattern-010,SENTENCE_PATTERN,find it + adjective + to V,thấy việc gì ...,"it là tân ngữ giả, to-infinitive là nội dung thật.",Many users find it easy to navigate the new website.,Nhiều người dùng thấy trang web mới dễ điều hướng.,CORE_STRUCTURE,2,"{""title"": ""find it + adjective + to V"", ""toeic_part"": ""5"", ""tags"": ""daily-high,toeic-high,foundation""}",3c6b2c436cb221de6c8c95a172fd9abac0486643
pattern-011,SENTENCE_PATTERN,Each + singular noun + singular verb,mỗi ... + động từ số ít,Each luôn xem từng đối tượng riêng lẻ nên động từ chia số ít.,Each applicant is required to submit two references.,Mỗi ứng viên được yêu cầu nộp hai người tham chiếu.,SUBJECT_VERB_AGREEMENT,2,"{""title"": ""each + singular verb"", ""toeic_part"": ""5"", ""tags"": ""toeic-high,part5,grammar""}",2cd0c38f26bba3afff16ec3f5faf0f91e8ecac5b
pattern-012,SENTENCE_PATTERN,Every + singular noun + singular verb,mọi ... + động từ số ít,Every đi với danh từ số ít và động từ số ít.,Every employee receives an identification card.,Mỗi nhân viên nhận một thẻ nhận dạng.,SUBJECT_VERB_AGREEMENT,2,"{""title"": ""every + singular verb"", ""toeic_part"": ""5"", ""tags"": ""toeic-high,part5,grammar""}",00d3c47a19cb78f029f913cabdd7a38a06b893b0
pattern-013,SENTENCE_PATTERN,Each of + plural noun/pronoun + singular verb,mỗi một trong số ...,Chủ ngữ chính là each nên động từ số ít.,Each of the proposals has been reviewed.,Mỗi đề xuất đã được xem xét.,SUBJECT_VERB_AGREEMENT,2,"{""title"": ""each of + plural noun + singular verb"", ""toeic_part"": ""5"", ""tags"": ""toeic-high,part5,grammar""}",f25e89d79779c0455e76a62cd9a9b08f54d4b299
pattern-014,SENTENCE_PATTERN,One of + plural noun + singular verb,một trong những ...,One là chủ ngữ nên động từ chính số ít.,One of the machines needs maintenance.,Một trong các máy cần bảo trì.,SUBJECT_VERB_AGREEMENT,2,"{""title"": ""one of + plural noun + singular verb"", ""toeic_part"": ""5"", ""tags"": ""toeic-high,part5,grammar""}",e19f160ae846352258faa8de612e463523191e07
pattern-015,SENTENCE_PATTERN,A number of + plural noun + plural verb,một số nhiều ...,"A number of mang nghĩa several, dùng động từ số nhiều.",A number of customers have requested refunds.,Một số khách hàng đã yêu cầu hoàn tiền.,SUBJECT_VERB_AGREEMENT,2,"{""title"": ""a number of + plural verb"", ""toeic_part"": ""5"", ""tags"": ""toeic-high,part5,grammar""}",8ba177c1d9b9063abcbb7e827660587107f4d6f8
pattern-016,SENTENCE_PATTERN,The number of + plural noun + singular verb,số lượng của ...,The number là chủ ngữ số ít.,The number of visitors has increased significantly.,Số lượng khách tham quan đã tăng đáng kể.,SUBJECT_VERB_AGREEMENT,2,"{""title"": ""the number of + singular verb"", ""toeic_part"": ""5"", ""tags"": ""toeic-high,part5,grammar""}",9939ff9c2039041ce3b3043d43037917059448c8
pattern-017,SENTENCE_PATTERN,S + as well as + N + verb agreeing with S,cũng như; động từ theo chủ ngữ chính,Cụm as well as không làm thay đổi số của chủ ngữ chính.,"The director, as well as the managers, is attending the event.","Giám đốc, cũng như các quản lý, đang tham dự sự kiện.",SUBJECT_VERB_AGREEMENT,2,"{""title"": ""as well as does not change subject"", ""toeic_part"": ""5"", ""tags"": ""toeic-high,part5,grammar""}",f0bcd2e3112b7925eafe47caa606acbf903b2cd6
pattern-018,SENTENCE_PATTERN,Either A or B + verb agreeing with nearest subject,hoặc A hoặc B,"Với either...or, động từ thường hòa hợp với chủ ngữ gần nhất.",Either the supervisor or the technicians are available.,Hoặc người giám sát hoặc các kỹ thuật viên đang có mặt.,SUBJECT_VERB_AGREEMENT,2,"{""title"": ""either ... or agreement"", ""toeic_part"": ""5"", ""tags"": ""toeic-high,part5,grammar""}",0e04426109f84dda46d0e718dec52626fbe50f40
pattern-019,SENTENCE_PATTERN,Neither A nor B + verb agreeing with nearest subject,không A cũng không B,Động từ thường hòa hợp với chủ ngữ gần nhất.,Neither the employees nor the manager was informed.,Cả nhân viên lẫn quản lý đều không được thông báo.,SUBJECT_VERB_AGREEMENT,2,"{""title"": ""neither ... nor agreement"", ""toeic_part"": ""5"", ""tags"": ""toeic-high,part5,grammar""}",2c9bc545dfd7f2b998d922999ccc9727e50d7423
pattern-020,SENTENCE_PATTERN,Amount/time/distance as one unit + singular verb,khoảng tiền/thời gian/quãng đường như một đơn vị,Một lượng được xem là một đơn vị thường dùng động từ số ít.,Five hundred dollars is enough for the deposit.,Năm trăm đô la là đủ cho khoản đặt cọc.,SUBJECT_VERB_AGREEMENT,2,"{""title"": ""time and money as one amount"", ""toeic_part"": ""5"", ""tags"": ""toeic-high,part5,grammar""}",c81837f654426464bf38c25fcef2012c15e10951
pattern-021,SENTENCE_PATTERN,a/an/the + adjective + noun,mạo từ + tính từ + danh từ,Sau mạo từ có thể là tính từ bổ nghĩa rồi đến danh từ.,The company launched an innovative service.,Công ty đã ra mắt một dịch vụ sáng tạo.,WORD_FORM,2,"{""title"": ""article + adjective + noun"", ""toeic_part"": ""5"", ""tags"": ""toeic-high,part5,official-sample-style""}",42d18af311e3bd0ac88b6394f49422d514e912df
pattern-022,SENTENCE_PATTERN,possessive + adjective + noun,tính từ sở hữu + tính từ + danh từ,Sau my/your/our/their... có thể có tính từ rồi danh từ.,Our annual report will be published tomorrow.,Báo cáo thường niên của chúng tôi sẽ được công bố ngày mai.,WORD_FORM,2,"{""title"": ""possessive + adjective + noun"", ""toeic_part"": ""5"", ""tags"": ""toeic-high,part5,official-sample-style""}",e19fa2d03b3d0dce8e1f225f16ab007a59add599
pattern-023,SENTENCE_PATTERN,be/linking verb + adjective,động từ nối + tính từ,"Sau be, seem, become, remain thường cần tính từ làm bổ ngữ.",The instructions are clear and concise.,Hướng dẫn rõ ràng và súc tích.,WORD_FORM,2,"{""title"": ""be + adjective"", ""toeic_part"": ""5"", ""tags"": ""toeic-high,part5,official-sample-style""}",73186462a7ea318ba34a687819aef555ee3c5e94
pattern-024,SENTENCE_PATTERN,seem/become/remain + adjective,động từ nối + tính từ,Không dùng trạng từ để bổ nghĩa cho chủ ngữ sau linking verb.,Demand remains strong despite higher prices.,Nhu cầu vẫn mạnh dù giá cao hơn.,WORD_FORM,2,"{""title"": ""linking verb + adjective"", ""toeic_part"": ""5"", ""tags"": ""toeic-high,part5,official-sample-style""}",d306134fa105840c51aa628e3fe6029616a9eb9f
pattern-025,SENTENCE_PATTERN,verb + adverb,động từ + trạng từ,Trạng từ thường bổ nghĩa cách thức cho động từ.,The staff responded quickly to the complaint.,Nhân viên đã phản hồi nhanh chóng khiếu nại.,WORD_FORM,2,"{""title"": ""verb + adverb"", ""toeic_part"": ""5"", ""tags"": ""toeic-high,part5,official-sample-style""}",150747be3db9f1a6229d70142646ce8c45d97cd2
pattern-026,SENTENCE_PATTERN,adverb + adjective,trạng từ + tính từ,Trạng từ mức độ bổ nghĩa cho tính từ.,The new system is highly efficient.,Hệ thống mới có hiệu quả cao.,WORD_FORM,2,"{""title"": ""adverb + adjective"", ""toeic_part"": ""5"", ""tags"": ""toeic-high,part5,official-sample-style""}",b4ea148981b29502a1c11b48e2662f764b620a80
pattern-027,SENTENCE_PATTERN,adjective + noun,tính từ + danh từ,Tính từ thường đứng trước danh từ cần bổ nghĩa.,We need additional information before approval.,Chúng tôi cần thêm thông tin trước khi phê duyệt.,WORD_FORM,2,"{""title"": ""adjective + noun"", ""toeic_part"": ""5"", ""tags"": ""toeic-high,part5,official-sample-style""}",3a30c3978a607355ab1f88482505139789cac6da
pattern-028,SENTENCE_PATTERN,Noun + verb,danh từ làm chủ ngữ,Vị trí trước động từ chính thường cần danh từ/cụm danh từ.,Attendance has increased this month.,Lượng người tham dự đã tăng trong tháng này.,WORD_FORM,2,"{""title"": ""noun as subject"", ""toeic_part"": ""5"", ""tags"": ""toeic-high,part5,official-sample-style""}",a79aea2ff3039be26ce0b81153e9f08b4f4bfed3
pattern-029,SENTENCE_PATTERN,preposition + noun phrase,giới từ + danh từ/cụm danh từ,"Sau giới từ cần N/NP hoặc V-ing, không dùng động từ nguyên mẫu.",The decision was made after careful consideration.,Quyết định được đưa ra sau khi cân nhắc kỹ.,WORD_FORM,2,"{""title"": ""preposition + noun"", ""toeic_part"": ""5"", ""tags"": ""toeic-high,part5,official-sample-style""}",55f1e189f16f07a7e60805811dc73da362be6531
pattern-030,SENTENCE_PATTERN,to + V,to-infinitive + động từ nguyên mẫu,"Khi to là dấu hiệu infinitive, theo sau là động từ nguyên mẫu.",The team plans to expand operations overseas.,Nhóm dự định mở rộng hoạt động ra nước ngoài.,WORD_FORM,2,"{""title"": ""to + base verb"", ""toeic_part"": ""5"", ""tags"": ""toeic-high,part5,official-sample-style""}",9ade4019dc4d22c0ebcd47b44c5e4a5ac8e4a729
pattern-031,SENTENCE_PATTERN,modal + V,động từ khuyết thiếu + động từ nguyên mẫu,Sau can/may/must/should/will... dùng bare infinitive.,Applicants must provide proof of identity.,Ứng viên phải cung cấp giấy tờ chứng minh danh tính.,WORD_FORM,2,"{""title"": ""modal + base verb"", ""toeic_part"": ""5"", ""tags"": ""toeic-high,part5,official-sample-style""}",c7bbdfbe019a5f3f64a910178d45f6008c1a4f72
pattern-032,SENTENCE_PATTERN,have/has/had + past participle,thì hoàn thành,Sau trợ động từ have trong thì hoàn thành dùng V3.,The company has completed the renovation.,Công ty đã hoàn thành việc cải tạo.,WORD_FORM,2,"{""title"": ""have + past participle"", ""toeic_part"": ""5"", ""tags"": ""toeic-high,part5,official-sample-style""}",69689db168ebf979abf031bad25aaef24b6d6df5
pattern-033,SENTENCE_PATTERN,be + past participle,cấu trúc bị động,Sau be trong câu bị động dùng V3.,The invoices were sent yesterday.,Các hóa đơn đã được gửi hôm qua.,WORD_FORM,2,"{""title"": ""be + past participle"", ""toeic_part"": ""5"", ""tags"": ""toeic-high,part5,official-sample-style""}",1a6a414011a26398827c1da4c6ab9388ae91cb18
pattern-034,SENTENCE_PATTERN,among those + past participle + ...,trong số những người/vật được ...,Mẫu rút gọn thường gặp: those + past participle mang nghĩa bị động.,Among those selected were three senior analysts.,Trong số những người được chọn có ba chuyên viên phân tích cấp cao.,WORD_FORM,2,"{""title"": ""among those + past participle"", ""toeic_part"": ""5"", ""tags"": ""toeic-high,part5,official-sample-style""}",45d1fd0571143b8c67eaea40d6fc11ee2167d777
pattern-035,SENTENCE_PATTERN,Present simple for schedules/timetables,hiện tại đơn cho lịch trình,Lịch cố định/schedule thường dùng hiện tại đơn dù nói về tương lai.,The train departs at 6:30 tomorrow morning.,Tàu khởi hành lúc 6:30 sáng mai.,TENSES,2,"{""title"": ""present simple for schedules"", ""toeic_part"": ""5"", ""tags"": ""toeic-high,part5,part6,grammar""}",2c7b3413b180e2de62b6380bab58a2fa1296d589
pattern-036,SENTENCE_PATTERN,S + V(s/es) for routines/facts,hiện tại đơn cho thói quen/sự thật,Dùng cho hoạt động lặp lại và sự thật chung.,The accounting department reviews expenses every Friday.,Phòng kế toán rà soát chi phí mỗi thứ Sáu.,TENSES,2,"{""title"": ""present simple for routines"", ""toeic_part"": ""5"", ""tags"": ""toeic-high,part5,part6,grammar""}",4b1fc942c62852f09a2a45b879bcb0b78e4e836d
pattern-037,SENTENCE_PATTERN,am/is/are + V-ing,hiện tại tiếp diễn,Dùng cho hành động đang diễn ra hoặc tình huống tạm thời.,The technicians are installing new equipment now.,Các kỹ thuật viên đang lắp thiết bị mới.,TENSES,2,"{""title"": ""present continuous now"", ""toeic_part"": ""5"", ""tags"": ""toeic-high,part5,part6,grammar""}",14f1897da494178fefb3b0316eb631460ea3e165
pattern-038,SENTENCE_PATTERN,have/has + V3 + since + point/clause,đã ... kể từ,Since thường chỉ mốc bắt đầu; hiện tại hoàn thành nối quá khứ với hiện tại.,Sales have increased since the campaign began.,Doanh số đã tăng kể từ khi chiến dịch bắt đầu.,TENSES,2,"{""title"": ""present perfect with since"", ""toeic_part"": ""5"", ""tags"": ""toeic-high,part5,part6,grammar""}",fa2c6391f782e67be89bc1c2fe0cb01e3302f2e4
pattern-039,SENTENCE_PATTERN,have/has + V3 + for + duration,đã ... trong khoảng,For + khoảng thời gian thường đi với hiện tại hoàn thành khi tình trạng còn tiếp diễn.,Ms. Tran has worked here for five years.,Cô Trần đã làm việc ở đây được năm năm.,TENSES,2,"{""title"": ""present perfect with for"", ""toeic_part"": ""5"", ""tags"": ""toeic-high,part5,part6,grammar""}",61fe4d73d36518a9d927bdb99003981ac5f640f2
pattern-040,SENTENCE_PATTERN,V2 + finished past time,quá khứ đơn với thời gian đã kết thúc,Yesterday/last/ago thường yêu cầu quá khứ đơn.,The board approved the proposal last week.,Hội đồng đã phê duyệt đề xuất tuần trước.,TENSES,2,"{""title"": ""past simple finished time"", ""toeic_part"": ""5"", ""tags"": ""toeic-high,part5,part6,grammar""}",211c510145ca7f60ee528513ce8d220955ea3c80
pattern-041,SENTENCE_PATTERN,was/were + V-ing when + past simple,đang ... thì ...,Dùng quá khứ tiếp diễn cho hành động nền và quá khứ đơn cho hành động xen vào.,We were discussing the budget when the call arrived.,Chúng tôi đang thảo luận ngân sách thì cuộc gọi đến.,TENSES,2,"{""title"": ""past continuous when interrupted"", ""toeic_part"": ""5"", ""tags"": ""toeic-high,part5,part6,grammar""}",a41aeba7b28c5bba1a469ae0ab0cf36e79e985e0
pattern-042,SENTENCE_PATTERN,had + V3 before/by the time + past,đã ... trước một mốc quá khứ,Dùng cho hành động xảy ra trước một hành động quá khứ khác.,The guests had left before the storm began.,Các vị khách đã rời đi trước khi cơn bão bắt đầu.,TENSES,2,"{""title"": ""past perfect before another past"", ""toeic_part"": ""5"", ""tags"": ""toeic-high,part5,part6,grammar""}",23cee26ccfafc4342d2a6bd943634350704cd96a
pattern-043,SENTENCE_PATTERN,will + V,sẽ,Dùng cho dự đoán hoặc quyết định tại thời điểm nói.,The new policy will take effect next month.,Chính sách mới sẽ có hiệu lực vào tháng tới.,TENSES,2,"{""title"": ""will for prediction/decision"", ""toeic_part"": ""5"", ""tags"": ""toeic-high,part5,part6,grammar""}",14c780caade32c7a8131c6f9669e0fc12f6c2c21
pattern-044,SENTENCE_PATTERN,be going to + V,sẽ/dự định,Dùng cho kế hoạch hoặc dự đoán dựa trên dấu hiệu.,The company is going to open a new branch.,Công ty dự định mở một chi nhánh mới.,TENSES,2,"{""title"": ""be going to plan"", ""toeic_part"": ""5"", ""tags"": ""toeic-high,part5,part6,grammar""}",93ed04f9f85b6afbd29ab6e97930e9f6a05e704d
pattern-045,SENTENCE_PATTERN,"when/as soon as + present, will + V",mệnh đề thời gian tương lai dùng hiện tại,Không dùng will trong mệnh đề bắt đầu bằng when/as soon as để nói tương lai.,We will notify you as soon as the order arrives.,Chúng tôi sẽ thông báo ngay khi đơn hàng đến.,TENSES,2,"{""title"": ""future after when clause"", ""toeic_part"": ""5"", ""tags"": ""toeic-high,part5,part6,grammar""}",c8ea7bdf1195c10d1dbe3dcb35c1e71156949798
pattern-046,SENTENCE_PATTERN,will have + V3 + by + future time,sẽ hoàn thành trước một mốc tương lai,Dùng khi hành động dự kiến hoàn tất trước mốc tương lai.,"By Friday, the team will have completed the audit.","Đến thứ Sáu, nhóm sẽ hoàn thành việc kiểm toán.",TENSES,2,"{""title"": ""future perfect by deadline"", ""toeic_part"": ""5"", ""tags"": ""toeic-high,part5,part6,grammar""}",0e1827c5d13e90dc3d689bab6d578eb97a96b7e8
pattern-047,SENTENCE_PATTERN,have/has been + V3,hiện tại hoàn thành bị động,Nhấn mạnh kết quả đã được thực hiện đến hiện tại.,The meeting has been postponed until Monday.,Cuộc họp đã được hoãn đến thứ Hai.,TENSES,2,"{""title"": ""present perfect passive"", ""toeic_part"": ""5"", ""tags"": ""toeic-high,part5,part6,grammar""}",d80fa0230f234ff9d83c760a3610ec4af0271f34
pattern-048,SENTENCE_PATTERN,was/were + V3,quá khứ bị động,Dùng khi chủ ngữ nhận hành động trong quá khứ.,The contract was signed yesterday.,Hợp đồng đã được ký hôm qua.,TENSES,2,"{""title"": ""past passive"", ""toeic_part"": ""5"", ""tags"": ""toeic-high,part5,part6,grammar""}",da25dbc784c7b0f652d882b7c0f8fb97cfba7c4c
pattern-049,SENTENCE_PATTERN,must + V,phải làm gì,Must diễn tả nghĩa vụ mạnh; theo sau là bare infinitive.,Visitors must wear identification badges.,Khách tham quan phải đeo thẻ nhận dạng.,MODALS,2,"{""title"": ""must do"", ""toeic_part"": ""5"", ""tags"": ""toeic-high,daily-high,grammar""}",7d7df145b8afc842b277fc848dfb8b044a797acf
pattern-050,SENTENCE_PATTERN,should + V,nên làm gì,Should đưa lời khuyên hoặc kỳ vọng.,Employees should report safety concerns immediately.,Nhân viên nên báo cáo vấn đề an toàn ngay lập tức.,MODALS,2,"{""title"": ""should do"", ""toeic_part"": ""5"", ""tags"": ""toeic-high,daily-high,grammar""}",d00692a578de379d1829e3d3fbe4f199c0276a60
pattern-051,SENTENCE_PATTERN,may + V,có thể,May diễn tả khả năng hoặc cho phép trang trọng.,The delivery may arrive earlier than expected.,Đơn giao hàng có thể đến sớm hơn dự kiến.,MODALS,2,"{""title"": ""may do"", ""toeic_part"": ""5"", ""tags"": ""toeic-high,daily-high,grammar""}",5daa1d5f2632817c71c03fc75634173f587f5cbb
pattern-052,SENTENCE_PATTERN,can + V,có thể làm gì,Can diễn tả khả năng/khả năng có thể.,Customers can track orders online.,Khách hàng có thể theo dõi đơn hàng trực tuyến.,MODALS,2,"{""title"": ""can do"", ""toeic_part"": ""5"", ""tags"": ""toeic-high,daily-high,grammar""}",3d09b368498a0038c748844a90d9c120351072ab
pattern-053,SENTENCE_PATTERN,must be + V3,phải được làm,Modal passive: modal + be + past participle.,All forms must be submitted by noon.,Tất cả biểu mẫu phải được nộp trước buổi trưa.,MODALS,2,"{""title"": ""must be done"", ""toeic_part"": ""5"", ""tags"": ""toeic-high,daily-high,grammar""}",273427bd054f3951ee29ddc3a7c314c7cddc08cb
pattern-054,SENTENCE_PATTERN,should be + V3,nên được làm,Dùng modal passive để đưa khuyến nghị cho hành động bị động.,The equipment should be inspected regularly.,Thiết bị nên được kiểm tra thường xuyên.,MODALS,2,"{""title"": ""should be done"", ""toeic_part"": ""5"", ""tags"": ""toeic-high,daily-high,grammar""}",e477af30365482230e6a4c027659cc2a20b80b49
pattern-055,SENTENCE_PATTERN,should have + V3,đáng lẽ nên đã làm,Nói về việc nên xảy ra trong quá khứ nhưng có thể đã không xảy ra.,The supplier should have notified us earlier.,Nhà cung cấp đáng lẽ nên thông báo cho chúng tôi sớm hơn.,MODALS,2,"{""title"": ""should have done"", ""toeic_part"": ""5"", ""tags"": ""toeic-high,daily-high,grammar""}",3741acf3512aa5cdefa9401cac10cd1a935b03fa
pattern-056,SENTENCE_PATTERN,may have + V3,có thể đã làm,Diễn tả khả năng về quá khứ.,The package may have arrived at the wrong office.,Gói hàng có thể đã đến nhầm văn phòng.,MODALS,2,"{""title"": ""may have done"", ""toeic_part"": ""5"", ""tags"": ""toeic-high,daily-high,grammar""}",6d3f4dfc3e4d2f5dfbac0a6d88a4cf4fe0c16189
pattern-057,SENTENCE_PATTERN,apply for + position/job/program,nộp đơn xin,Apply for đi với thứ bạn muốn xin/đăng ký.,She applied for the marketing position.,Cô ấy đã nộp đơn cho vị trí marketing.,PREPOSITIONS,2,"{""title"": ""apply for"", ""toeic_part"": ""5"", ""tags"": ""toeic-high,business,collocation""}",f809e5be9b66617b1a19a83ff5277962fd1c0e80
pattern-058,SENTENCE_PATTERN,apply to + company/person/rule,nộp đơn tới / áp dụng cho,Apply to + tổ chức/người; rule applies to + đối tượng.,This policy applies to all employees.,Chính sách này áp dụng cho tất cả nhân viên.,PREPOSITIONS,2,"{""title"": ""apply to"", ""toeic_part"": ""5"", ""tags"": ""toeic-high,business,collocation""}",f977165215b57764a2dcd3513b94c87c1fe505d0
pattern-059,SENTENCE_PATTERN,participate in + N,tham gia,Participate đi với in.,More than fifty employees participated in the workshop.,Hơn năm mươi nhân viên đã tham gia hội thảo.,PREPOSITIONS,2,"{""title"": ""participate in"", ""toeic_part"": ""5"", ""tags"": ""toeic-high,business,collocation""}",9ec0140e3bdba2affa4cc32b86ae383ba37f8a51
pattern-060,SENTENCE_PATTERN,depend on + N,phụ thuộc vào,Depend đi với on.,The final date depends on supplier availability.,Ngày cuối cùng phụ thuộc vào khả năng cung ứng của nhà cung cấp.,PREPOSITIONS,2,"{""title"": ""depend on"", ""toeic_part"": ""5"", ""tags"": ""toeic-high,business,collocation""}",8d90f1d30c0455ffe6918e46e084013e7d09430c
pattern-061,SENTENCE_PATTERN,comply with + rule/regulation,tuân thủ,Comply đi với with.,All contractors must comply with safety regulations.,Tất cả nhà thầu phải tuân thủ quy định an toàn.,PREPOSITIONS,2,"{""title"": ""comply with"", ""toeic_part"": ""5"", ""tags"": ""toeic-high,business,collocation""}",0b7645c175b7521eacb2cead26f781df43acefef
pattern-062,SENTENCE_PATTERN,consist of + N,bao gồm / cấu thành từ,Consist đi với of và không dùng ở bị động.,The package consists of three separate services.,Gói dịch vụ gồm ba dịch vụ riêng biệt.,PREPOSITIONS,2,"{""title"": ""consist of"", ""toeic_part"": ""5"", ""tags"": ""toeic-high,business,collocation""}",bf83e9d3f2e56b1ef21b778830a2205d01d6f340
pattern-063,SENTENCE_PATTERN,result in + result,dẫn đến kết quả,Result in + kết quả.,The upgrade resulted in faster processing times.,Việc nâng cấp dẫn đến thời gian xử lý nhanh hơn.,PREPOSITIONS,2,"{""title"": ""result in"", ""toeic_part"": ""5"", ""tags"": ""toeic-high,business,collocation""}",966de2327bd4a3139332de5fe316dc64e56cc49c
pattern-064,SENTENCE_PATTERN,result from + cause,là kết quả của nguyên nhân,Result from + nguyên nhân.,The delay resulted from a shipping error.,Sự chậm trễ là do lỗi vận chuyển.,PREPOSITIONS,2,"{""title"": ""result from"", ""toeic_part"": ""5"", ""tags"": ""toeic-high,business,collocation""}",9b10fb665870935dd7820f379afee2ed459c557b
pattern-065,SENTENCE_PATTERN,contribute to + N/V-ing,góp phần vào,To là giới từ nên theo sau N/V-ing.,Regular feedback contributes to improving service quality.,Phản hồi thường xuyên góp phần cải thiện chất lượng dịch vụ.,PREPOSITIONS,2,"{""title"": ""contribute to"", ""toeic_part"": ""5"", ""tags"": ""toeic-high,business,collocation""}",d21e63e56c7b15c29c3dd7e65d7c11df6875f600
pattern-066,SENTENCE_PATTERN,succeed in + V-ing,thành công trong việc,In là giới từ; theo sau V-ing nếu là hành động.,The team succeeded in reducing costs.,Nhóm đã thành công trong việc giảm chi phí.,PREPOSITIONS,2,"{""title"": ""succeed in"", ""toeic_part"": ""5"", ""tags"": ""toeic-high,business,collocation""}",0c5b497748b4adce330ca5ca641317ecbc057094
pattern-067,SENTENCE_PATTERN,specialize in + N/V-ing,chuyên về,Specialize đi với in.,The firm specializes in providing legal advice.,Công ty chuyên cung cấp tư vấn pháp lý.,PREPOSITIONS,2,"{""title"": ""specialize in"", ""toeic_part"": ""5"", ""tags"": ""toeic-high,business,collocation""}",e7b65fdef2abd7d4762749eee13df820e1f88e17
pattern-068,SENTENCE_PATTERN,apologize for + N/V-ing,xin lỗi về,For là giới từ.,We apologize for causing any inconvenience.,Chúng tôi xin lỗi vì đã gây bất tiện.,PREPOSITIONS,2,"{""title"": ""apologize for"", ""toeic_part"": ""5"", ""tags"": ""toeic-high,business,collocation""}",17e3b5ff4342d135577cc1933388239c001cbef3
pattern-069,SENTENCE_PATTERN,thank + O + for + N/V-ing,cảm ơn ai vì,Cấu trúc phổ biến trong email công việc.,Thank you for attending the seminar.,Cảm ơn bạn đã tham dự hội thảo.,PREPOSITIONS,2,"{""title"": ""thank someone for"", ""toeic_part"": ""5"", ""tags"": ""toeic-high,business,collocation""}",1d7cb4e76f0e6b88eb1fc8c1428231990be49785
pattern-070,SENTENCE_PATTERN,be aware of + N,nhận thức/biết về,Aware đi với of.,Customers should be aware of the cancellation policy.,Khách hàng nên biết chính sách hủy.,PREPOSITIONS,2,"{""title"": ""be aware of"", ""toeic_part"": ""5"", ""tags"": ""toeic-high,business,collocation""}",cb5304972713cc1b6f3120e2abb6b935dc136dbd
pattern-071,SENTENCE_PATTERN,be familiar with + N,quen thuộc với,Familiar đi với with.,All staff should be familiar with the emergency procedures.,Tất cả nhân viên nên quen với quy trình khẩn cấp.,PREPOSITIONS,2,"{""title"": ""be familiar with"", ""toeic_part"": ""5"", ""tags"": ""toeic-high,business,collocation""}",460c56303be8a63c9272786d5f056fd73e1b97f7
pattern-072,SENTENCE_PATTERN,be eligible for + N,đủ điều kiện nhận/tham gia,Eligible for + noun; eligible to + verb.,Full-time employees are eligible for health benefits.,Nhân viên toàn thời gian đủ điều kiện hưởng phúc lợi y tế.,PREPOSITIONS,2,"{""title"": ""be eligible for"", ""toeic_part"": ""5"", ""tags"": ""toeic-high,business,collocation""}",fd53d18b5370e351a80e8ceaa83d1eb02b05c66f
pattern-073,SENTENCE_PATTERN,be eligible to + V,đủ điều kiện làm gì,Eligible to theo sau bởi động từ nguyên mẫu.,Members are eligible to receive a discount.,Thành viên đủ điều kiện nhận giảm giá.,PREPOSITIONS,2,"{""title"": ""be eligible to do"", ""toeic_part"": ""5"", ""tags"": ""toeic-high,business,collocation""}",e5f12bd9fb3eacd075a09c24760846689af75b4f
pattern-074,SENTENCE_PATTERN,be satisfied with + N,hài lòng với,Satisfied đi với with.,Most clients are satisfied with the new service.,Hầu hết khách hàng hài lòng với dịch vụ mới.,PREPOSITIONS,2,"{""title"": ""be satisfied with"", ""toeic_part"": ""5"", ""tags"": ""toeic-high,business,collocation""}",cef71510e38475543cdf6b625ac68be700467c5e
pattern-075,SENTENCE_PATTERN,be concerned about + N/V-ing,lo ngại về,Concerned about dùng cho mối lo.,Residents are concerned about increasing traffic.,Người dân lo ngại về giao thông gia tăng.,PREPOSITIONS,2,"{""title"": ""be concerned about"", ""toeic_part"": ""5"", ""tags"": ""toeic-high,business,collocation""}",3e111981c54a55a81233c3b57b3cda4481e903c5
pattern-076,SENTENCE_PATTERN,be based on + N,dựa trên,Cụm bị động cố định.,The estimate is based on current market prices.,Ước tính dựa trên giá thị trường hiện tại.,PREPOSITIONS,2,"{""title"": ""be based on"", ""toeic_part"": ""5"", ""tags"": ""toeic-high,business,collocation""}",4d796e7e0e43c6b77edd81df465579b55996f7aa
pattern-077,SENTENCE_PATTERN,enjoy + V-ing,thích làm gì,Enjoy theo sau V-ing.,Many visitors enjoy exploring the historic district.,Nhiều du khách thích khám phá khu phố lịch sử.,GERUND_INFINITIVE,2,"{""title"": ""enjoy doing"", ""toeic_part"": ""5"", ""tags"": ""toeic-high,daily-high,verb-pattern""}",cb8bd855e9260e68272a202b122d1a2544c45be2
pattern-078,SENTENCE_PATTERN,finish + V-ing,hoàn thành việc,Finish theo sau V-ing.,Please finish reviewing the document by noon.,Vui lòng hoàn thành việc rà soát tài liệu trước buổi trưa.,GERUND_INFINITIVE,2,"{""title"": ""finish doing"", ""toeic_part"": ""5"", ""tags"": ""toeic-high,daily-high,verb-pattern""}",86febf7ee3896dc1d5aa3176fa2de2f99b50ced4
pattern-079,SENTENCE_PATTERN,postpone + V-ing,trì hoãn việc,Postpone theo sau N hoặc V-ing.,The company postponed launching the product.,Công ty đã hoãn việc ra mắt sản phẩm.,GERUND_INFINITIVE,2,"{""title"": ""postpone doing"", ""toeic_part"": ""5"", ""tags"": ""toeic-high,daily-high,verb-pattern""}",81d82d8d038c42d3f560f6faf7a1478d2f739dbd
pattern-080,SENTENCE_PATTERN,suggest + V-ing,đề nghị làm gì,Suggest thường theo sau V-ing hoặc that-clause.,The consultant suggested reducing unnecessary expenses.,Chuyên gia tư vấn đề nghị giảm chi phí không cần thiết.,GERUND_INFINITIVE,2,"{""title"": ""suggest doing"", ""toeic_part"": ""5"", ""tags"": ""toeic-high,daily-high,verb-pattern""}",7f578f7b0c01fd8c0a9203d545c0b8206a75ab9c
pattern-081,SENTENCE_PATTERN,recommend + V-ing,khuyến nghị làm gì,Recommend có thể theo sau V-ing hoặc that + base form.,We recommend booking your room in advance.,Chúng tôi khuyên nên đặt phòng trước.,GERUND_INFINITIVE,2,"{""title"": ""recommend doing"", ""toeic_part"": ""5"", ""tags"": ""toeic-high,daily-high,verb-pattern""}",52e2ad858d6296a3583d0feac3dd85eed5f4884e
pattern-082,SENTENCE_PATTERN,keep + V-ing,tiếp tục làm gì,Keep + V-ing diễn tả tiếp tục.,Please keep checking the website for updates.,Vui lòng tiếp tục kiểm tra trang web để cập nhật.,GERUND_INFINITIVE,2,"{""title"": ""keep doing"", ""toeic_part"": ""5"", ""tags"": ""toeic-high,daily-high,verb-pattern""}",66b4b35c7607d71fef79eac90459d0f862d8d6df
pattern-083,SENTENCE_PATTERN,practice + V-ing,luyện tập làm gì,Practice theo sau V-ing.,Trainees practice handling customer complaints.,Học viên luyện xử lý khiếu nại của khách hàng.,GERUND_INFINITIVE,2,"{""title"": ""practice doing"", ""toeic_part"": ""5"", ""tags"": ""toeic-high,daily-high,verb-pattern""}",24a88cdafe5dd05959e77777f0a20a5f159465d6
pattern-084,SENTENCE_PATTERN,manage to + V,xoay xở/thành công làm được,Manage theo sau to-infinitive.,The team managed to finish the project on time.,Nhóm đã xoay xở hoàn thành dự án đúng hạn.,GERUND_INFINITIVE,2,"{""title"": ""manage to do"", ""toeic_part"": ""5"", ""tags"": ""toeic-high,daily-high,verb-pattern""}",4a8805fb63bb4c1cbb4edfa57fc7220117cc86ed
pattern-085,SENTENCE_PATTERN,fail to + V,không làm được / không thực hiện,"Fail to thường gặp trong thông báo, quy định.",Applicants who fail to sign the form will be contacted.,Ứng viên không ký biểu mẫu sẽ được liên hệ.,GERUND_INFINITIVE,2,"{""title"": ""fail to do"", ""toeic_part"": ""5"", ""tags"": ""toeic-high,daily-high,verb-pattern""}",db0b73c6e81ab8684f15285a9e7bf4077b6cf3a5
pattern-086,SENTENCE_PATTERN,refuse to + V,từ chối làm gì,Refuse theo sau to-infinitive.,The supplier refused to accept the damaged goods.,Nhà cung cấp từ chối nhận hàng bị hư hỏng.,GERUND_INFINITIVE,2,"{""title"": ""refuse to do"", ""toeic_part"": ""5"", ""tags"": ""toeic-high,daily-high,verb-pattern""}",34e02e65f6eb7daf2529a1d40d0ac627e0fe017e
pattern-087,SENTENCE_PATTERN,offer to + V,đề nghị làm gì,Offer to + V khi chủ ngữ đề nghị tự làm.,The technician offered to inspect the device.,Kỹ thuật viên đề nghị kiểm tra thiết bị.,GERUND_INFINITIVE,2,"{""title"": ""offer to do"", ""toeic_part"": ""5"", ""tags"": ""toeic-high,daily-high,verb-pattern""}",247f58f3043057ee16b58d1457b62f0d7932ccb3
pattern-088,SENTENCE_PATTERN,promise to + V,hứa làm gì,Promise theo sau to-infinitive.,The contractor promised to complete the repairs by Friday.,Nhà thầu hứa hoàn thành việc sửa chữa trước thứ Sáu.,GERUND_INFINITIVE,2,"{""title"": ""promise to do"", ""toeic_part"": ""5"", ""tags"": ""toeic-high,daily-high,verb-pattern""}",79bb6a50f4d21ae43829647f44a1b86f62685924
pattern-089,SENTENCE_PATTERN,afford to + V,có đủ khả năng/điều kiện làm,Afford thường nói về tiền/thời gian/khả năng.,Small businesses cannot afford to ignore customer feedback.,Doanh nghiệp nhỏ không thể bỏ qua phản hồi khách hàng.,GERUND_INFINITIVE,2,"{""title"": ""afford to do"", ""toeic_part"": ""5"", ""tags"": ""toeic-high,daily-high,verb-pattern""}",ce21ceb6cc2a7d8db4a9f7541184e40839fe994b
pattern-090,SENTENCE_PATTERN,be likely to + V,có khả năng sẽ,Likelihood pattern thường dùng trong business reports.,Demand is likely to increase during the holiday season.,Nhu cầu có khả năng tăng trong mùa lễ.,GERUND_INFINITIVE,2,"{""title"": ""be likely to do"", ""toeic_part"": ""5"", ""tags"": ""toeic-high,daily-high,verb-pattern""}",1682aebeb8595262e1abc150edffbaf5f25e22f7
pattern-091,SENTENCE_PATTERN,be willing to + V,sẵn lòng làm,Willing theo sau to-infinitive.,Our staff are willing to assist with special requests.,Nhân viên của chúng tôi sẵn lòng hỗ trợ các yêu cầu đặc biệt.,GERUND_INFINITIVE,2,"{""title"": ""be willing to do"", ""toeic_part"": ""5"", ""tags"": ""toeic-high,daily-high,verb-pattern""}",44d095510bbdcac50cbd7635fcf72d309729ef3e
pattern-092,SENTENCE_PATTERN,advise + O + to V,khuyên ai làm gì,Advise người nào + to-infinitive.,The consultant advised us to update the policy.,Chuyên gia tư vấn khuyên chúng tôi cập nhật chính sách.,OBJECT_INFINITIVE,2,"{""title"": ""advise someone to do"", ""toeic_part"": ""5"", ""tags"": ""toeic-high,daily-high,verb-pattern""}",ee719a4c4694622c3526ae8cbf40443524b31d9d
pattern-093,SENTENCE_PATTERN,invite + O + to V,mời ai làm gì,Invite người nào + to-infinitive.,Employees are invited to attend the reception.,Nhân viên được mời tham dự buổi tiếp đón.,OBJECT_INFINITIVE,2,"{""title"": ""invite someone to do"", ""toeic_part"": ""5"", ""tags"": ""toeic-high,daily-high,verb-pattern""}",8ae5e57701b09a926cb569c6d7f3b688aab55d80
pattern-094,SENTENCE_PATTERN,permit + O + to V,cho phép ai làm gì,Permit + object + to V; passive: be permitted to V.,The pass permits visitors to enter the secure area.,Thẻ cho phép khách vào khu vực an ninh.,OBJECT_INFINITIVE,2,"{""title"": ""permit someone to do"", ""toeic_part"": ""5"", ""tags"": ""toeic-high,daily-high,verb-pattern""}",0a25ca78952918eb733601c805d658a6651c8ef8
pattern-095,SENTENCE_PATTERN,enable + O + to V,cho phép/tạo điều kiện cho ai làm,Enable + object + to V.,The new system enables staff to work remotely.,Hệ thống mới cho phép nhân viên làm việc từ xa.,OBJECT_INFINITIVE,2,"{""title"": ""enable someone to do"", ""toeic_part"": ""5"", ""tags"": ""toeic-high,daily-high,verb-pattern""}",19e1e63b7cd45219629655e3616f3cdf195774b4
pattern-096,SENTENCE_PATTERN,expect + O + to V,mong/đòi hỏi ai làm,Expect + object + to V.,We expect suppliers to meet the deadline.,Chúng tôi mong các nhà cung cấp đáp ứng thời hạn.,OBJECT_INFINITIVE,2,"{""title"": ""expect someone to do"", ""toeic_part"": ""5"", ""tags"": ""toeic-high,daily-high,verb-pattern""}",1878ae3c936697b6dfbd9ce1d871748431865ca2
pattern-097,SENTENCE_PATTERN,want + O + to V,muốn ai làm gì,Want + object + to V.,The manager wants everyone to review the guidelines.,Quản lý muốn mọi người xem lại hướng dẫn.,OBJECT_INFINITIVE,2,"{""title"": ""want someone to do"", ""toeic_part"": ""5"", ""tags"": ""toeic-high,daily-high,verb-pattern""}",13cc8ee3005732a4a8944374c6815dc925857e25
pattern-098,SENTENCE_PATTERN,cause + O + to V,khiến ai/vật làm gì,Cause + object + to V.,The outage caused several machines to stop working.,Sự cố mất điện khiến một số máy ngừng hoạt động.,OBJECT_INFINITIVE,2,"{""title"": ""cause someone to do"", ""toeic_part"": ""5"", ""tags"": ""toeic-high,daily-high,verb-pattern""}",a6ae04660cbe147425bc0339ab13c5e905f0cf3b
pattern-099,SENTENCE_PATTERN,help + O + (to) V,giúp ai làm gì,Sau help có thể dùng bare infinitive hoặc to-infinitive.,This guide will help users understand the new process.,Hướng dẫn này sẽ giúp người dùng hiểu quy trình mới.,OBJECT_INFINITIVE,2,"{""title"": ""help someone do"", ""toeic_part"": ""5"", ""tags"": ""toeic-high,daily-high,verb-pattern""}",0e86cde3132b250fc12bc7457663f04d203d7897
pattern-100,SENTENCE_PATTERN,be known for + N/V-ing,nổi tiếng/được biết đến vì,Known for + đặc điểm/thành tựu.,The hotel is known for providing excellent service.,Khách sạn nổi tiếng vì cung cấp dịch vụ xuất sắc.,PASSIVE_VOICE,2,"{""title"": ""be known for"", ""toeic_part"": ""5"", ""tags"": ""toeic-high,business,passive""}",2b60e45d45d86962cad54f16cd8806b56b99f640
pattern-101,SENTENCE_PATTERN,be associated with + N,có liên quan đến,Associated with là collocation bị động phổ biến.,Higher costs are associated with longer delivery times.,Chi phí cao hơn có liên quan đến thời gian giao hàng dài hơn.,PASSIVE_VOICE,2,"{""title"": ""be associated with"", ""toeic_part"": ""5"", ""tags"": ""toeic-high,business,passive""}",f641c7924b52e80a1fdeee37d94c70695b651c1e
pattern-102,SENTENCE_PATTERN,be composed of + N,được cấu thành từ,Composed of dùng để nói thành phần.,The committee is composed of eight members.,Ủy ban gồm tám thành viên.,PASSIVE_VOICE,2,"{""title"": ""be composed of"", ""toeic_part"": ""5"", ""tags"": ""toeic-high,business,passive""}",4855b172ec7f898e1e6ed69e09378bc03d4acc66
pattern-103,SENTENCE_PATTERN,be intended for + N,dành cho,Intended for + đối tượng/mục đích danh từ.,This entrance is intended for staff only.,Lối vào này chỉ dành cho nhân viên.,PASSIVE_VOICE,2,"{""title"": ""be intended for"", ""toeic_part"": ""5"", ""tags"": ""toeic-high,business,passive""}",e80c0eda4394b0b80df373568e9f213cd8c2223e
pattern-104,SENTENCE_PATTERN,be intended to + V,được thiết kế/nhằm để làm,Intended to + hành động/mục đích.,The update is intended to improve security.,Bản cập nhật nhằm cải thiện bảo mật.,PASSIVE_VOICE,2,"{""title"": ""be intended to do"", ""toeic_part"": ""5"", ""tags"": ""toeic-high,business,passive""}",35cc9e07510f6d0ac36b1acfa29d3e7c2d15f0b0
pattern-105,SENTENCE_PATTERN,be subject to + N,chịu sự/tuân theo/có thể bị,"Cụm rất phổ biến trong điều khoản, chính sách.",Prices are subject to change without notice.,Giá có thể thay đổi mà không báo trước.,PASSIVE_VOICE,2,"{""title"": ""be subject to"", ""toeic_part"": ""5"", ""tags"": ""toeic-high,business,passive""}",0f046574fb36fcd694f4e899b8bd6c54399496c0
pattern-106,SENTENCE_PATTERN,be accompanied by + N,đi kèm với,"Dùng trong hướng dẫn, hồ sơ và mô tả.",The application must be accompanied by two photographs.,Đơn phải kèm theo hai ảnh.,PASSIVE_VOICE,2,"{""title"": ""be accompanied by"", ""toeic_part"": ""5"", ""tags"": ""toeic-high,business,passive""}",941fba67fc93f7a3e69b88919ee92edebf8b9925
pattern-107,SENTENCE_PATTERN,be prohibited from + V-ing,bị cấm làm gì,From là giới từ nên dùng V-ing.,Visitors are prohibited from taking photographs.,Khách tham quan bị cấm chụp ảnh.,PASSIVE_VOICE,2,"{""title"": ""be prohibited from doing"", ""toeic_part"": ""5"", ""tags"": ""toeic-high,business,passive""}",fa4d359e8efa0737b36197254909a424d8bee864
pattern-108,SENTENCE_PATTERN,because + S + V,bởi vì + mệnh đề,Because là liên từ và theo sau bởi một mệnh đề đầy đủ.,The event was canceled because the venue was unavailable.,Sự kiện bị hủy vì địa điểm không khả dụng.,CONJUNCTIONS,2,"{""title"": ""because + clause"", ""toeic_part"": ""5"", ""tags"": ""toeic-high,part5,part6,connector""}",f3311ccd6ab3a0fe278629c21c8a8f9f99e6887d
pattern-109,SENTENCE_PATTERN,although + S + V,mặc dù + mệnh đề,Although là liên từ; không dùng trực tiếp với danh từ.,"Although demand is high, prices will remain unchanged.","Mặc dù nhu cầu cao, giá sẽ không đổi.",CONJUNCTIONS,2,"{""title"": ""although + clause"", ""toeic_part"": ""5"", ""tags"": ""toeic-high,part5,part6,connector""}",9880fdfb51472956e6e247e4985981dc2899e91d
pattern-110,SENTENCE_PATTERN,even though + S + V,mặc dù (nhấn mạnh),Even though nhấn mạnh tương phản.,"Even though the store was busy, service remained fast.","Dù cửa hàng đông, dịch vụ vẫn nhanh.",CONJUNCTIONS,2,"{""title"": ""even though + clause"", ""toeic_part"": ""5"", ""tags"": ""toeic-high,part5,part6,connector""}",7ace70b45a52618647c64fa8c36c41313632762b
pattern-111,SENTENCE_PATTERN,despite + N/V-ing,mặc dù/bất chấp + danh từ/V-ing,"Despite là giới từ, không trực tiếp theo sau bởi mệnh đề.","Despite experiencing delays, the team met the deadline.","Mặc dù gặp chậm trễ, nhóm vẫn kịp thời hạn.",CONJUNCTIONS,2,"{""title"": ""despite + noun/gerund"", ""toeic_part"": ""5"", ""tags"": ""toeic-high,part5,part6,connector""}",4f395b47b90e00861ad9e75f5b2929c1048a85e9
pattern-112,SENTENCE_PATTERN,in spite of + N/V-ing,mặc dù/bất chấp,Cụm giới từ tương đương despite.,"In spite of the rain, the event continued as planned.","Bất chấp trời mưa, sự kiện tiếp tục theo kế hoạch.",CONJUNCTIONS,2,"{""title"": ""in spite of"", ""toeic_part"": ""5"", ""tags"": ""toeic-high,part5,part6,connector""}",ce472d7a523d4f522798a04d2ef72606162acadc
pattern-113,SENTENCE_PATTERN,"while + clause, clause",trong khi / trong khi đó (tương phản),While có thể nối hai ý tương phản.,Online sales increased while in-store sales declined.,Doanh số trực tuyến tăng trong khi doanh số tại cửa hàng giảm.,CONJUNCTIONS,2,"{""title"": ""while for contrast"", ""toeic_part"": ""5"", ""tags"": ""toeic-high,part5,part6,connector""}",ec34a9adc16ecb36a92ffe3e0bfd8eb217da0ed8
pattern-114,SENTENCE_PATTERN,clause + whereas + clause,trong khi/trái lại,Whereas dùng để đối chiếu hai sự thật.,"Plan A is cheaper, whereas Plan B offers more features.","Gói A rẻ hơn, trong khi gói B có nhiều tính năng hơn.",CONJUNCTIONS,2,"{""title"": ""whereas"", ""toeic_part"": ""5"", ""tags"": ""toeic-high,part5,part6,connector""}",56f151e72341d50fec706216c2dbb5d22ca7b5c1
pattern-115,SENTENCE_PATTERN,both A and B,cả A và B,Hai thành phần song song về ngữ pháp.,The position requires both experience and strong communication skills.,Vị trí yêu cầu cả kinh nghiệm và kỹ năng giao tiếp tốt.,CONJUNCTIONS,2,"{""title"": ""both ... and"", ""toeic_part"": ""5"", ""tags"": ""toeic-high,part5,part6,connector""}",f73918244bdeabe8cbbbdd08718bbe44c0d6e32e
pattern-116,SENTENCE_PATTERN,either A or B,hoặc A hoặc B,"Hai lựa chọn thay thế, cần song song cấu trúc.",You may submit the form either online or by mail.,Bạn có thể nộp biểu mẫu trực tuyến hoặc qua bưu điện.,CONJUNCTIONS,2,"{""title"": ""either ... or"", ""toeic_part"": ""5"", ""tags"": ""toeic-high,part5,part6,connector""}",c97c2494cadff2721c7e427c285dc914d15d2c5e
pattern-117,SENTENCE_PATTERN,neither A nor B,không A cũng không B,Hai thành phần phải song song.,The fee covers neither meals nor transportation.,Khoản phí không bao gồm bữa ăn cũng không bao gồm vận chuyển.,CONJUNCTIONS,2,"{""title"": ""neither ... nor"", ""toeic_part"": ""5"", ""tags"": ""toeic-high,part5,part6,connector""}",f7023fecf8857a6f447c362300881987d948758b
pattern-118,SENTENCE_PATTERN,not only A but also B,không chỉ A mà còn B,A và B cần song song về ngữ pháp.,The upgrade not only reduces costs but also improves reliability.,Bản nâng cấp không chỉ giảm chi phí mà còn cải thiện độ tin cậy.,CONJUNCTIONS,2,"{""title"": ""not only ... but also"", ""toeic_part"": ""5"", ""tags"": ""toeic-high,part5,part6,connector""}",b7d23be53e3aef94b06fd06c98eb56e638ea5ff7
pattern-119,SENTENCE_PATTERN,whether + clause + or not,liệu ... hay không,Whether giới thiệu lựa chọn/điều chưa chắc chắn.,Please confirm whether you can attend or not.,Vui lòng xác nhận liệu bạn có thể tham dự hay không.,CONJUNCTIONS,2,"{""title"": ""whether ... or not"", ""toeic_part"": ""5"", ""tags"": ""toeic-high,part5,part6,connector""}",90957f513511df8b1d39a84ff7b28b88b38b0ab1
pattern-120,SENTENCE_PATTERN,so + adjective/adverb + that + clause,quá/đến mức ... đến nỗi,So bổ nghĩa adjective/adverb; sau đó that-clause.,The instructions were so clear that everyone understood them.,Hướng dẫn rõ đến mức mọi người đều hiểu.,CONJUNCTIONS,2,"{""title"": ""so + adjective + that"", ""toeic_part"": ""5"", ""tags"": ""toeic-high,part5,part6,connector""}",e0d17c1b2f93a0584251af3b21166a1ad69a9aa2
pattern-121,SENTENCE_PATTERN,such + (a/an) + adjective + noun + that,một ... đến mức ...,Such đi với cụm danh từ.,It was such a useful workshop that many employees requested another session.,Đó là một hội thảo hữu ích đến mức nhiều nhân viên yêu cầu thêm buổi nữa.,CONJUNCTIONS,2,"{""title"": ""such + noun + that"", ""toeic_part"": ""5"", ""tags"": ""toeic-high,part5,part6,connector""}",55ce46e2498ad8a1e92820eaffba2662b341fa17
pattern-122,SENTENCE_PATTERN,too + adjective + to V,quá ... để có thể,Too diễn tả mức độ vượt giới hạn.,The file is too large to send by email.,Tệp quá lớn để gửi qua email.,CONJUNCTIONS,2,"{""title"": ""too + adjective + to V"", ""toeic_part"": ""5"", ""tags"": ""toeic-high,part5,part6,connector""}",5324ebf687769f8ce5d675ae69483ef45d934d46
pattern-123,SENTENCE_PATTERN,adjective + enough + to V,đủ ... để,Enough đứng sau adjective.,The room is large enough to accommodate 100 guests.,Căn phòng đủ lớn để chứa 100 khách.,CONJUNCTIONS,2,"{""title"": ""adjective + enough + to V"", ""toeic_part"": ""5"", ""tags"": ""toeic-high,part5,part6,connector""}",7bdc386fcb77b9468b7a55af5805ecd60b061c0c
pattern-124,SENTENCE_PATTERN,once + S + V,một khi/ngay khi,Once nối mệnh đề thời gian/điều kiện.,"Once payment is received, your order will be processed.","Ngay khi nhận được thanh toán, đơn hàng sẽ được xử lý.",CONJUNCTIONS,2,"{""title"": ""once + clause"", ""toeic_part"": ""5"", ""tags"": ""toeic-high,part5,part6,connector""}",7d12f86b418ca14a7483b867d28b4d9138a9f609
pattern-125,SENTENCE_PATTERN,until + S + V,cho đến khi,Until theo sau mệnh đề hoặc noun phrase tùy cấu trúc.,Please wait until the confirmation email arrives.,Vui lòng đợi cho đến khi email xác nhận đến.,CONJUNCTIONS,2,"{""title"": ""until + clause"", ""toeic_part"": ""5"", ""tags"": ""toeic-high,part5,part6,connector""}",07939d9be5137aa7cae9694e2c386603ac8cfcc6
pattern-126,SENTENCE_PATTERN,before + V-ing,trước khi làm gì,Khi chủ ngữ được hiểu giống nhau có thể dùng before + V-ing.,Please check the details before submitting the form.,Vui lòng kiểm tra chi tiết trước khi nộp biểu mẫu.,CONJUNCTIONS,2,"{""title"": ""before + V-ing"", ""toeic_part"": ""5"", ""tags"": ""toeic-high,part5,part6,connector""}",ec637a419f821f8da329bde2acde1a2a384fdb9d
pattern-127,SENTENCE_PATTERN,after + V-ing,sau khi làm gì,After là giới từ khi theo sau V-ing.,"After completing the survey, click Submit.","Sau khi hoàn thành khảo sát, hãy bấm Gửi.",CONJUNCTIONS,2,"{""title"": ""after + V-ing"", ""toeic_part"": ""5"", ""tags"": ""toeic-high,part5,part6,connector""}",7909a8649e8bcd63d4dbf48312a2a50cfb1231d2
pattern-128,SENTENCE_PATTERN,while + V-ing,trong khi đang làm,Rút gọn mệnh đề khi cùng chủ ngữ.,Please keep the receipt while traveling.,Vui lòng giữ hóa đơn khi đi lại.,CONJUNCTIONS,2,"{""title"": ""while + V-ing"", ""toeic_part"": ""5"", ""tags"": ""toeic-high,part5,part6,connector""}",38d0b30a6ddb23c71d456425a7764819af709a36
pattern-129,SENTENCE_PATTERN,during + N,trong suốt + danh từ,"During là giới từ và phải theo sau noun phrase, không phải clause.",Phones must be turned off during the presentation.,Điện thoại phải được tắt trong buổi thuyết trình.,CONJUNCTIONS,2,"{""title"": ""during + noun"", ""toeic_part"": ""5"", ""tags"": ""toeic-high,part5,part6,connector""}",92a1efa060feed7abfcaf6648d8f9bc295d7f39f
pattern-130,SENTENCE_PATTERN,since + S + V,kể từ khi + mệnh đề,Since có thể là liên từ nối mệnh đề và thường kết hợp hiện tại hoàn thành.,Performance has improved since the new manager arrived.,Hiệu suất đã cải thiện kể từ khi quản lý mới đến.,CONJUNCTIONS,2,"{""title"": ""since + clause"", ""toeic_part"": ""5"", ""tags"": ""toeic-high,part5,part6,connector""}",434ace39193fe819dc05a72b43b31e8938c6e181
pattern-131,SENTENCE_PATTERN,verb + that + clause,động từ + rằng + mệnh đề,Report/announce/confirm/indicate + that-clause rất phổ biến trong business English.,The report indicates that demand is increasing.,Báo cáo cho thấy nhu cầu đang tăng.,NOUN_CLAUSES,3,"{""title"": ""that-clause after reporting verb"", ""toeic_part"": ""5"", ""tags"": ""toeic-high,part5,part6,advanced""}",b37cefe9593c6e5788057d3119fe75481daa03c0
pattern-132,SENTENCE_PATTERN,verb + whether/if + clause,liệu ...,Dùng sau ask/confirm/check/know để nêu câu hỏi gián tiếp yes/no.,Please check whether the invoice has been paid.,Vui lòng kiểm tra xem hóa đơn đã được thanh toán chưa.,NOUN_CLAUSES,3,"{""title"": ""whether/if clause"", ""toeic_part"": ""5"", ""tags"": ""toeic-high,part5,part6,advanced""}",7ce4017e7260167504de20af57b6fb7492a27b1d
pattern-133,SENTENCE_PATTERN,verb + what/when/where/how + clause,mệnh đề nghi vấn gián tiếp,"Trong câu hỏi gián tiếp giữ trật tự S + V, không đảo trợ động từ.",Please tell us when the shipment will arrive.,Vui lòng cho chúng tôi biết khi nào lô hàng sẽ đến.,NOUN_CLAUSES,3,"{""title"": ""wh-clause as object"", ""toeic_part"": ""5"", ""tags"": ""toeic-high,part5,part6,advanced""}",dcf64d6a41663d7e0051db36c497f65fcda6a5d5
pattern-134,SENTENCE_PATTERN,what + S + V,điều mà/cái mà,What có thể tạo noun clause và bao gồm nghĩa the thing that.,What customers value most is reliable service.,Điều khách hàng coi trọng nhất là dịch vụ đáng tin cậy.,NOUN_CLAUSES,3,"{""title"": ""what + clause"", ""toeic_part"": ""5"", ""tags"": ""toeic-high,part5,part6,advanced""}",6bb5b36308da2ec612074e97770edca9fe09cd8f
pattern-135,SENTENCE_PATTERN,the fact that + clause,thực tế rằng,Cụm danh từ theo sau bởi that-clause.,The fact that sales increased surprised the analysts.,Việc doanh số tăng đã khiến các nhà phân tích ngạc nhiên.,NOUN_CLAUSES,3,"{""title"": ""the fact that"", ""toeic_part"": ""5"", ""tags"": ""toeic-high,part5,part6,advanced""}",ad3f1c8f617793bad8f0b2aa7986f9ee1ceab663
pattern-136,SENTENCE_PATTERN,recommend/suggest/request that + S + base V,khuyến nghị/đề nghị rằng ai nên làm,Subjunctive trong tiếng Anh Mỹ trang trọng: động từ nguyên mẫu sau that.,The manager recommended that every employee attend the workshop.,Quản lý khuyến nghị mọi nhân viên tham dự hội thảo.,NOUN_CLAUSES,3,"{""title"": ""recommend that + base verb"", ""toeic_part"": ""5"", ""tags"": ""toeic-high,part5,part6,advanced""}",70372ddf556a163f277ed8115c2ccef546771bd4
pattern-137,SENTENCE_PATTERN,require/insist that + S + base V,yêu cầu rằng ai phải làm,Subjunctive thường gặp trong quy định và TOEIC grammar.,The policy requires that all visitors wear badges.,Chính sách yêu cầu mọi khách tham quan đeo thẻ.,NOUN_CLAUSES,3,"{""title"": ""require that + base verb"", ""toeic_part"": ""5"", ""tags"": ""toeic-high,part5,part6,advanced""}",176f7f4985ca85fb92d0b1b74d1e621d28c95705
pattern-138,SENTENCE_PATTERN,It is essential/important that + S + base V,điều thiết yếu là ai phải làm,Formal subjunctive sau adjective of necessity.,It is essential that each form be signed.,Điều thiết yếu là mỗi biểu mẫu phải được ký.,NOUN_CLAUSES,3,"{""title"": ""it is essential that + base verb"", ""toeic_part"": ""5"", ""tags"": ""toeic-high,part5,part6,advanced""}",8ce692f6ea66321ca03e09c309bb29aa287fd404
pattern-139,SENTENCE_PATTERN,person/thing + that + clause,that trong mệnh đề quan hệ xác định,That có thể thay who/which trong mệnh đề quan hệ xác định.,The software that we purchased includes technical support.,Phần mềm chúng tôi mua bao gồm hỗ trợ kỹ thuật.,RELATIVE_CLAUSES,3,"{""title"": ""that in defining relative clause"", ""toeic_part"": ""5"", ""tags"": ""toeic-high,part5,part6,relative-clause""}",43889b2ac790692e795a345daae7098bbac25b8a
pattern-140,SENTENCE_PATTERN,person + whom + S + V,whom làm tân ngữ cho người,"Whom thường xuất hiện trong văn phong trang trọng, đặc biệt sau giới từ.",The consultant whom we hired starts Monday.,Chuyên gia tư vấn chúng tôi thuê bắt đầu làm vào thứ Hai.,RELATIVE_CLAUSES,3,"{""title"": ""whom as object"", ""toeic_part"": ""5"", ""tags"": ""toeic-high,part5,part6,relative-clause""}",d1fb67b5697bcbf843bb53c4a20f1228e5a1b830
pattern-141,SENTENCE_PATTERN,preposition + which + clause,giới từ + which,Cấu trúc trang trọng cho vật/sự việc.,The method by which the data were collected is reliable.,Phương pháp mà dữ liệu được thu thập là đáng tin cậy.,RELATIVE_CLAUSES,3,"{""title"": ""preposition + which"", ""toeic_part"": ""5"", ""tags"": ""toeic-high,part5,part6,relative-clause""}",2824b56cc3481b45a4244638b505c058f61132c7
pattern-142,SENTENCE_PATTERN,preposition + whom + clause,giới từ + whom,Cấu trúc trang trọng khi tiền tố là người.,The manager to whom you spoke will contact you.,Người quản lý mà bạn đã nói chuyện sẽ liên hệ với bạn.,RELATIVE_CLAUSES,3,"{""title"": ""preposition + whom"", ""toeic_part"": ""5"", ""tags"": ""toeic-high,part5,part6,relative-clause""}",ef6ca0041eafbf1847ee5bea20588821fa1dc4f9
pattern-143,SENTENCE_PATTERN,noun + V-ing ...,mệnh đề quan hệ rút gọn chủ động,"Khi noun thực hiện hành động, who/which + be có thể rút gọn thành V-ing trong nhiều cấu trúc.",Employees working remotely must complete the survey.,Nhân viên làm việc từ xa phải hoàn thành khảo sát.,RELATIVE_CLAUSES,3,"{""title"": ""reduced active relative clause"", ""toeic_part"": ""5"", ""tags"": ""toeic-high,part5,part6,relative-clause""}",472ca4938ff82fc094ea7c79a8d38430ea06903b
pattern-144,SENTENCE_PATTERN,noun + past participle ...,mệnh đề quan hệ rút gọn bị động,Noun nhận hành động → dùng past participle.,Products purchased online can be returned by mail.,Sản phẩm mua trực tuyến có thể được trả qua bưu điện.,RELATIVE_CLAUSES,3,"{""title"": ""reduced passive relative clause"", ""toeic_part"": ""5"", ""tags"": ""toeic-high,part5,part6,relative-clause""}",28c12c94be3c0f9e229ddc5249229ed6a7f5bb79
pattern-145,SENTENCE_PATTERN,"clause/noun, which + clause",which trong mệnh đề không xác định,Có dấu phẩy và cung cấp thông tin bổ sung.,"The event was postponed, which surprised many attendees.","Sự kiện bị hoãn, điều này khiến nhiều người tham dự ngạc nhiên.",RELATIVE_CLAUSES,3,"{""title"": ""non-defining which"", ""toeic_part"": ""5"", ""tags"": ""toeic-high,part5,part6,relative-clause""}",263814d0fc1b76f4d2a27b1cae55d4a28c6db535
pattern-146,SENTENCE_PATTERN,"If + had V3, would have V3",điều kiện không có thật trong quá khứ,Dùng để nói kết quả giả định trái với quá khứ.,"If we had received the notice earlier, we would have responded sooner.","Nếu nhận được thông báo sớm hơn, chúng tôi đã phản hồi sớm hơn.",CONDITIONALS,3,"{""title"": ""Third conditional"", ""toeic_part"": ""5"", ""tags"": ""toeic-medium,grammar""}",03e8cc94e3d58afc509fb93b2dd876f79ade9041
pattern-147,SENTENCE_PATTERN,"If + present, imperative",nếu ... thì hãy ...,Mệnh đề chính có thể là mệnh lệnh.,"If you have questions, contact customer service.","Nếu có câu hỏi, hãy liên hệ dịch vụ khách hàng.",CONDITIONALS,3,"{""title"": ""if + imperative"", ""toeic_part"": ""5"", ""tags"": ""toeic-medium,grammar""}",1ab86c13f3eba010ee4dac4f8ce9663f4e1c553c
pattern-148,SENTENCE_PATTERN,in case + S + V,phòng trường hợp,Dùng để nói biện pháp chuẩn bị cho khả năng xảy ra.,Keep a copy of the receipt in case you need a refund.,Hãy giữ bản sao hóa đơn phòng khi bạn cần hoàn tiền.,CONDITIONALS,3,"{""title"": ""in case + clause"", ""toeic_part"": ""5"", ""tags"": ""toeic-medium,grammar""}",bfd1798b73654f4f883990fb6b3992ebc7dc4823
pattern-149,SENTENCE_PATTERN,less + adjective/adverb + than,ít/kém ... hơn,So sánh kém hơn với less ... than.,The revised process is less complicated than the old one.,Quy trình sửa đổi ít phức tạp hơn quy trình cũ.,COMPARATIVES,2,"{""title"": ""less ... than"", ""toeic_part"": ""5"", ""tags"": ""toeic-high,part5,word-form""}",c14fa0801f03ac31c4238c0d81ed53a26719971c
pattern-150,SENTENCE_PATTERN,the most + adjective,... nhất,Superlative với tính từ dài.,This is the most efficient option available.,Đây là lựa chọn hiệu quả nhất hiện có.,COMPARATIVES,2,"{""title"": ""the most + adjective"", ""toeic_part"": ""5"", ""tags"": ""toeic-high,part5,word-form""}",288aebf7464d6144f1d63c75f8d74d2e8fbc1914
pattern-151,SENTENCE_PATTERN,one of the most + adjective + plural noun,một trong những ... nhất,Sau one of the most + adjective dùng danh từ số nhiều.,It is one of the most popular products in the catalog.,Đây là một trong những sản phẩm phổ biến nhất trong danh mục.,COMPARATIVES,2,"{""title"": ""one of the most + plural noun"", ""toeic_part"": ""5"", ""tags"": ""toeic-high,part5,word-form""}",cd82640480064a7717b168046b0d203c6f5b4ad7
pattern-152,SENTENCE_PATTERN,twice as + adjective/adverb + as,gấp đôi ...,Mẫu so sánh theo bội số.,The new printer is twice as fast as the old model.,Máy in mới nhanh gấp đôi mẫu cũ.,COMPARATIVES,2,"{""title"": ""twice as ... as"", ""toeic_part"": ""5"", ""tags"": ""toeic-high,part5,word-form""}",9ec62a85603512623001800ea4cfc9deac2d390d
pattern-153,SENTENCE_PATTERN,increasingly + adjective,ngày càng ...,Increasingly là trạng từ bổ nghĩa tính từ/trạng từ.,Online booking is becoming increasingly popular.,Đặt chỗ trực tuyến ngày càng phổ biến.,COMPARATIVES,2,"{""title"": ""increasingly + adjective"", ""toeic_part"": ""5"", ""tags"": ""toeic-high,part5,word-form""}",144ec725160a5530a7fd015169351f1b63d47e11
pattern-154,SENTENCE_PATTERN,a/an + singular countable noun,một + danh từ đếm được số ít,Dùng a/an khi nói một đối tượng chưa xác định.,We need an estimate before making a decision.,Chúng tôi cần một bản ước tính trước khi quyết định.,DETERMINERS,2,"{""title"": ""a/an + singular countable noun"", ""toeic_part"": ""5"", ""tags"": ""toeic-high,part5,grammar""}",508fc2096141bfb92a80bb8865c0eb13fe2ff504
pattern-155,SENTENCE_PATTERN,the + specific/known noun,mạo từ xác định,Dùng the khi người đọc/nghe biết đối tượng cụ thể.,Please sign the document attached to this email.,Vui lòng ký tài liệu đính kèm email này.,DETERMINERS,2,"{""title"": ""the + specific noun"", ""toeic_part"": ""5"", ""tags"": ""toeic-high,part5,grammar""}",9b41af54728f253ae529fca81b94e4e7ec1d8e17
pattern-156,SENTENCE_PATTERN,another + singular countable noun,một ... khác nữa,Another đi với danh từ đếm được số ít.,We need another copy of the contract.,Chúng tôi cần thêm một bản hợp đồng khác.,DETERMINERS,2,"{""title"": ""another + singular noun"", ""toeic_part"": ""5"", ""tags"": ""toeic-high,part5,grammar""}",dab19d0d33e4b2ab2095b162eb842849af834a50
pattern-157,SENTENCE_PATTERN,other + plural noun,những ... khác,Other làm determiner trước danh từ số nhiều/không đếm được.,Other employees will join the training next week.,Các nhân viên khác sẽ tham gia đào tạo vào tuần tới.,DETERMINERS,2,"{""title"": ""other + plural noun"", ""toeic_part"": ""5"", ""tags"": ""toeic-high,part5,grammar""}",cb8c1ccd1137d962c139e8d7fda989edc50a4858
pattern-158,SENTENCE_PATTERN,others,những người/vật khác,"Others là đại từ, không theo sau trực tiếp bởi noun.",Some participants arrived early; others came later.,Một số người tham dự đến sớm; những người khác đến sau.,DETERMINERS,2,"{""title"": ""others without noun"", ""toeic_part"": ""5"", ""tags"": ""toeic-high,part5,grammar""}",0f47e9c366aebeca27752cd5a34d8deeed54e128
pattern-159,SENTENCE_PATTERN,the other + singular noun,cái/người còn lại trong hai,Dùng khi nói đối tượng còn lại trong một cặp/nhóm đã xác định.,One elevator is in service; the other elevator is being repaired.,Một thang máy đang hoạt động; thang còn lại đang được sửa.,DETERMINERS,2,"{""title"": ""the other + singular noun"", ""toeic_part"": ""5"", ""tags"": ""toeic-high,part5,grammar""}",6dac3dd6def3e236755adedd7090a503b6c04768
pattern-160,SENTENCE_PATTERN,many + plural countable noun,nhiều + danh từ đếm được,Many dùng với danh từ đếm được số nhiều.,Many customers prefer digital receipts.,Nhiều khách hàng thích hóa đơn điện tử.,DETERMINERS,2,"{""title"": ""many + plural noun"", ""toeic_part"": ""5"", ""tags"": ""toeic-high,part5,grammar""}",1fd6cbd7dcd1b3508598e6a1ba6247e6a0ecde7a
pattern-161,SENTENCE_PATTERN,much + uncountable noun,nhiều + danh từ không đếm được,"Much dùng với uncountable nouns, thường trong phủ định/câu hỏi hoặc văn phong trang trọng.",The project did not require much additional equipment.,Dự án không cần nhiều thiết bị bổ sung.,DETERMINERS,2,"{""title"": ""much + uncountable noun"", ""toeic_part"": ""5"", ""tags"": ""toeic-high,part5,grammar""}",9957845c57a6b29cc4a2d6b67c0781290c0405f8
pattern-162,SENTENCE_PATTERN,a few + plural countable noun,một vài (có đủ/ý tích cực),A few = một số ít nhưng có.,A few seats are still available.,Vẫn còn một vài chỗ trống.,DETERMINERS,2,"{""title"": ""a few + plural noun"", ""toeic_part"": ""5"", ""tags"": ""toeic-high,part5,grammar""}",d8e6f0dac5c9d0fca47ef8880cc64668427bd948
pattern-163,SENTENCE_PATTERN,a little + uncountable noun,một ít,A little dùng với danh từ không đếm được.,We still have a little time before the meeting.,Chúng ta vẫn còn một ít thời gian trước cuộc họp.,DETERMINERS,2,"{""title"": ""a little + uncountable noun"", ""toeic_part"": ""5"", ""tags"": ""toeic-high,part5,grammar""}",f7972a27e8279bce1d6caa31a6dcc128dc23a72b
pattern-164,SENTENCE_PATTERN,fewer + plural countable noun,ít hơn + danh từ đếm được,Fewer dùng với countable plural.,The new process requires fewer steps.,Quy trình mới cần ít bước hơn.,DETERMINERS,2,"{""title"": ""fewer + plural countable noun"", ""toeic_part"": ""5"", ""tags"": ""toeic-high,part5,grammar""}",be964064c474f22c98fc719e29ae0b8fc363428e
pattern-165,SENTENCE_PATTERN,less + uncountable noun,ít hơn + danh từ không đếm được,Less dùng với uncountable nouns.,The new model uses less energy.,Mẫu mới sử dụng ít năng lượng hơn.,DETERMINERS,2,"{""title"": ""less + uncountable noun"", ""toeic_part"": ""5"", ""tags"": ""toeic-high,part5,grammar""}",0ceca85a6e1aadd0b994fe9973101915307dc35e
pattern-166,SENTENCE_PATTERN,the number of + plural countable noun,số lượng + danh từ đếm được,Number đi với danh từ đếm được.,The number of applications has doubled.,Số lượng đơn đăng ký đã tăng gấp đôi.,DETERMINERS,2,"{""title"": ""number of + countable"", ""toeic_part"": ""5"", ""tags"": ""toeic-high,part5,grammar""}",84a05580ef0262c282f94ef0c132e90ba1ef0471
pattern-167,SENTENCE_PATTERN,the amount of + uncountable noun,lượng + danh từ không đếm được,Amount đi với uncountable nouns.,The amount of information available online is enormous.,Lượng thông tin có trên mạng là rất lớn.,DETERMINERS,2,"{""title"": ""amount of + uncountable"", ""toeic_part"": ""5"", ""tags"": ""toeic-high,part5,grammar""}",e1f4741dcecc2929e55e64aa031c9579496fa992
pattern-168,SENTENCE_PATTERN,most of + the/these/my/us/them...,hầu hết trong số,Most of cần of khi theo sau là determiner/pronoun cụ thể.,Most of the applicants met the requirements.,Hầu hết ứng viên đáp ứng yêu cầu.,DETERMINERS,2,"{""title"": ""most of + determiner/pronoun"", ""toeic_part"": ""5"", ""tags"": ""toeic-high,part5,grammar""}",9a31df4c3c48fefe880717ef3fc3a9c89d4623d9
pattern-169,SENTENCE_PATTERN,in response to + N,để phản hồi / đáp lại,Cụm mở đầu email/thư công việc rất thường gặp.,I am writing in response to your inquiry.,Tôi viết thư để phản hồi yêu cầu của bạn.,BUSINESS_FIXED,2,"{""title"": ""in response to"", ""toeic_part"": ""5"", ""tags"": ""toeic-high,business,daily-high,part5,part6,part7""}",4251f8ca5f4622121580bfa7910605f49b76f00c
pattern-170,SENTENCE_PATTERN,with regard to + N,liên quan đến,Cụm trang trọng trong correspondence.,Please contact us with regard to any billing questions.,Vui lòng liên hệ chúng tôi về mọi câu hỏi thanh toán.,BUSINESS_FIXED,2,"{""title"": ""with regard to"", ""toeic_part"": ""5"", ""tags"": ""toeic-high,business,daily-high,part5,part6,part7""}",c6b90c9504a3bee20bc3b9b091bfcd76e1f0c817
pattern-171,SENTENCE_PATTERN,in accordance with + N,phù hợp/tuân theo,"Thường gặp trong policy, regulation, contract.",All refunds are processed in accordance with company policy.,Mọi khoản hoàn tiền được xử lý theo chính sách công ty.,BUSINESS_FIXED,2,"{""title"": ""in accordance with"", ""toeic_part"": ""5"", ""tags"": ""toeic-high,business,daily-high,part5,part6,part7""}",c7c539f8bca8026631c9859e60d369f42bd43689
pattern-172,SENTENCE_PATTERN,in addition to + N/V-ing,ngoài ... ra / thêm vào,To là giới từ nên sau đó là N/V-ing.,"In addition to reducing costs, the change will save time.","Ngoài việc giảm chi phí, thay đổi này còn tiết kiệm thời gian.",BUSINESS_FIXED,2,"{""title"": ""in addition to"", ""toeic_part"": ""5"", ""tags"": ""toeic-high,business,daily-high,part5,part6,part7""}",984e116276509dab9ef5351359e5d67cf0c3588f
pattern-173,SENTENCE_PATTERN,in terms of + N,xét về / về mặt,Dùng để giới hạn khía cạnh đang nói.,The two plans differ in terms of price.,Hai gói khác nhau về giá.,BUSINESS_FIXED,2,"{""title"": ""in terms of"", ""toeic_part"": ""5"", ""tags"": ""toeic-high,business,daily-high,part5,part6,part7""}",cb2737af4d5ce398783e76328ed1c0b9082fd816
pattern-174,SENTENCE_PATTERN,as a result of + N,do / là kết quả của,Cụm giới từ chỉ nguyên nhân.,Several flights were delayed as a result of bad weather.,Một số chuyến bay bị chậm do thời tiết xấu.,BUSINESS_FIXED,2,"{""title"": ""as a result of"", ""toeic_part"": ""5"", ""tags"": ""toeic-high,business,daily-high,part5,part6,part7""}",af12b7c323e64b8803db4fc89e5bdbb480407655
pattern-175,SENTENCE_PATTERN,in the event of + N,trong trường hợp xảy ra,Cụm thường gặp trong safety instructions/policies.,Use the emergency exit in the event of a fire.,Hãy dùng lối thoát hiểm trong trường hợp hỏa hoạn.,BUSINESS_FIXED,2,"{""title"": ""in the event of"", ""toeic_part"": ""5"", ""tags"": ""toeic-high,business,daily-high,part5,part6,part7""}",98e390c8f793fa987414c9d6e28ff0f254197888
pattern-176,SENTENCE_PATTERN,upon + V-ing/N,ngay khi / sau khi,Upon là giới từ; cấu trúc trang trọng trong hướng dẫn/thông báo.,"Upon receiving payment, we will issue a receipt.","Ngay khi nhận thanh toán, chúng tôi sẽ xuất biên lai.",BUSINESS_FIXED,2,"{""title"": ""upon + V-ing"", ""toeic_part"": ""5"", ""tags"": ""toeic-high,business,daily-high,part5,part6,part7""}",48e00a54c669f0b58751036b045a882476aae782
pattern-177,SENTENCE_PATTERN,by the time + clause,đến khi / vào lúc,Thường kết hợp perfect tense tùy mốc thời gian.,"By the time the guests arrived, the staff had prepared the room.","Đến khi khách đến, nhân viên đã chuẩn bị phòng xong.",BUSINESS_FIXED,2,"{""title"": ""by the time"", ""toeic_part"": ""5"", ""tags"": ""toeic-high,business,daily-high,part5,part6,part7""}",144dc22b1e26bf131a2b4dac0590ba04a27198d5
pattern-178,SENTENCE_PATTERN,within + period,trong vòng,Within chỉ giới hạn thời gian từ hiện tại/mốc nêu.,We will respond within two business days.,Chúng tôi sẽ phản hồi trong vòng hai ngày làm việc.,BUSINESS_FIXED,2,"{""title"": ""within + time period"", ""toeic_part"": ""5"", ""tags"": ""toeic-high,business,daily-high,part5,part6,part7""}",e13c64f17a0ac77c3b6edf358a50da44bba12568
pattern-179,SENTENCE_PATTERN,effective as of + date,có hiệu lực kể từ,Cụm thường gặp trong policy/notice.,The new fee will be effective as of September 1.,Mức phí mới sẽ có hiệu lực từ ngày 1 tháng 9.,BUSINESS_FIXED,2,"{""title"": ""effective as of"", ""toeic_part"": ""5"", ""tags"": ""toeic-high,business,daily-high,part5,part6,part7""}",945dc2de95f0f986765d9d52cd41ba80027e14f0
pattern-180,SENTENCE_PATTERN,be pleased to + V,hân hạnh/vui mừng làm gì,Cụm email/thông báo lịch sự.,We are pleased to announce the opening of our new branch.,Chúng tôi hân hạnh thông báo khai trương chi nhánh mới.,BUSINESS_FIXED,2,"{""title"": ""be pleased to"", ""toeic_part"": ""5"", ""tags"": ""toeic-high,business,daily-high,part5,part6,part7""}",4726493ad36de0c0e0e3e05ae28151e279d043bb
pattern-181,SENTENCE_PATTERN,would like to + V,muốn / xin được,Cách lịch sự để diễn đạt mong muốn.,I would like to schedule a meeting for Tuesday.,Tôi muốn sắp xếp một cuộc họp vào thứ Ba.,BUSINESS_FIXED,2,"{""title"": ""would like to"", ""toeic_part"": ""5"", ""tags"": ""toeic-high,business,daily-high,part5,part6,part7""}",0dbe21bb84a39c8f0f413b75fce21c9babbd587b
pattern-182,SENTENCE_PATTERN,Please be advised that + clause,xin lưu ý rằng,Cụm trang trọng trong notice/email.,Please be advised that the office will close early on Friday.,Xin lưu ý rằng văn phòng sẽ đóng cửa sớm vào thứ Sáu.,BUSINESS_FIXED,2,"{""title"": ""please be advised that"", ""toeic_part"": ""5"", ""tags"": ""toeic-high,business,daily-high,part5,part6,part7""}",3fe37330db896322f6d560c9df358bb598b88ef0
pattern-183,SENTENCE_PATTERN,feel free to + V,cứ tự nhiên/đừng ngại làm gì,Cụm lịch sự trong giao tiếp và email.,Please feel free to contact us with any questions.,Vui lòng cứ liên hệ nếu bạn có câu hỏi.,BUSINESS_FIXED,2,"{""title"": ""feel free to"", ""toeic_part"": ""5"", ""tags"": ""toeic-high,business,daily-high,part5,part6,part7""}",122473ff335eb773d628e20460d19c9a049ce0de
pattern-184,SENTENCE_PATTERN,take advantage of + N,tận dụng,Collocation thường gặp trong quảng cáo/benefits.,Members can take advantage of discounted rates.,Thành viên có thể tận dụng mức giá ưu đãi.,BUSINESS_FIXED,2,"{""title"": ""take advantage of"", ""toeic_part"": ""5"", ""tags"": ""toeic-high,business,daily-high,part5,part6,part7""}",d84899ab89da097728eb04107d586b97860850c6
pattern-185,SENTENCE_PATTERN,make sure that + clause,đảm bảo rằng,Cụm chỉ dẫn rất phổ biến.,Please make sure that all fields are complete.,Vui lòng đảm bảo mọi trường đã được điền đầy đủ.,BUSINESS_FIXED,2,"{""title"": ""make sure that"", ""toeic_part"": ""5"", ""tags"": ""toeic-high,business,daily-high,part5,part6,part7""}",dba5c895656ca9ae6c9216b63e42545fe233723d
pattern-186,SENTENCE_PATTERN,ensure that + clause,đảm bảo rằng,"Ensure là transitive verb, không cần “of”.",Please ensure that the door is locked before leaving.,Vui lòng đảm bảo cửa đã khóa trước khi rời đi.,BUSINESS_FIXED,2,"{""title"": ""ensure that"", ""toeic_part"": ""5"", ""tags"": ""toeic-high,business,daily-high,part5,part6,part7""}",5862f23f5c32bef817e3ad8c7f0ea1fe094ceca7
pattern-187,SENTENCE_PATTERN,be supposed to + V,được dự kiến/phải làm,Dùng cho nghĩa vụ hoặc điều được mong đợi.,Employees are supposed to update their passwords regularly.,Nhân viên được yêu cầu cập nhật mật khẩu thường xuyên.,BUSINESS_FIXED,2,"{""title"": ""be supposed to"", ""toeic_part"": ""5"", ""tags"": ""toeic-high,business,daily-high,part5,part6,part7""}",e26a8bac19d6854eabc6c0f234f4414d7c442683
pattern-188,SENTENCE_PATTERN,be due to + V,dự kiến sẽ làm,Không nhầm với due to + N = bởi vì.,The shipment is due to arrive on Thursday.,Lô hàng dự kiến đến vào thứ Năm.,BUSINESS_FIXED,2,"{""title"": ""be due to do"", ""toeic_part"": ""5"", ""tags"": ""toeic-high,business,daily-high,part5,part6,part7""}",727f47d80fa62008db368285f77d8e8aa1f7ff36
pattern-189,SENTENCE_PATTERN,at least + number/amount,ít nhất,Dùng nêu mức tối thiểu.,Please arrive at least fifteen minutes early.,Vui lòng đến sớm ít nhất mười lăm phút.,BUSINESS_FIXED,2,"{""title"": ""at least"", ""toeic_part"": ""5"", ""tags"": ""toeic-high,business,daily-high,part5,part6,part7""}",cb6442ea32c6a860e6064dfcd9695936c168cc9d
pattern-190,SENTENCE_PATTERN,at most + number/amount,nhiều nhất,Dùng nêu giới hạn tối đa.,The repair should take at most two hours.,Việc sửa chữa sẽ mất nhiều nhất hai giờ.,BUSINESS_FIXED,2,"{""title"": ""at most"", ""toeic_part"": ""5"", ""tags"": ""toeic-high,business,daily-high,part5,part6,part7""}",0be44d89984104d1e30f50e201d0aafefa435936
pattern-191,SENTENCE_PATTERN,no more than + amount,không quá,Tương đương at most.,The presentation should last no more than twenty minutes.,Bài thuyết trình không nên kéo dài quá hai mươi phút.,BUSINESS_FIXED,2,"{""title"": ""no more than"", ""toeic_part"": ""5"", ""tags"": ""toeic-high,business,daily-high,part5,part6,part7""}",dc57e3a8055d60bc5dbb3798e1dd594f6e23d683
pattern-192,SENTENCE_PATTERN,no fewer than + plural countable noun/number,không ít hơn,Dùng với số lượng đếm được.,No fewer than fifty applicants attended the session.,Không ít hơn năm mươi ứng viên đã tham dự buổi này.,BUSINESS_FIXED,2,"{""title"": ""no fewer than"", ""toeic_part"": ""5"", ""tags"": ""toeic-high,business,daily-high,part5,part6,part7""}",ee6e651d6a6c1becaad193300e3e7b5dc9d34389
pattern-193,SENTENCE_PATTERN,be available to + V,sẵn sàng/có thể làm,Available to + verb khi nói người/nguồn lực có thể thực hiện.,A representative is available to answer your questions.,Có đại diện sẵn sàng trả lời câu hỏi của bạn.,BUSINESS_FIXED,2,"{""title"": ""be available to do"", ""toeic_part"": ""5"", ""tags"": ""toeic-high,business,daily-high,part5,part6,part7""}",2564e347a5026f35b9f19224ecc4cbc815775601
paraphrase-001,PARAPHRASE,buy,purchase,Paraphrase pair for reading/listening recognition.,"""buy"" can often be paraphrased as ""purchase"" in a suitable context.",,Paraphrase,B1,"{""note"": ""Not always interchangeable in every context.""}",fcba94564a2f3f7bbf3c77271caa628a04793cf5
paraphrase-002,PARAPHRASE,cheap,inexpensive,Paraphrase pair for reading/listening recognition.,"""cheap"" can often be paraphrased as ""inexpensive"" in a suitable context.",,Paraphrase,B1,"{""note"": ""Not always interchangeable in every context.""}",e4d60357be72cf06b1ce897f820f69f3219ebef1
paraphrase-003,PARAPHRASE,delay,postpone,Paraphrase pair for reading/listening recognition.,"""delay"" can often be paraphrased as ""postpone"" in a suitable context.",,Paraphrase,B1,"{""note"": ""Not always interchangeable in every context.""}",b5438e579e33e00542f2a879c974c19986b9e372
paraphrase-004,PARAPHRASE,near,close to,Paraphrase pair for reading/listening recognition.,"""near"" can often be paraphrased as ""close to"" in a suitable context.",,Paraphrase,B1,"{""note"": ""Not always interchangeable in every context.""}",59fb1a924d7f025c38a20edefcca023abf281645
paraphrase-005,PARAPHRASE,because,due to,Paraphrase pair for reading/listening recognition.,"""because"" can often be paraphrased as ""due to"" in a suitable context.",,Paraphrase,B1,"{""note"": ""Not always interchangeable in every context.""}",a25ff259e5f8046bf3d4adf9d799fc301771a8e0
paraphrase-006,PARAPHRASE,increase,rise,Paraphrase pair for reading/listening recognition.,"""increase"" can often be paraphrased as ""rise"" in a suitable context.",,Paraphrase,B1,"{""note"": ""Not always interchangeable in every context.""}",14cc79f56f10ad3fa72a3c20eb5692ae33b19354
paraphrase-007,PARAPHRASE,cancel,call off,Paraphrase pair for reading/listening recognition.,"""cancel"" can often be paraphrased as ""call off"" in a suitable context.",,Paraphrase,B1,"{""note"": ""Not always interchangeable in every context.""}",5ec7ff790c0b0b779cbb7e0d87a71ef61ac9baf0
paraphrase-008,PARAPHRASE,very crowded,packed,Paraphrase pair for reading/listening recognition.,"""very crowded"" can often be paraphrased as ""packed"" in a suitable context.",,Paraphrase,B1,"{""note"": ""Not always interchangeable in every context.""}",30527ef08ae132b3e428ac6862e8578b53b58738
paraphrase-009,PARAPHRASE,available,free,Paraphrase pair for reading/listening recognition.,"""available"" can often be paraphrased as ""free"" in a suitable context.",,Paraphrase,B1,"{""note"": ""Not always interchangeable in every context.""}",d99a43d40bc9db83061fa82d6124ddd392aaa75f
paraphrase-010,PARAPHRASE,job,position,Paraphrase pair for reading/listening recognition.,"""job"" can often be paraphrased as ""position"" in a suitable context.",,Paraphrase,B1,"{""note"": ""Not always interchangeable in every context.""}",21ab2f73bf2e20e66fcb7d944e192d6ac8cfa930
paraphrase-011,PARAPHRASE,help,assist,Paraphrase pair for reading/listening recognition.,"""help"" can often be paraphrased as ""assist"" in a suitable context.",,Paraphrase,B1,"{""note"": ""Not always interchangeable in every context.""}",69bb0d6cd6fceaf0f963bceb2286d6c5e5a8c4d1
paraphrase-012,PARAPHRASE,start,begin,Paraphrase pair for reading/listening recognition.,"""start"" can often be paraphrased as ""begin"" in a suitable context.",,Paraphrase,B1,"{""note"": ""Not always interchangeable in every context.""}",facf09ec2f32e7aa1f83fc1755fea1afe21ee0dc
paraphrase-013,PARAPHRASE,finish,complete,Paraphrase pair for reading/listening recognition.,"""finish"" can often be paraphrased as ""complete"" in a suitable context.",,Paraphrase,B1,"{""note"": ""Not always interchangeable in every context.""}",89f86f4c7b8b535c973e9d3fd7dd6fc2f1b39f1e
paraphrase-014,PARAPHRASE,choose,select,Paraphrase pair for reading/listening recognition.,"""choose"" can often be paraphrased as ""select"" in a suitable context.",,Paraphrase,B1,"{""note"": ""Not always interchangeable in every context.""}",9590e136b907198739e5e233ffcf71a716e38f1e
paraphrase-015,PARAPHRASE,need,require,Paraphrase pair for reading/listening recognition.,"""need"" can often be paraphrased as ""require"" in a suitable context.",,Paraphrase,B1,"{""note"": ""Not always interchangeable in every context.""}",546868ae45e573ee7d642a7bc07e610ed1256173
paraphrase-016,PARAPHRASE,show,demonstrate,Paraphrase pair for reading/listening recognition.,"""show"" can often be paraphrased as ""demonstrate"" in a suitable context.",,Paraphrase,B1,"{""note"": ""Not always interchangeable in every context.""}",83de255478d07d9e67210e644164c14588f78baf
paraphrase-017,PARAPHRASE,ask for,request,Paraphrase pair for reading/listening recognition.,"""ask for"" can often be paraphrased as ""request"" in a suitable context.",,Paraphrase,B1,"{""note"": ""Not always interchangeable in every context.""}",3cc726b22b2735bdf60d8865462d276f5e5a0482
paraphrase-018,PARAPHRASE,give,provide,Paraphrase pair for reading/listening recognition.,"""give"" can often be paraphrased as ""provide"" in a suitable context.",,Paraphrase,B1,"{""note"": ""Not always interchangeable in every context.""}",1d7a01bf8ddb206aaf1774ea056d221740690d2d
paraphrase-019,PARAPHRASE,fix,repair,Paraphrase pair for reading/listening recognition.,"""fix"" can often be paraphrased as ""repair"" in a suitable context.",,Paraphrase,B1,"{""note"": ""Not always interchangeable in every context.""}",0a019b92813d00154b1f9c015906cdd8c9cc04bf
paraphrase-020,PARAPHRASE,problem,issue,Paraphrase pair for reading/listening recognition.,"""problem"" can often be paraphrased as ""issue"" in a suitable context.",,Paraphrase,B1,"{""note"": ""Not always interchangeable in every context.""}",34407c7de1efd6c393095d28f6b9606e431ab209
paraphrase-021,PARAPHRASE,idea,suggestion,Paraphrase pair for reading/listening recognition.,"""idea"" can often be paraphrased as ""suggestion"" in a suitable context.",,Paraphrase,B1,"{""note"": ""Not always interchangeable in every context.""}",062fa1726392c9ae0e574dc846be4bf02458875b
paraphrase-022,PARAPHRASE,plan,proposal,Paraphrase pair for reading/listening recognition.,"""plan"" can often be paraphrased as ""proposal"" in a suitable context.",,Paraphrase,B1,"{""note"": ""Not always interchangeable in every context.""}",23363c00e7994714b97a62301a0c2d8200d395b6
paraphrase-023,PARAPHRASE,important,significant,Paraphrase pair for reading/listening recognition.,"""important"" can often be paraphrased as ""significant"" in a suitable context.",,Paraphrase,B1,"{""note"": ""Not always interchangeable in every context.""}",a167869bdf351a6ef918b817c3676a2d8e0edaec
paraphrase-024,PARAPHRASE,necessary,essential,Paraphrase pair for reading/listening recognition.,"""necessary"" can often be paraphrased as ""essential"" in a suitable context.",,Paraphrase,B1,"{""note"": ""Not always interchangeable in every context.""}",6c723706b2a4a8cedea5b97680e7f390a2d17e2c
paraphrase-025,PARAPHRASE,possible,feasible,Paraphrase pair for reading/listening recognition.,"""possible"" can often be paraphrased as ""feasible"" in a suitable context.",,Paraphrase,B1,"{""note"": ""Not always interchangeable in every context.""}",8e910059f29bcd7b3809b9dcb32d3082c0288474
paraphrase-026,PARAPHRASE,quick,rapid,Paraphrase pair for reading/listening recognition.,"""quick"" can often be paraphrased as ""rapid"" in a suitable context.",,Paraphrase,B1,"{""note"": ""Not always interchangeable in every context.""}",cc1c2778c6859ad4e370fa8fad86b53bc82c6fae
paraphrase-027,PARAPHRASE,careful,cautious,Paraphrase pair for reading/listening recognition.,"""careful"" can often be paraphrased as ""cautious"" in a suitable context.",,Paraphrase,B1,"{""note"": ""Not always interchangeable in every context.""}",4115d68f0a1b73906b80b912076df4bc1a0f9ddd
paraphrase-028,PARAPHRASE,correct,accurate,Paraphrase pair for reading/listening recognition.,"""correct"" can often be paraphrased as ""accurate"" in a suitable context.",,Paraphrase,B1,"{""note"": ""Not always interchangeable in every context.""}",af137f5c0a33d94f71b3fe8edc85376a6d1f4afd
paraphrase-029,PARAPHRASE,wrong,incorrect,Paraphrase pair for reading/listening recognition.,"""wrong"" can often be paraphrased as ""incorrect"" in a suitable context.",,Paraphrase,B1,"{""note"": ""Not always interchangeable in every context.""}",b7a84029ea7a4c57eac589ee63644a44d4baa1f0
paraphrase-030,PARAPHRASE,big,large,Paraphrase pair for reading/listening recognition.,"""big"" can often be paraphrased as ""large"" in a suitable context.",,Paraphrase,B1,"{""note"": ""Not always interchangeable in every context.""}",eb363cca350f9902d0725c85052b060527ec3622
paraphrase-031,PARAPHRASE,small,minor,Paraphrase pair for reading/listening recognition.,"""small"" can often be paraphrased as ""minor"" in a suitable context.",,Paraphrase,B1,"{""note"": ""Not always interchangeable in every context.""}",77c4136e63829a9d17ae55de580af1aaaa18a541
paraphrase-032,PARAPHRASE,improve,enhance,Paraphrase pair for reading/listening recognition.,"""improve"" can often be paraphrased as ""enhance"" in a suitable context.",,Paraphrase,B1,"{""note"": ""Not always interchangeable in every context.""}",60138af54b5dd6c2fd7f671a5a41c0200fc610ef
paraphrase-033,PARAPHRASE,reduce,decrease,Paraphrase pair for reading/listening recognition.,"""reduce"" can often be paraphrased as ""decrease"" in a suitable context.",,Paraphrase,B1,"{""note"": ""Not always interchangeable in every context.""}",2e46d482db47f6440b8c6bb67f4ffc5c67db994d
paraphrase-034,PARAPHRASE,change,modify,Paraphrase pair for reading/listening recognition.,"""change"" can often be paraphrased as ""modify"" in a suitable context.",,Paraphrase,B1,"{""note"": ""Not always interchangeable in every context.""}",2ac163574a04806aa430968af286aee1d3352f53
paraphrase-035,PARAPHRASE,check,verify,Paraphrase pair for reading/listening recognition.,"""check"" can often be paraphrased as ""verify"" in a suitable context.",,Paraphrase,B1,"{""note"": ""Not always interchangeable in every context.""}",6e1cc40196b74a0655d8370454d6e092e7c096cb
paraphrase-036,PARAPHRASE,tell,inform,Paraphrase pair for reading/listening recognition.,"""tell"" can often be paraphrased as ""inform"" in a suitable context.",,Paraphrase,B1,"{""note"": ""Not always interchangeable in every context.""}",17d3823e8c309bf6cae3d09741ed252990f89bfc
paraphrase-037,PARAPHRASE,join,participate in,Paraphrase pair for reading/listening recognition.,"""join"" can often be paraphrased as ""participate in"" in a suitable context.",,Paraphrase,B1,"{""note"": ""Not always interchangeable in every context.""}",3825c11c8ad38d4540936f90afa6ae7301fd8c8b
paraphrase-038,PARAPHRASE,use,make use of,Paraphrase pair for reading/listening recognition.,"""use"" can often be paraphrased as ""make use of"" in a suitable context.",,Paraphrase,B1,"{""note"": ""Not always interchangeable in every context.""}",d98ddebfca436a3d243f5fae5a1c2565b782148d
paraphrase-039,PARAPHRASE,look at,review,Paraphrase pair for reading/listening recognition.,"""look at"" can often be paraphrased as ""review"" in a suitable context.",,Paraphrase,B1,"{""note"": ""Not always interchangeable in every context.""}",bcbb5ee91b801a3ac6d05f4a800a903124706da0
paraphrase-040,PARAPHRASE,talk about,discuss,Paraphrase pair for reading/listening recognition.,"""talk about"" can often be paraphrased as ""discuss"" in a suitable context.",,Paraphrase,B1,"{""note"": ""Not always interchangeable in every context.""}",8ff13e7b59014fca65f6acc8d33b92331b9a3434
paraphrase-041,PARAPHRASE,find out,discover,Paraphrase pair for reading/listening recognition.,"""find out"" can often be paraphrased as ""discover"" in a suitable context.",,Paraphrase,B1,"{""note"": ""Not always interchangeable in every context.""}",eb30eabf7aa5f61a920f75d95639d03ce8e91b0b
paraphrase-042,PARAPHRASE,think about,consider,Paraphrase pair for reading/listening recognition.,"""think about"" can often be paraphrased as ""consider"" in a suitable context.",,Paraphrase,B1,"{""note"": ""Not always interchangeable in every context.""}",c62716724489320f6addaee26be394564950b55d
paraphrase-043,PARAPHRASE,deal with,handle,Paraphrase pair for reading/listening recognition.,"""deal with"" can often be paraphrased as ""handle"" in a suitable context.",,Paraphrase,B1,"{""note"": ""Not always interchangeable in every context.""}",67e49857429d0788f30b5427f7da2fb416fa6266
paraphrase-044,PARAPHRASE,put off,postpone,Paraphrase pair for reading/listening recognition.,"""put off"" can often be paraphrased as ""postpone"" in a suitable context.",,Paraphrase,B1,"{""note"": ""Not always interchangeable in every context.""}",62fdf0b8893a67ae32c99d2bdd12bd06b1d8f10d
paraphrase-045,PARAPHRASE,set up,arrange,Paraphrase pair for reading/listening recognition.,"""set up"" can often be paraphrased as ""arrange"" in a suitable context.",,Paraphrase,B1,"{""note"": ""Not always interchangeable in every context.""}",a3554be26b1ceaa79d40a95cb3bbd14279d51fdc
paraphrase-046,PARAPHRASE,go up,increase,Paraphrase pair for reading/listening recognition.,"""go up"" can often be paraphrased as ""increase"" in a suitable context.",,Paraphrase,B1,"{""note"": ""Not always interchangeable in every context.""}",7f9cde68d2e10f4dbd3169a3a67774ff1d893546
paraphrase-047,PARAPHRASE,go down,decrease,Paraphrase pair for reading/listening recognition.,"""go down"" can often be paraphrased as ""decrease"" in a suitable context.",,Paraphrase,B1,"{""note"": ""Not always interchangeable in every context.""}",8ee55beb0ad417cba4a89876fd0738af65e466aa
paraphrase-048,PARAPHRASE,work together,collaborate,Paraphrase pair for reading/listening recognition.,"""work together"" can often be paraphrased as ""collaborate"" in a suitable context.",,Paraphrase,B1,"{""note"": ""Not always interchangeable in every context.""}",b387c5aa2a4fb05d7c9a7b852c5d21c3eaddb07a
paraphrase-049,PARAPHRASE,look for,search for,Paraphrase pair for reading/listening recognition.,"""look for"" can often be paraphrased as ""search for"" in a suitable context.",,Paraphrase,B1,"{""note"": ""Not always interchangeable in every context.""}",199cb322741820708037b0ef3ea6c320f8b8a851
paraphrase-050,PARAPHRASE,keep,maintain,Paraphrase pair for reading/listening recognition.,"""keep"" can often be paraphrased as ""maintain"" in a suitable context.",,Paraphrase,B1,"{""note"": ""Not always interchangeable in every context.""}",8d65545d8896f35c02cf32506d36e41f6f1cbad2
paraphrase-051,PARAPHRASE,build,develop,Paraphrase pair for reading/listening recognition.,"""build"" can often be paraphrased as ""develop"" in a suitable context.",,Paraphrase,B1,"{""note"": ""Not always interchangeable in every context.""}",f149addd3bb7a1edbf598fe1f550e347d6fa04b2
paraphrase-052,PARAPHRASE,get,obtain,Paraphrase pair for reading/listening recognition.,"""get"" can often be paraphrased as ""obtain"" in a suitable context.",,Paraphrase,B1,"{""note"": ""Not always interchangeable in every context.""}",38cf9964fcb88735fe5ead24400474dde6844439
paraphrase-053,PARAPHRASE,send,submit,Paraphrase pair for reading/listening recognition.,"""send"" can often be paraphrased as ""submit"" in a suitable context.",,Paraphrase,B1,"{""note"": ""Not always interchangeable in every context.""}",59250ea57fc2c619fab7bd28cc16d9382ab2d14f
paraphrase-054,PARAPHRASE,answer,respond to,Paraphrase pair for reading/listening recognition.,"""answer"" can often be paraphrased as ""respond to"" in a suitable context.",,Paraphrase,B1,"{""note"": ""Not always interchangeable in every context.""}",6bfef11873ade6f86c6007887b9dcdd452f86cf6
paraphrase-055,PARAPHRASE,move,relocate,Paraphrase pair for reading/listening recognition.,"""move"" can often be paraphrased as ""relocate"" in a suitable context.",,Paraphrase,B1,"{""note"": ""Not always interchangeable in every context.""}",e783782420219364b026d43a3983dbc99593fac0
paraphrase-056,PARAPHRASE,close,shut,Paraphrase pair for reading/listening recognition.,"""close"" can often be paraphrased as ""shut"" in a suitable context.",,Paraphrase,B1,"{""note"": ""Not always interchangeable in every context.""}",b9a91cb89f51f35371aa53dbeab86d6559864713
paraphrase-057,PARAPHRASE,open,launch,Paraphrase pair for reading/listening recognition.,"""open"" can often be paraphrased as ""launch"" in a suitable context.",,Paraphrase,B1,"{""note"": ""Not always interchangeable in every context.""}",f9f074c9d4155c7d2abc5d4411bedf58c37da0cc
paraphrase-058,PARAPHRASE,old,previous,Paraphrase pair for reading/listening recognition.,"""old"" can often be paraphrased as ""previous"" in a suitable context.",,Paraphrase,B1,"{""note"": ""Not always interchangeable in every context.""}",bd51911944ffa0f16680233dd227b218edce9d3d
paraphrase-059,PARAPHRASE,new,recent,Paraphrase pair for reading/listening recognition.,"""new"" can often be paraphrased as ""recent"" in a suitable context.",,Paraphrase,B1,"{""note"": ""Not always interchangeable in every context.""}",8cf7de2e0ff92818ce96760aea0c15139704f2c2
paraphrase-060,PARAPHRASE,next to,beside,Paraphrase pair for reading/listening recognition.,"""next to"" can often be paraphrased as ""beside"" in a suitable context.",,Paraphrase,B1,"{""note"": ""Not always interchangeable in every context.""}",11cf5d40d3e7a14cc1bd50054e8036367123030a
paraphrase-061,PARAPHRASE,far from,distant from,Paraphrase pair for reading/listening recognition.,"""far from"" can often be paraphrased as ""distant from"" in a suitable context.",,Paraphrase,B1,"{""note"": ""Not always interchangeable in every context.""}",61ca34c3b048890bf541200db377a9dce3682abd
paraphrase-062,PARAPHRASE,usually,normally,Paraphrase pair for reading/listening recognition.,"""usually"" can often be paraphrased as ""normally"" in a suitable context.",,Paraphrase,B1,"{""note"": ""Not always interchangeable in every context.""}",91038da21143931f69f2765027d8b8152cf6c866
paraphrase-063,PARAPHRASE,often,frequently,Paraphrase pair for reading/listening recognition.,"""often"" can often be paraphrased as ""frequently"" in a suitable context.",,Paraphrase,B1,"{""note"": ""Not always interchangeable in every context.""}",a6fe0d457d0cc77422255426d66e5d955ac63f9b
paraphrase-064,PARAPHRASE,about,approximately,Paraphrase pair for reading/listening recognition.,"""about"" can often be paraphrased as ""approximately"" in a suitable context.",,Paraphrase,B1,"{""note"": ""Not always interchangeable in every context.""}",b1645c737725d40b0694f50e8b77fb9153278e87
paraphrase-065,PARAPHRASE,right away,immediately,Paraphrase pair for reading/listening recognition.,"""right away"" can often be paraphrased as ""immediately"" in a suitable context.",,Paraphrase,B1,"{""note"": ""Not always interchangeable in every context.""}",0e5a2962dcf9bd75038faed9f2965ad43ea2057d
paraphrase-066,PARAPHRASE,at the moment,currently,Paraphrase pair for reading/listening recognition.,"""at the moment"" can often be paraphrased as ""currently"" in a suitable context.",,Paraphrase,B1,"{""note"": ""Not always interchangeable in every context.""}",6a9dc26eace199d259b75e3d022b1c44a57da41f
paraphrase-067,PARAPHRASE,later,afterwards,Paraphrase pair for reading/listening recognition.,"""later"" can often be paraphrased as ""afterwards"" in a suitable context.",,Paraphrase,B1,"{""note"": ""Not always interchangeable in every context.""}",fdb85e3e53e10bd3dd9584b910d7055e388e4b56
paraphrase-068,PARAPHRASE,before,prior to,Paraphrase pair for reading/listening recognition.,"""before"" can often be paraphrased as ""prior to"" in a suitable context.",,Paraphrase,B1,"{""note"": ""Not always interchangeable in every context.""}",1db7c80a13f11bace5ab411a887024d66f48e15d
paraphrase-069,PARAPHRASE,after,following,Paraphrase pair for reading/listening recognition.,"""after"" can often be paraphrased as ""following"" in a suitable context.",,Paraphrase,B1,"{""note"": ""Not always interchangeable in every context.""}",b9bf56abfd1d8ad0453152efe525586f3b23af17
paraphrase-070,PARAPHRASE,so,therefore,Paraphrase pair for reading/listening recognition.,"""so"" can often be paraphrased as ""therefore"" in a suitable context.",,Paraphrase,B1,"{""note"": ""Not always interchangeable in every context.""}",18866061cdba8f1bb430a371bf20d42b6b83e34f
paraphrase-071,PARAPHRASE,but,however,Paraphrase pair for reading/listening recognition.,"""but"" can often be paraphrased as ""however"" in a suitable context.",,Paraphrase,B1,"{""note"": ""Not always interchangeable in every context.""}",f8174cac84c2f5b82273ead772dcec241c1458b0
paraphrase-072,PARAPHRASE,also,in addition,Paraphrase pair for reading/listening recognition.,"""also"" can often be paraphrased as ""in addition"" in a suitable context.",,Paraphrase,B1,"{""note"": ""Not always interchangeable in every context.""}",fd942e2cd1c919d5c2a43e466ab6358454058bf5
paraphrase-073,PARAPHRASE,for example,for instance,Paraphrase pair for reading/listening recognition.,"""for example"" can often be paraphrased as ""for instance"" in a suitable context.",,Paraphrase,B1,"{""note"": ""Not always interchangeable in every context.""}",e46deb8f294e8a148f6d79e124dc92f86d2487be
paraphrase-074,PARAPHRASE,in my opinion,from my perspective,Paraphrase pair for reading/listening recognition.,"""in my opinion"" can often be paraphrased as ""from my perspective"" in a suitable context.",,Paraphrase,B1,"{""note"": ""Not always interchangeable in every context.""}",7a522e8f5625337c40099cb4e94ef2186d5bca52
paraphrase-075,PARAPHRASE,mainly,primarily,Paraphrase pair for reading/listening recognition.,"""mainly"" can often be paraphrased as ""primarily"" in a suitable context.",,Paraphrase,B1,"{""note"": ""Not always interchangeable in every context.""}",8e3c8d555cd521561550ac55f4d11a85816f08f9
paraphrase-076,PARAPHRASE,maybe,perhaps,Paraphrase pair for reading/listening recognition.,"""maybe"" can often be paraphrased as ""perhaps"" in a suitable context.",,Paraphrase,B1,"{""note"": ""Not always interchangeable in every context.""}",80f39504fb7b2c530652abcf368c1c7f23be9348
paraphrase-077,PARAPHRASE,safe,secure,Paraphrase pair for reading/listening recognition.,"""safe"" can often be paraphrased as ""secure"" in a suitable context.",,Paraphrase,B1,"{""note"": ""Not always interchangeable in every context.""}",c7f878d639b2b65c1c482825d0c329d414b1b26a
paraphrase-078,PARAPHRASE,friendly,welcoming,Paraphrase pair for reading/listening recognition.,"""friendly"" can often be paraphrased as ""welcoming"" in a suitable context.",,Paraphrase,B1,"{""note"": ""Not always interchangeable in every context.""}",78396059e8dc36c067f8b11ce172942a29981974
paraphrase-079,PARAPHRASE,busy,crowded,Paraphrase pair for reading/listening recognition.,"""busy"" can often be paraphrased as ""crowded"" in a suitable context.",,Paraphrase,B1,"{""note"": ""Not always interchangeable in every context.""}",ef1da21183a941d069829d416dfa0baf1eec0602
paraphrase-080,PARAPHRASE,quiet,peaceful,Paraphrase pair for reading/listening recognition.,"""quiet"" can often be paraphrased as ""peaceful"" in a suitable context.",,Paraphrase,B1,"{""note"": ""Not always interchangeable in every context.""}",37af8ca9e18ca1ee2c5d3c1bd63635e7c47d67c3
paraphrase-081,PARAPHRASE,happy,satisfied,Paraphrase pair for reading/listening recognition.,"""happy"" can often be paraphrased as ""satisfied"" in a suitable context.",,Paraphrase,B1,"{""note"": ""Not always interchangeable in every context.""}",af8f7eecc14ef2d99097b45f6af27d1a9cf72fa0
paraphrase-082,PARAPHRASE,angry,upset,Paraphrase pair for reading/listening recognition.,"""angry"" can often be paraphrased as ""upset"" in a suitable context.",,Paraphrase,B1,"{""note"": ""Not always interchangeable in every context.""}",623cb1504fd8342d9b1eee9ec5a3865fa66fd28c
paraphrase-083,PARAPHRASE,worried,concerned,Paraphrase pair for reading/listening recognition.,"""worried"" can often be paraphrased as ""concerned"" in a suitable context.",,Paraphrase,B1,"{""note"": ""Not always interchangeable in every context.""}",b3e32cb32df03376e8efac33fb42f4d78fb465bc
paraphrase-084,PARAPHRASE,tired,exhausted,Paraphrase pair for reading/listening recognition.,"""tired"" can often be paraphrased as ""exhausted"" in a suitable context.",,Paraphrase,B1,"{""note"": ""Not always interchangeable in every context.""}",18eed8d3627aa39cda86dc86f6880c8e8298ba82
paraphrase-085,PARAPHRASE,interesting,engaging,Paraphrase pair for reading/listening recognition.,"""interesting"" can often be paraphrased as ""engaging"" in a suitable context.",,Paraphrase,B1,"{""note"": ""Not always interchangeable in every context.""}",869d5ee1b1627155c50a0759b17ab6580becfac4
paraphrase-086,PARAPHRASE,useful,beneficial,Paraphrase pair for reading/listening recognition.,"""useful"" can often be paraphrased as ""beneficial"" in a suitable context.",,Paraphrase,B1,"{""note"": ""Not always interchangeable in every context.""}",54f80198ca48995bf02e1e4d7029e8b2a3f27115
paraphrase-087,PARAPHRASE,harmful,damaging,Paraphrase pair for reading/listening recognition.,"""harmful"" can often be paraphrased as ""damaging"" in a suitable context.",,Paraphrase,B1,"{""note"": ""Not always interchangeable in every context.""}",8bac274e6b28a04bc9509be7e982760c1357df3a
paraphrase-088,PARAPHRASE,clear,obvious,Paraphrase pair for reading/listening recognition.,"""clear"" can often be paraphrased as ""obvious"" in a suitable context.",,Paraphrase,B1,"{""note"": ""Not always interchangeable in every context.""}",275592fd813e77960cac2a55d55f095b2c7b3f58
paraphrase-089,PARAPHRASE,famous,well-known,Paraphrase pair for reading/listening recognition.,"""famous"" can often be paraphrased as ""well-known"" in a suitable context.",,Paraphrase,B1,"{""note"": ""Not always interchangeable in every context.""}",05128a85497f14faf4a7ccc3444fc7505a06e4b0
paraphrase-090,PARAPHRASE,good at,skilled at,Paraphrase pair for reading/listening recognition.,"""good at"" can often be paraphrased as ""skilled at"" in a suitable context.",,Paraphrase,B1,"{""note"": ""Not always interchangeable in every context.""}",95d52792474e8b047e97af87d97e4950b60d9b0f
paraphrase-091,PARAPHRASE,responsible for,in charge of,Paraphrase pair for reading/listening recognition.,"""responsible for"" can often be paraphrased as ""in charge of"" in a suitable context.",,Paraphrase,B1,"{""note"": ""Not always interchangeable in every context.""}",9e62e25dfdf2e1d5a56283ee7adf3c2f7b2307b2
paraphrase-092,PARAPHRASE,take part in,participate in,Paraphrase pair for reading/listening recognition.,"""take part in"" can often be paraphrased as ""participate in"" in a suitable context.",,Paraphrase,B1,"{""note"": ""Not always interchangeable in every context.""}",753565864ec882e6915dfc204a1c3e3407343eb6
paraphrase-093,PARAPHRASE,make sure,ensure,Paraphrase pair for reading/listening recognition.,"""make sure"" can often be paraphrased as ""ensure"" in a suitable context.",,Paraphrase,B1,"{""note"": ""Not always interchangeable in every context.""}",421385044f4a39e94fb11da7f47c6df3e839737f
paraphrase-094,PARAPHRASE,get better,improve,Paraphrase pair for reading/listening recognition.,"""get better"" can often be paraphrased as ""improve"" in a suitable context.",,Paraphrase,B1,"{""note"": ""Not always interchangeable in every context.""}",7eb1ed2f3591629daaf8b38f57139d3d0d36334a
paraphrase-095,PARAPHRASE,make smaller,reduce,Paraphrase pair for reading/listening recognition.,"""make smaller"" can often be paraphrased as ""reduce"" in a suitable context.",,Paraphrase,B1,"{""note"": ""Not always interchangeable in every context.""}",2fa665dd9394697473a7045f5b3e05b84722310a
paraphrase-096,PARAPHRASE,make larger,expand,Paraphrase pair for reading/listening recognition.,"""make larger"" can often be paraphrased as ""expand"" in a suitable context.",,Paraphrase,B1,"{""note"": ""Not always interchangeable in every context.""}",40b4d3738c3d80b614df3b5680f241dd268337af
paraphrase-097,PARAPHRASE,give money back,issue a refund,Paraphrase pair for reading/listening recognition.,"""give money back"" can often be paraphrased as ""issue a refund"" in a suitable context.",,Paraphrase,B1,"{""note"": ""Not always interchangeable in every context.""}",4754ef29d562f3d7f2b86a685c20a99ec041e9a4
paraphrase-098,PARAPHRASE,book a place,make a reservation,Paraphrase pair for reading/listening recognition.,"""book a place"" can often be paraphrased as ""make a reservation"" in a suitable context.",,Paraphrase,B1,"{""note"": ""Not always interchangeable in every context.""}",6080f09f060b92c5a7b820ac0ac9e7e076147ae5
paraphrase-099,PARAPHRASE,send an application,submit an application,Paraphrase pair for reading/listening recognition.,"""send an application"" can often be paraphrased as ""submit an application"" in a suitable context.",,Paraphrase,B1,"{""note"": ""Not always interchangeable in every context.""}",4bc895761c45729bb3ca308fda246eea63b1fc90
paraphrase-100,PARAPHRASE,come to a meeting,attend a meeting,Paraphrase pair for reading/listening recognition.,"""come to a meeting"" can often be paraphrased as ""attend a meeting"" in a suitable context.",,Paraphrase,B1,"{""note"": ""Not always interchangeable in every context.""}",c2e53ccc695089f86658575b7a428290f32b819a
paraphrase-101,PARAPHRASE,finish on time,meet a deadline,Paraphrase pair for reading/listening recognition.,"""finish on time"" can often be paraphrased as ""meet a deadline"" in a suitable context.",,Paraphrase,B1,"{""note"": ""Not always interchangeable in every context.""}",0c9b670f6051131f6f220f12bac8c60dd40de47f
paraphrase-102,PARAPHRASE,agree,reach an agreement,Paraphrase pair for reading/listening recognition.,"""agree"" can often be paraphrased as ""reach an agreement"" in a suitable context.",,Paraphrase,B1,"{""note"": ""Not always interchangeable in every context.""}",b611e3ce6b0fafeae0146fd46787c621b781ab9c
paraphrase-103,PARAPHRASE,ask people's opinions,conduct a survey,Paraphrase pair for reading/listening recognition.,"""ask people's opinions"" can often be paraphrased as ""conduct a survey"" in a suitable context.",,Paraphrase,B1,"{""note"": ""Not always interchangeable in every context.""}",968cd5c99a3fb0789c19b3350999e576d65a3f33
paraphrase-104,PARAPHRASE,sell more,increase sales,Paraphrase pair for reading/listening recognition.,"""sell more"" can often be paraphrased as ""increase sales"" in a suitable context.",,Paraphrase,B1,"{""note"": ""Not always interchangeable in every context.""}",b079592f9339e02678a44d203476a442d6b8acb0
paraphrase-105,PARAPHRASE,spend less,reduce costs,Paraphrase pair for reading/listening recognition.,"""spend less"" can often be paraphrased as ""reduce costs"" in a suitable context.",,Paraphrase,B1,"{""note"": ""Not always interchangeable in every context.""}",2915a4a68e331e9bc2216ab18f0f2eb0e014019a
paraphrase-106,PARAPHRASE,people who apply,applicants,Paraphrase pair for reading/listening recognition.,"""people who apply"" can often be paraphrased as ""applicants"" in a suitable context.",,Paraphrase,B1,"{""note"": ""Not always interchangeable in every context.""}",14009be1986017573399f5ea591a8d845147add3
paraphrase-107,PARAPHRASE,time when something must be finished,deadline,Paraphrase pair for reading/listening recognition.,"""time when something must be finished"" can often be paraphrased as ""deadline"" in a suitable context.",,Paraphrase,B1,"{""note"": ""Not always interchangeable in every context.""}",d880d08b24ded4dc8588f89054409fbfd80c42d2
paraphrase-108,PARAPHRASE,a place for an event,venue,Paraphrase pair for reading/listening recognition.,"""a place for an event"" can often be paraphrased as ""venue"" in a suitable context.",,Paraphrase,B1,"{""note"": ""Not always interchangeable in every context.""}",05ec244001b9f674181e030fd8fc547a29064f43
paraphrase-109,PARAPHRASE,a person speaking for a company,representative,Paraphrase pair for reading/listening recognition.,"""a person speaking for a company"" can often be paraphrased as ""representative"" in a suitable context.",,Paraphrase,B1,"{""note"": ""Not always interchangeable in every context.""}",132eee2da4693a0c469a7ea6436ee196cf438429
paraphrase-110,PARAPHRASE,comments about performance,feedback,Paraphrase pair for reading/listening recognition.,"""comments about performance"" can often be paraphrased as ""feedback"" in a suitable context.",,Paraphrase,B1,"{""note"": ""Not always interchangeable in every context.""}",ca54db5467e9ed0cf7885dd55fb5101d9cbcee76
paraphrase-111,PARAPHRASE,a possible choice,alternative,Paraphrase pair for reading/listening recognition.,"""a possible choice"" can often be paraphrased as ""alternative"" in a suitable context.",,Paraphrase,B1,"{""note"": ""Not always interchangeable in every context.""}",849fa93699fdeb78983bb6663a161d7b56ba93a7
paraphrase-112,PARAPHRASE,able to change easily,flexible,Paraphrase pair for reading/listening recognition.,"""able to change easily"" can often be paraphrased as ""flexible"" in a suitable context.",,Paraphrase,B1,"{""note"": ""Not always interchangeable in every context.""}",7a84abf39263ef46ac9d0205589305cdcc1d00dd
paraphrase-113,PARAPHRASE,easy to use,user-friendly,Paraphrase pair for reading/listening recognition.,"""easy to use"" can often be paraphrased as ""user-friendly"" in a suitable context.",,Paraphrase,B1,"{""note"": ""Not always interchangeable in every context.""}",561df0f57b41e18d1d5128468dfb4703f74b11c3
paraphrase-114,PARAPHRASE,not expensive,affordable,Paraphrase pair for reading/listening recognition.,"""not expensive"" can often be paraphrased as ""affordable"" in a suitable context.",,Paraphrase,B1,"{""note"": ""Not always interchangeable in every context.""}",a02ba1b70b2bf4ef4e1d3ef1eca2949cfd03db31
paraphrase-115,PARAPHRASE,easy to reach or use,accessible,Paraphrase pair for reading/listening recognition.,"""easy to reach or use"" can often be paraphrased as ""accessible"" in a suitable context.",,Paraphrase,B1,"{""note"": ""Not always interchangeable in every context.""}",4f0bc140a0bd26cea64facc7d5d92a64300bee7d
paraphrase-116,PARAPHRASE,people taking part,participants,Paraphrase pair for reading/listening recognition.,"""people taking part"" can often be paraphrased as ""participants"" in a suitable context.",,Paraphrase,B1,"{""note"": ""Not always interchangeable in every context.""}",2892d3a04f4400a4bae36c6f6e8032706afb61b7
paraphrase-117,PARAPHRASE,the main reason behind a problem,root cause,Paraphrase pair for reading/listening recognition.,"""the main reason behind a problem"" can often be paraphrased as ""root cause"" in a suitable context.",,Paraphrase,B1,"{""note"": ""Not always interchangeable in every context.""}",78e457f6ea11f82a7d3bb25f17724193a7e0ab70
paraphrase-118,PARAPHRASE,rules for safe behavior,safety guidelines,Paraphrase pair for reading/listening recognition.,"""rules for safe behavior"" can often be paraphrased as ""safety guidelines"" in a suitable context.",,Paraphrase,B1,"{""note"": ""Not always interchangeable in every context.""}",3b2eb125065c4295f48af160d11292e5ad9c93bb
paraphrase-119,PARAPHRASE,what customers think of a service,customer satisfaction,Paraphrase pair for reading/listening recognition.,"""what customers think of a service"" can often be paraphrased as ""customer satisfaction"" in a suitable context.",,Paraphrase,B1,"{""note"": ""Not always interchangeable in every context.""}",08a4f23c72395788565449eab77f2b3217d981b7
paraphrase-120,PARAPHRASE,a trip for work,business trip,Paraphrase pair for reading/listening recognition.,"""a trip for work"" can often be paraphrased as ""business trip"" in a suitable context.",,Paraphrase,B1,"{""note"": ""Not always interchangeable in every context.""}",4c7dcb3c898e09421241764e1a02a7b1a00ff182
paraphrase-121,PARAPHRASE,transport for everyone,public transportation,Paraphrase pair for reading/listening recognition.,"""transport for everyone"" can often be paraphrased as ""public transportation"" in a suitable context.",,Paraphrase,B1,"{""note"": ""Not always interchangeable in every context.""}",c22b121d6129ae925bb46711adfbadaf11a404c2
paraphrase-122,PARAPHRASE,work done together,collaboration,Paraphrase pair for reading/listening recognition.,"""work done together"" can often be paraphrased as ""collaboration"" in a suitable context.",,Paraphrase,B1,"{""note"": ""Not always interchangeable in every context.""}",87925548747f93d37f5ba108029987e819e8f00f
paraphrase-123,PARAPHRASE,money planned for spending,budget,Paraphrase pair for reading/listening recognition.,"""money planned for spending"" can often be paraphrased as ""budget"" in a suitable context.",,Paraphrase,B1,"{""note"": ""Not always interchangeable in every context.""}",631a2b7c9240fce9fe4a59266e5189393ebdd35c
paraphrase-124,PARAPHRASE,a person applying for a job,candidate,Paraphrase pair for reading/listening recognition.,"""a person applying for a job"" can often be paraphrased as ""candidate"" in a suitable context.",,Paraphrase,B1,"{""note"": ""Not always interchangeable in every context.""}",6b2f619c7c20c4b441875831701d507fa798e3be
paraphrase-125,PARAPHRASE,a formal request,application,Paraphrase pair for reading/listening recognition.,"""a formal request"" can often be paraphrased as ""application"" in a suitable context.",,Paraphrase,B1,"{""note"": ""Not always interchangeable in every context.""}",6e8b09a65a60ce1680d0a301fa25f73f8080ea07
paraphrase-126,PARAPHRASE,a written message,notice,Paraphrase pair for reading/listening recognition.,"""a written message"" can often be paraphrased as ""notice"" in a suitable context.",,Paraphrase,B1,"{""note"": ""Not always interchangeable in every context.""}",2f475adf3edac03f7fdd4d861f570908423da07c
paraphrase-127,PARAPHRASE,a short official message,announcement,Paraphrase pair for reading/listening recognition.,"""a short official message"" can often be paraphrased as ""announcement"" in a suitable context.",,Paraphrase,B1,"{""note"": ""Not always interchangeable in every context.""}",6adc58852efc05829bf88672913a0d65dbdfb3d1
paraphrase-128,PARAPHRASE,something suggested,proposal,Paraphrase pair for reading/listening recognition.,"""something suggested"" can often be paraphrased as ""proposal"" in a suitable context.",,Paraphrase,B1,"{""note"": ""Not always interchangeable in every context.""}",5cbc92af6cb0e14e3b5e28ffd46e9f6180ce5e1a
paraphrase-129,PARAPHRASE,a result you are proud of,achievement,Paraphrase pair for reading/listening recognition.,"""a result you are proud of"" can often be paraphrased as ""achievement"" in a suitable context.",,Paraphrase,B1,"{""note"": ""Not always interchangeable in every context.""}",c13530c664b9388f83ea7e293dc12095b154db52
paraphrase-130,PARAPHRASE,something difficult to do,challenge,Paraphrase pair for reading/listening recognition.,"""something difficult to do"" can often be paraphrased as ""challenge"" in a suitable context.",,Paraphrase,B1,"{""note"": ""Not always interchangeable in every context.""}",bb120700bd245f14c45e2393f914bedaf3ff00a1
paraphrase-131,PARAPHRASE,a way to solve a problem,solution,Paraphrase pair for reading/listening recognition.,"""a way to solve a problem"" can often be paraphrased as ""solution"" in a suitable context.",,Paraphrase,B1,"{""note"": ""Not always interchangeable in every context.""}",19ec43704ebb9846aab02e5a37c30a83c304c69a
paraphrase-132,PARAPHRASE,the effect something has,impact,Paraphrase pair for reading/listening recognition.,"""the effect something has"" can often be paraphrased as ""impact"" in a suitable context.",,Paraphrase,B1,"{""note"": ""Not always interchangeable in every context.""}",2315e3fe0f8de2cbc8cbb686b126ac6ed5325482
paraphrase-133,PARAPHRASE,knowledge and skill in a field,expertise,Paraphrase pair for reading/listening recognition.,"""knowledge and skill in a field"" can often be paraphrased as ""expertise"" in a suitable context.",,Paraphrase,B1,"{""note"": ""Not always interchangeable in every context.""}",83e885c527eb39948c8190d3c7d4eb911f499ec6
paraphrase-134,PARAPHRASE,the way others think about you,reputation,Paraphrase pair for reading/listening recognition.,"""the way others think about you"" can often be paraphrased as ""reputation"" in a suitable context.",,Paraphrase,B1,"{""note"": ""Not always interchangeable in every context.""}",141dbf54b1d3fc12063d09bfe3abc2604c247c5e
paraphrase-135,PARAPHRASE,time when someone is free,availability,Paraphrase pair for reading/listening recognition.,"""time when someone is free"" can often be paraphrased as ""availability"" in a suitable context.",,Paraphrase,B1,"{""note"": ""Not always interchangeable in every context.""}",1ec8e6c549d27015826a13195572cb05d12d6fe9
paraphrase-136,PARAPHRASE,the act of changing from one state to another,transition,Paraphrase pair for reading/listening recognition.,"""the act of changing from one state to another"" can often be paraphrased as ""transition"" in a suitable context.",,Paraphrase,B1,"{""note"": ""Not always interchangeable in every context.""}",3fd7a4a0d6f640e53331a80e459847fe833d8881
paraphrase-137,PARAPHRASE,support with money,financial assistance,Paraphrase pair for reading/listening recognition.,"""support with money"" can often be paraphrased as ""financial assistance"" in a suitable context.",,Paraphrase,B1,"{""note"": ""Not always interchangeable in every context.""}",954404b6448e48de5c9b60a770efec479bb61c50
paraphrase-138,PARAPHRASE,people's attention to an issue,awareness,Paraphrase pair for reading/listening recognition.,"""people's attention to an issue"" can often be paraphrased as ""awareness"" in a suitable context.",,Paraphrase,B1,"{""note"": ""Not always interchangeable in every context.""}",7d03db3c5b38b1813a229ab418e428dbae8a8478
paraphrase-139,PARAPHRASE,negative online messages,inappropriate comments,Paraphrase pair for reading/listening recognition.,"""negative online messages"" can often be paraphrased as ""inappropriate comments"" in a suitable context.",,Paraphrase,B1,"{""note"": ""Not always interchangeable in every context.""}",fac8b9a4bf5ad5f4d461df39728173abdad35dfb
paraphrase-140,PARAPHRASE,make people know about,promote,Paraphrase pair for reading/listening recognition.,"""make people know about"" can often be paraphrased as ""promote"" in a suitable context.",,Paraphrase,B1,"{""note"": ""Not always interchangeable in every context.""}",8ab811a0374416ac67ac11bbeea5c059bac2060d
paraphrase-141,PARAPHRASE,help people want to join,encourage participation,Paraphrase pair for reading/listening recognition.,"""help people want to join"" can often be paraphrased as ""encourage participation"" in a suitable context.",,Paraphrase,B1,"{""note"": ""Not always interchangeable in every context.""}",c4c6a0668f5fef098ef740de48c064d9a96b76d8
paraphrase-142,PARAPHRASE,make a place feel friendly,create a welcoming atmosphere,Paraphrase pair for reading/listening recognition.,"""make a place feel friendly"" can often be paraphrased as ""create a welcoming atmosphere"" in a suitable context.",,Paraphrase,B1,"{""note"": ""Not always interchangeable in every context.""}",58f989b99985cbda435ceba629a0617b5d27b415
paraphrase-143,PARAPHRASE,stop for a short time,pause briefly,Paraphrase pair for reading/listening recognition.,"""stop for a short time"" can often be paraphrased as ""pause briefly"" in a suitable context.",,Paraphrase,B1,"{""note"": ""Not always interchangeable in every context.""}",d41959fa9047b81efe82bdfac0cbf50e57a831c4
paraphrase-144,PARAPHRASE,find the cause,identify the cause,Paraphrase pair for reading/listening recognition.,"""find the cause"" can often be paraphrased as ""identify the cause"" in a suitable context.",,Paraphrase,B1,"{""note"": ""Not always interchangeable in every context.""}",088f2958488c0de47bf789537f76e5221027ee18
paraphrase-145,PARAPHRASE,talk to authorities,approach the authorities,Paraphrase pair for reading/listening recognition.,"""talk to authorities"" can often be paraphrased as ""approach the authorities"" in a suitable context.",,Paraphrase,B1,"{""note"": ""Not always interchangeable in every context.""}",70dfa8dd9239cbf8a181f215a97ddb309740250c
paraphrase-146,PARAPHRASE,change to online,move online,Paraphrase pair for reading/listening recognition.,"""change to online"" can often be paraphrased as ""move online"" in a suitable context.",,Paraphrase,B1,"{""note"": ""Not always interchangeable in every context.""}",877fdd3002e657905910f21dce8052f105dc5909
paraphrase-147,PARAPHRASE,choose another date,reschedule,Paraphrase pair for reading/listening recognition.,"""choose another date"" can often be paraphrased as ""reschedule"" in a suitable context.",,Paraphrase,B1,"{""note"": ""Not always interchangeable in every context.""}",9909b2295d262ea89530f93dd1ca473fa85e96fc
paraphrase-148,PARAPHRASE,keep members interested,maintain member interest,Paraphrase pair for reading/listening recognition.,"""keep members interested"" can often be paraphrased as ""maintain member interest"" in a suitable context.",,Paraphrase,B1,"{""note"": ""Not always interchangeable in every context.""}",bb0c4a7876b0e9633ab43d04dcef0aeca897a557
paraphrase-149,PARAPHRASE,share online,post on social media,Paraphrase pair for reading/listening recognition.,"""share online"" can often be paraphrased as ""post on social media"" in a suitable context.",,Paraphrase,B1,"{""note"": ""Not always interchangeable in every context.""}",889a0831a7d6bf36277733eb435e9ae47989cc19
paraphrase-150,PARAPHRASE,give a small prize,offer a small reward,Paraphrase pair for reading/listening recognition.,"""give a small prize"" can often be paraphrased as ""offer a small reward"" in a suitable context.",,Paraphrase,B1,"{""note"": ""Not always interchangeable in every context.""}",d653bb850c93f609e862eb7f514d46dff3f100fa
paraphrase-151,PARAPHRASE,watch comments carefully,monitor comments,Paraphrase pair for reading/listening recognition.,"""watch comments carefully"" can often be paraphrased as ""monitor comments"" in a suitable context.",,Paraphrase,B1,"{""note"": ""Not always interchangeable in every context.""}",eac2936effa0c4ec761c0f4d6bb9b454ee5bc424
paraphrase-152,PARAPHRASE,finish sooner,end earlier,Paraphrase pair for reading/listening recognition.,"""finish sooner"" can often be paraphrased as ""end earlier"" in a suitable context.",,Paraphrase,B1,"{""note"": ""Not always interchangeable in every context.""}",ed16de7bde83aad91dc3eda1079ee2140654cf5b
paraphrase-153,PARAPHRASE,make rules clearer,clarify the rules,Paraphrase pair for reading/listening recognition.,"""make rules clearer"" can often be paraphrased as ""clarify the rules"" in a suitable context.",,Paraphrase,B1,"{""note"": ""Not always interchangeable in every context.""}",857212b3fae8ce49eaf9b364a39ee0f8985eb60d
paraphrase-154,PARAPHRASE,ask for ideas,request feedback,Paraphrase pair for reading/listening recognition.,"""ask for ideas"" can often be paraphrased as ""request feedback"" in a suitable context.",,Paraphrase,B1,"{""note"": ""Not always interchangeable in every context.""}",763d55ff8aaf9e03e8149504ce97d965429c5b63
paraphrase-155,PARAPHRASE,very important,crucial,Paraphrase pair for reading/listening recognition.,"""very important"" can often be paraphrased as ""crucial"" in a suitable context.",,Paraphrase,B1,"{""note"": ""Not always interchangeable in every context.""}",802037e8c8a81845cf2d1c6c61e56a0e6293448c
paraphrase-156,PARAPHRASE,not required,optional,Paraphrase pair for reading/listening recognition.,"""not required"" can often be paraphrased as ""optional"" in a suitable context.",,Paraphrase,B1,"{""note"": ""Not always interchangeable in every context.""}",89584be22500e33219972e18418c7ae33f359965
paraphrase-157,PARAPHRASE,must be done,mandatory,Paraphrase pair for reading/listening recognition.,"""must be done"" can often be paraphrased as ""mandatory"" in a suitable context.",,Paraphrase,B1,"{""note"": ""Not always interchangeable in every context.""}",df75995b2a2e1065a15dee437b93ad6831d1696e
paraphrase-158,PARAPHRASE,can be trusted,reliable,Paraphrase pair for reading/listening recognition.,"""can be trusted"" can often be paraphrased as ""reliable"" in a suitable context.",,Paraphrase,B1,"{""note"": ""Not always interchangeable in every context.""}",ffbd11b9221cf2b571a1c9c598daf39ac51bc539
paraphrase-159,PARAPHRASE,enough,sufficient,Paraphrase pair for reading/listening recognition.,"""enough"" can often be paraphrased as ""sufficient"" in a suitable context.",,Paraphrase,B1,"{""note"": ""Not always interchangeable in every context.""}",65d7ba0acf147ab91ac82d5e1a727ca866cb3173
paraphrase-160,PARAPHRASE,suitable,appropriate,Paraphrase pair for reading/listening recognition.,"""suitable"" can often be paraphrased as ""appropriate"" in a suitable context.",,Paraphrase,B1,"{""note"": ""Not always interchangeable in every context.""}",653953e4cb34f55c78281bca4e665c91f2c38e5f
paraphrase-161,PARAPHRASE,not permanent,temporary,Paraphrase pair for reading/listening recognition.,"""not permanent"" can often be paraphrased as ""temporary"" in a suitable context.",,Paraphrase,B1,"{""note"": ""Not always interchangeable in every context.""}",5fe583156d077b3dbd4913fee4225348c8a86749
paraphrase-162,PARAPHRASE,happening every year,annual,Paraphrase pair for reading/listening recognition.,"""happening every year"" can often be paraphrased as ""annual"" in a suitable context.",,Paraphrase,B1,"{""note"": ""Not always interchangeable in every context.""}",fceee09bae16fa147eab719b21d63e7f48a3dc93
paraphrase-163,PARAPHRASE,happening every month,monthly,Paraphrase pair for reading/listening recognition.,"""happening every month"" can often be paraphrased as ""monthly"" in a suitable context.",,Paraphrase,B1,"{""note"": ""Not always interchangeable in every context.""}",fa8de53984a8a38dfd0504f29bc7c344f9dc44c6
paraphrase-164,PARAPHRASE,happening every week,weekly,Paraphrase pair for reading/listening recognition.,"""happening every week"" can often be paraphrased as ""weekly"" in a suitable context.",,Paraphrase,B1,"{""note"": ""Not always interchangeable in every context.""}",c239f74d51fc5ec70ed07dee0208b4c8750dac44
paraphrase-165,PARAPHRASE,related to work,workplace,Paraphrase pair for reading/listening recognition.,"""related to work"" can often be paraphrased as ""workplace"" in a suitable context.",,Paraphrase,B1,"{""note"": ""Not always interchangeable in every context.""}",0ae9e4d51e6e1623e9f9f6c85e2a57377ce22a51
paraphrase-166,PARAPHRASE,related to studies,academic,Paraphrase pair for reading/listening recognition.,"""related to studies"" can often be paraphrased as ""academic"" in a suitable context.",,Paraphrase,B1,"{""note"": ""Not always interchangeable in every context.""}",9d6c06e51d33f14800dbff65f8206a5924a0c1b2
paraphrase-167,PARAPHRASE,give reasons,justify,Paraphrase pair for reading/listening recognition.,"""give reasons"" can often be paraphrased as ""justify"" in a suitable context.",,Paraphrase,B1,"{""note"": ""Not always interchangeable in every context.""}",549f217add472959881017130fe3e5ac22e78650
paraphrase-168,PARAPHRASE,say what you think,express your opinion,Paraphrase pair for reading/listening recognition.,"""say what you think"" can often be paraphrased as ""express your opinion"" in a suitable context.",,Paraphrase,B1,"{""note"": ""Not always interchangeable in every context.""}",02dbefbaacb7ad36d1226ec23c9517dc445de703
paraphrase-169,PARAPHRASE,show differences,compare,Paraphrase pair for reading/listening recognition.,"""show differences"" can often be paraphrased as ""compare"" in a suitable context.",,Paraphrase,B1,"{""note"": ""Not always interchangeable in every context.""}",d1cd6edd105c6bb541fef080c179d09474ec8206
paraphrase-170,PARAPHRASE,say what is similar,identify similarities,Paraphrase pair for reading/listening recognition.,"""say what is similar"" can often be paraphrased as ""identify similarities"" in a suitable context.",,Paraphrase,B1,"{""note"": ""Not always interchangeable in every context.""}",9c54c41a690caf7636f8a82b062976d922c55694
paraphrase-171,PARAPHRASE,understand from clues,infer,Paraphrase pair for reading/listening recognition.,"""understand from clues"" can often be paraphrased as ""infer"" in a suitable context.",,Paraphrase,B1,"{""note"": ""Not always interchangeable in every context.""}",a7236c339aa09cea5905e21b246ee2929a4e5d5e
paraphrase-172,PARAPHRASE,meaning from surrounding words,meaning in context,Paraphrase pair for reading/listening recognition.,"""meaning from surrounding words"" can often be paraphrased as ""meaning in context"" in a suitable context.",,Paraphrase,B1,"{""note"": ""Not always interchangeable in every context.""}",9120285e30a645817bb7b5202f1a72d8b3b9d623
paraphrase-173,PARAPHRASE,words that often go together,collocations,Paraphrase pair for reading/listening recognition.,"""words that often go together"" can often be paraphrased as ""collocations"" in a suitable context.",,Paraphrase,B1,"{""note"": ""Not always interchangeable in every context.""}",2bdbe84ed3bf1dff8310972d039c72afa334ce61
paraphrase-174,PARAPHRASE,different wording with the same idea,paraphrase,Paraphrase pair for reading/listening recognition.,"""different wording with the same idea"" can often be paraphrased as ""paraphrase"" in a suitable context.",,Paraphrase,B1,"{""note"": ""Not always interchangeable in every context.""}",faf1e8162c0f599daf48f172a05979a063166fda
paraphrase-175,PARAPHRASE,main point,main idea,Paraphrase pair for reading/listening recognition.,"""main point"" can often be paraphrased as ""main idea"" in a suitable context.",,Paraphrase,B1,"{""note"": ""Not always interchangeable in every context.""}",045fe21f411bd517913ca95baadc55440af101f0
paraphrase-176,PARAPHRASE,specific information,detail,Paraphrase pair for reading/listening recognition.,"""specific information"" can often be paraphrased as ""detail"" in a suitable context.",,Paraphrase,B1,"{""note"": ""Not always interchangeable in every context.""}",97203a7d55c8b55102444c75280f88dbcec6daa3
paraphrase-177,PARAPHRASE,not stated directly,implicit,Paraphrase pair for reading/listening recognition.,"""not stated directly"" can often be paraphrased as ""implicit"" in a suitable context.",,Paraphrase,B1,"{""note"": ""Not always interchangeable in every context.""}",713c3eb021c8982180d6a0b5de19bbd25d93979e
paraphrase-178,PARAPHRASE,stated clearly,explicit,Paraphrase pair for reading/listening recognition.,"""stated clearly"" can often be paraphrased as ""explicit"" in a suitable context.",,Paraphrase,B1,"{""note"": ""Not always interchangeable in every context.""}",d879b8afac8ac49cf39f88d6bc6653e60c22df0c
paraphrase-179,PARAPHRASE,spoken without pauses between words,connected speech,Paraphrase pair for reading/listening recognition.,"""spoken without pauses between words"" can often be paraphrased as ""connected speech"" in a suitable context.",,Paraphrase,B1,"{""note"": ""Not always interchangeable in every context.""}",328a92efe1cbe15963c5215a83bfed5ffd4bb4ff
paraphrase-180,PARAPHRASE,listen and write exactly,dictation,Paraphrase pair for reading/listening recognition.,"""listen and write exactly"" can often be paraphrased as ""dictation"" in a suitable context.",,Paraphrase,B1,"{""note"": ""Not always interchangeable in every context.""}",ef42e55bc4ec21e74b111e6d5fd51f95c66473f2
paraphrase-181,PARAPHRASE,repeat after audio,shadowing,Paraphrase pair for reading/listening recognition.,"""repeat after audio"" can often be paraphrased as ""shadowing"" in a suitable context.",,Paraphrase,B1,"{""note"": ""Not always interchangeable in every context.""}",938208bfb933111d9be4eed4e3e8c0c0ac86673a
paraphrase-182,PARAPHRASE,remember without looking,active recall,Paraphrase pair for reading/listening recognition.,"""remember without looking"" can often be paraphrased as ""active recall"" in a suitable context.",,Paraphrase,B1,"{""note"": ""Not always interchangeable in every context.""}",02c6440c70219f102003fcd03b9858d9dfb16c05
paraphrase-183,PARAPHRASE,review at increasing intervals,spaced repetition,Paraphrase pair for reading/listening recognition.,"""review at increasing intervals"" can often be paraphrased as ""spaced repetition"" in a suitable context.",,Paraphrase,B1,"{""note"": ""Not always interchangeable in every context.""}",8b77b83e921b7ba084a9aa46ae71017419941b45
paraphrase-184,PARAPHRASE,errors that happen repeatedly,recurring mistakes,Paraphrase pair for reading/listening recognition.,"""errors that happen repeatedly"" can often be paraphrased as ""recurring mistakes"" in a suitable context.",,Paraphrase,B1,"{""note"": ""Not always interchangeable in every context.""}",0ffc3dffc52a98e8f8bf6ece0745dfe6441b4ae9
paraphrase-185,PARAPHRASE,skill that needs work,weak area,Paraphrase pair for reading/listening recognition.,"""skill that needs work"" can often be paraphrased as ""weak area"" in a suitable context.",,Paraphrase,B1,"{""note"": ""Not always interchangeable in every context.""}",78fd11e28d393940d9fcc12aeb21dc17f326179c
grammar-lesson-001,GRAMMAR_LESSON,Since vs For,since + starting point; for + duration,since + starting point; for + duration,Example: This sentence demonstrates since vs for in context.,,Grammar,B1,"{""rule"": ""since + starting point; for + duration"", ""common_mistake"": ""Check the structure before choosing an answer."", ""drill"": ""Choose the form that matches the rule."", ""answer"": ""Use the rule shown above.""}",834978acfaf77f2bef649d212ed4bc1124995a90
grammar-lesson-002,GRAMMAR_LESSON,Present simple,"Use for routines, facts, and schedules","Use for routines, facts, and schedules",Example: This sentence demonstrates present simple in context.,,Grammar,B1,"{""rule"": ""Use for routines, facts, and schedules"", ""common_mistake"": ""Check the structure before choosing an answer."", ""drill"": ""Choose the form that matches the rule."", ""answer"": ""Use the rule shown above.""}",dd5960f9cd594c0103946399e0df921875cbdae1
grammar-lesson-003,GRAMMAR_LESSON,Present continuous,Use for actions in progress or temporary situations,Use for actions in progress or temporary situations,Example: This sentence demonstrates present continuous in context.,,Grammar,B1,"{""rule"": ""Use for actions in progress or temporary situations"", ""common_mistake"": ""Check the structure before choosing an answer."", ""drill"": ""Choose the form that matches the rule."", ""answer"": ""Use the rule shown above.""}",814251091cad17f6ce440c1e69a0639cdc957673
grammar-lesson-004,GRAMMAR_LESSON,Past simple,Use for completed past actions,Use for completed past actions,Example: This sentence demonstrates past simple in context.,,Grammar,B1,"{""rule"": ""Use for completed past actions"", ""common_mistake"": ""Check the structure before choosing an answer."", ""drill"": ""Choose the form that matches the rule."", ""answer"": ""Use the rule shown above.""}",bb547986168539cbe11da248891a739dd81b64bb
grammar-lesson-005,GRAMMAR_LESSON,Past continuous,Use for an action in progress at a past time,Use for an action in progress at a past time,Example: This sentence demonstrates past continuous in context.,,Grammar,B1,"{""rule"": ""Use for an action in progress at a past time"", ""common_mistake"": ""Check the structure before choosing an answer."", ""drill"": ""Choose the form that matches the rule."", ""answer"": ""Use the rule shown above.""}",45ec74c6ce2d9520fc66ad5d727d526d6b411637
grammar-lesson-006,GRAMMAR_LESSON,Present perfect,Connect past experience/action to the present,Connect past experience/action to the present,Example: This sentence demonstrates present perfect in context.,,Grammar,B1,"{""rule"": ""Connect past experience/action to the present"", ""common_mistake"": ""Check the structure before choosing an answer."", ""drill"": ""Choose the form that matches the rule."", ""answer"": ""Use the rule shown above.""}",fda115f1858a84a7e12e59246133851e67784e5d
grammar-lesson-007,GRAMMAR_LESSON,Past perfect,Show an action completed before another past action,Show an action completed before another past action,Example: This sentence demonstrates past perfect in context.,,Grammar,B1,"{""rule"": ""Show an action completed before another past action"", ""common_mistake"": ""Check the structure before choosing an answer."", ""drill"": ""Choose the form that matches the rule."", ""answer"": ""Use the rule shown above.""}",4d1350f17bdd82a16db0f988f06174e4e94bc940
grammar-lesson-008,GRAMMAR_LESSON,Future with will,"Use for predictions, decisions, and offers","Use for predictions, decisions, and offers",Example: This sentence demonstrates future with will in context.,,Grammar,B1,"{""rule"": ""Use for predictions, decisions, and offers"", ""common_mistake"": ""Check the structure before choosing an answer."", ""drill"": ""Choose the form that matches the rule."", ""answer"": ""Use the rule shown above.""}",953349a8a4beef83b8a14cecfe38f21a45fc12a2
grammar-lesson-009,GRAMMAR_LESSON,Be going to,Use for plans and evidence-based predictions,Use for plans and evidence-based predictions,Example: This sentence demonstrates be going to in context.,,Grammar,B1,"{""rule"": ""Use for plans and evidence-based predictions"", ""common_mistake"": ""Check the structure before choosing an answer."", ""drill"": ""Choose the form that matches the rule."", ""answer"": ""Use the rule shown above.""}",66d600409d5de3b87eecef3efefeae1b19717327
grammar-lesson-010,GRAMMAR_LESSON,First conditional,"if + present, will + base verb","if + present, will + base verb",Example: This sentence demonstrates first conditional in context.,,Grammar,B1,"{""rule"": ""if + present, will + base verb"", ""common_mistake"": ""Check the structure before choosing an answer."", ""drill"": ""Choose the form that matches the rule."", ""answer"": ""Use the rule shown above.""}",5e6a740472e5dc1bb9e4eca6a900ff895972ea97
grammar-lesson-011,GRAMMAR_LESSON,Second conditional,"if + past, would + base verb","if + past, would + base verb",Example: This sentence demonstrates second conditional in context.,,Grammar,B1,"{""rule"": ""if + past, would + base verb"", ""common_mistake"": ""Check the structure before choosing an answer."", ""drill"": ""Choose the form that matches the rule."", ""answer"": ""Use the rule shown above.""}",cf1832857f0b7f670b88da63806810c88323eb64
grammar-lesson-012,GRAMMAR_LESSON,Third conditional,"if + past perfect, would have + past participle","if + past perfect, would have + past participle",Example: This sentence demonstrates third conditional in context.,,Grammar,B1,"{""rule"": ""if + past perfect, would have + past participle"", ""common_mistake"": ""Check the structure before choosing an answer."", ""drill"": ""Choose the form that matches the rule."", ""answer"": ""Use the rule shown above.""}",b530bf1e1fdb67735e9d53073fe3507b6e5748ad
grammar-lesson-013,GRAMMAR_LESSON,Zero conditional,"if + present, present for facts","if + present, present for facts",Example: This sentence demonstrates zero conditional in context.,,Grammar,B1,"{""rule"": ""if + present, present for facts"", ""common_mistake"": ""Check the structure before choosing an answer."", ""drill"": ""Choose the form that matches the rule."", ""answer"": ""Use the rule shown above.""}",adc2fbdc9aaacc158dfc5c1f299d2a5d9318a0e8
grammar-lesson-014,GRAMMAR_LESSON,Passive voice,be + past participle,be + past participle,Example: This sentence demonstrates passive voice in context.,,Grammar,B1,"{""rule"": ""be + past participle"", ""common_mistake"": ""Check the structure before choosing an answer."", ""drill"": ""Choose the form that matches the rule."", ""answer"": ""Use the rule shown above.""}",bae7d5c1a4a7818d2bd09da57db563e4de29f9f2
grammar-lesson-015,GRAMMAR_LESSON,Modal obligation,must / have to,must / have to,Example: This sentence demonstrates modal obligation in context.,,Grammar,B1,"{""rule"": ""must / have to"", ""common_mistake"": ""Check the structure before choosing an answer."", ""drill"": ""Choose the form that matches the rule."", ""answer"": ""Use the rule shown above.""}",cc7b0964949baa0d782374894d7de1a55792af73
grammar-lesson-016,GRAMMAR_LESSON,No obligation,do not have to,do not have to,Example: This sentence demonstrates no obligation in context.,,Grammar,B1,"{""rule"": ""do not have to"", ""common_mistake"": ""Check the structure before choosing an answer."", ""drill"": ""Choose the form that matches the rule."", ""answer"": ""Use the rule shown above.""}",2eb7edd8dddd1037d8f926e10acfa14d43ddfa18
grammar-lesson-017,GRAMMAR_LESSON,Prohibition,must not,must not,Example: This sentence demonstrates prohibition in context.,,Grammar,B1,"{""rule"": ""must not"", ""common_mistake"": ""Check the structure before choosing an answer."", ""drill"": ""Choose the form that matches the rule."", ""answer"": ""Use the rule shown above.""}",32c3996b12a66ad047971115df82ea514e1723f4
grammar-lesson-018,GRAMMAR_LESSON,Advice,should / ought to,should / ought to,Example: This sentence demonstrates advice in context.,,Grammar,B1,"{""rule"": ""should / ought to"", ""common_mistake"": ""Check the structure before choosing an answer."", ""drill"": ""Choose the form that matches the rule."", ""answer"": ""Use the rule shown above.""}",b38561386274e743e57acd5832e364a2b1f4ffd9
grammar-lesson-019,GRAMMAR_LESSON,Articles a/an,Use with singular countable nouns when non-specific,Use with singular countable nouns when non-specific,Example: This sentence demonstrates articles a/an in context.,,Grammar,B1,"{""rule"": ""Use with singular countable nouns when non-specific"", ""common_mistake"": ""Check the structure before choosing an answer."", ""drill"": ""Choose the form that matches the rule."", ""answer"": ""Use the rule shown above.""}",4f8247aab209251a9afdbc90089be497af5f81c9
grammar-lesson-020,GRAMMAR_LESSON,Article the,Use for specific or shared-reference nouns,Use for specific or shared-reference nouns,Example: This sentence demonstrates article the in context.,,Grammar,B1,"{""rule"": ""Use for specific or shared-reference nouns"", ""common_mistake"": ""Check the structure before choosing an answer."", ""drill"": ""Choose the form that matches the rule."", ""answer"": ""Use the rule shown above.""}",e933faed2d5437af1f5e51a038991d4dd4629540
grammar-lesson-021,GRAMMAR_LESSON,No article,Use with plural/general or uncountable/general nouns,Use with plural/general or uncountable/general nouns,Example: This sentence demonstrates no article in context.,,Grammar,B1,"{""rule"": ""Use with plural/general or uncountable/general nouns"", ""common_mistake"": ""Check the structure before choosing an answer."", ""drill"": ""Choose the form that matches the rule."", ""answer"": ""Use the rule shown above.""}",587b701973c03e10e13dc75800a23f7713a40c5b
grammar-lesson-022,GRAMMAR_LESSON,Countable nouns,Can use a/an and plural forms,Can use a/an and plural forms,Example: This sentence demonstrates countable nouns in context.,,Grammar,B1,"{""rule"": ""Can use a/an and plural forms"", ""common_mistake"": ""Check the structure before choosing an answer."", ""drill"": ""Choose the form that matches the rule."", ""answer"": ""Use the rule shown above.""}",870489c6dafa491c4bb2195d68bd8e9144e47cd7
grammar-lesson-023,GRAMMAR_LESSON,Uncountable nouns,Do not normally use a/an or plural -s,Do not normally use a/an or plural -s,Example: This sentence demonstrates uncountable nouns in context.,,Grammar,B1,"{""rule"": ""Do not normally use a/an or plural -s"", ""common_mistake"": ""Check the structure before choosing an answer."", ""drill"": ""Choose the form that matches the rule."", ""answer"": ""Use the rule shown above.""}",86dbacfb39ab4800cc74299455b90537fd9d6023
grammar-lesson-024,GRAMMAR_LESSON,Comparatives,Use -er or more + adjective,Use -er or more + adjective,Example: This sentence demonstrates comparatives in context.,,Grammar,B1,"{""rule"": ""Use -er or more + adjective"", ""common_mistake"": ""Check the structure before choosing an answer."", ""drill"": ""Choose the form that matches the rule."", ""answer"": ""Use the rule shown above.""}",dc492a85903e24710b3695abe8e3132778676c16
grammar-lesson-025,GRAMMAR_LESSON,Superlatives,Use the -est or the most + adjective,Use the -est or the most + adjective,Example: This sentence demonstrates superlatives in context.,,Grammar,B1,"{""rule"": ""Use the -est or the most + adjective"", ""common_mistake"": ""Check the structure before choosing an answer."", ""drill"": ""Choose the form that matches the rule."", ""answer"": ""Use the rule shown above.""}",3dfb2cf0cba07d8ca7f4cc790944132c05f6d696
grammar-lesson-026,GRAMMAR_LESSON,Too vs Enough,too + adjective; adjective + enough,too + adjective; adjective + enough,Example: This sentence demonstrates too vs enough in context.,,Grammar,B1,"{""rule"": ""too + adjective; adjective + enough"", ""common_mistake"": ""Check the structure before choosing an answer."", ""drill"": ""Choose the form that matches the rule."", ""answer"": ""Use the rule shown above.""}",30e576134fc7e550774d86fe44d01213397d321f
grammar-lesson-027,GRAMMAR_LESSON,Gerunds after prepositions,preposition + V-ing,preposition + V-ing,Example: This sentence demonstrates gerunds after prepositions in context.,,Grammar,B1,"{""rule"": ""preposition + V-ing"", ""common_mistake"": ""Check the structure before choosing an answer."", ""drill"": ""Choose the form that matches the rule."", ""answer"": ""Use the rule shown above.""}",8fd33977091be02eb3f11127f77ec5d20a8cb19b
grammar-lesson-028,GRAMMAR_LESSON,Infinitive of purpose,to + base verb for purpose,to + base verb for purpose,Example: This sentence demonstrates infinitive of purpose in context.,,Grammar,B1,"{""rule"": ""to + base verb for purpose"", ""common_mistake"": ""Check the structure before choosing an answer."", ""drill"": ""Choose the form that matches the rule."", ""answer"": ""Use the rule shown above.""}",ce7a2450f11806a73aaed833603765b6598368b8
grammar-lesson-029,GRAMMAR_LESSON,Verb + gerund,Some verbs are followed by V-ing,Some verbs are followed by V-ing,Example: This sentence demonstrates verb + gerund in context.,,Grammar,B1,"{""rule"": ""Some verbs are followed by V-ing"", ""common_mistake"": ""Check the structure before choosing an answer."", ""drill"": ""Choose the form that matches the rule."", ""answer"": ""Use the rule shown above.""}",1b8f002c88be792bc47445dd933a88348ac236a2
grammar-lesson-030,GRAMMAR_LESSON,Verb + infinitive,Some verbs are followed by to + V,Some verbs are followed by to + V,Example: This sentence demonstrates verb + infinitive in context.,,Grammar,B1,"{""rule"": ""Some verbs are followed by to + V"", ""common_mistake"": ""Check the structure before choosing an answer."", ""drill"": ""Choose the form that matches the rule."", ""answer"": ""Use the rule shown above.""}",906128f72c3bfbd1c809f4d750d7f567f49f6112
grammar-lesson-031,GRAMMAR_LESSON,Relative clauses who/which,who for people; which for things,who for people; which for things,Example: This sentence demonstrates relative clauses who/which in context.,,Grammar,B1,"{""rule"": ""who for people; which for things"", ""common_mistake"": ""Check the structure before choosing an answer."", ""drill"": ""Choose the form that matches the rule."", ""answer"": ""Use the rule shown above.""}",d713d9dbaa363e0e43a30d0e5aed218c97dfec08
grammar-lesson-032,GRAMMAR_LESSON,Relative clauses where,where for places,where for places,Example: This sentence demonstrates relative clauses where in context.,,Grammar,B1,"{""rule"": ""where for places"", ""common_mistake"": ""Check the structure before choosing an answer."", ""drill"": ""Choose the form that matches the rule."", ""answer"": ""Use the rule shown above.""}",95b20ca67f8572765c19ec7c85e092fc38c04b7e
grammar-lesson-033,GRAMMAR_LESSON,Reported speech,Backshift tense when appropriate,Backshift tense when appropriate,Example: This sentence demonstrates reported speech in context.,,Grammar,B1,"{""rule"": ""Backshift tense when appropriate"", ""common_mistake"": ""Check the structure before choosing an answer."", ""drill"": ""Choose the form that matches the rule."", ""answer"": ""Use the rule shown above.""}",8caeef03e3dc39ad7137535aa5fc1c1892c898dc
grammar-lesson-034,GRAMMAR_LESSON,Reported questions,Use statement word order after reporting verb,Use statement word order after reporting verb,Example: This sentence demonstrates reported questions in context.,,Grammar,B1,"{""rule"": ""Use statement word order after reporting verb"", ""common_mistake"": ""Check the structure before choosing an answer."", ""drill"": ""Choose the form that matches the rule."", ""answer"": ""Use the rule shown above.""}",b3c73539cac6627af7b0c96e1948b6ff99875336
grammar-lesson-035,GRAMMAR_LESSON,Question forms,auxiliary + subject + base verb,auxiliary + subject + base verb,Example: This sentence demonstrates question forms in context.,,Grammar,B1,"{""rule"": ""auxiliary + subject + base verb"", ""common_mistake"": ""Check the structure before choosing an answer."", ""drill"": ""Choose the form that matches the rule."", ""answer"": ""Use the rule shown above.""}",dfb85f5904929395a914434a2af740837ae58b53
grammar-lesson-036,GRAMMAR_LESSON,Subject-verb agreement,Singular subjects take singular verbs,Singular subjects take singular verbs,Example: This sentence demonstrates subject-verb agreement in context.,,Grammar,B1,"{""rule"": ""Singular subjects take singular verbs"", ""common_mistake"": ""Check the structure before choosing an answer."", ""drill"": ""Choose the form that matches the rule."", ""answer"": ""Use the rule shown above.""}",6606098cecd9446bb5de523aaf34748f59cadfce
grammar-lesson-037,GRAMMAR_LESSON,Neither...nor agreement,Verb often agrees with nearest subject,Verb often agrees with nearest subject,Example: This sentence demonstrates neither...nor agreement in context.,,Grammar,B1,"{""rule"": ""Verb often agrees with nearest subject"", ""common_mistake"": ""Check the structure before choosing an answer."", ""drill"": ""Choose the form that matches the rule."", ""answer"": ""Use the rule shown above.""}",f3941199f1cf0a3a2335e451bcbcb98fb253d61b
grammar-lesson-038,GRAMMAR_LESSON,Prepositions of time,at / on / in,at / on / in,Example: This sentence demonstrates prepositions of time in context.,,Grammar,B1,"{""rule"": ""at / on / in"", ""common_mistake"": ""Check the structure before choosing an answer."", ""drill"": ""Choose the form that matches the rule."", ""answer"": ""Use the rule shown above.""}",f2a81950bead09a44310506aefe86f940fb92435
grammar-lesson-039,GRAMMAR_LESSON,Prepositions of place,at / in / on,at / in / on,Example: This sentence demonstrates prepositions of place in context.,,Grammar,B1,"{""rule"": ""at / in / on"", ""common_mistake"": ""Check the structure before choosing an answer."", ""drill"": ""Choose the form that matches the rule."", ""answer"": ""Use the rule shown above.""}",0a6da4b1c795527dfd70e90c884b0a229327999d
grammar-lesson-040,GRAMMAR_LESSON,By vs Until,by = deadline; until = continuation,by = deadline; until = continuation,Example: This sentence demonstrates by vs until in context.,,Grammar,B1,"{""rule"": ""by = deadline; until = continuation"", ""common_mistake"": ""Check the structure before choosing an answer."", ""drill"": ""Choose the form that matches the rule."", ""answer"": ""Use the rule shown above.""}",8d9a1e14307aff45aadd183ebc6511cd471ab7d3
grammar-lesson-041,GRAMMAR_LESSON,Because vs Because of,because + clause; because of + noun phrase,because + clause; because of + noun phrase,Example: This sentence demonstrates because vs because of in context.,,Grammar,B1,"{""rule"": ""because + clause; because of + noun phrase"", ""common_mistake"": ""Check the structure before choosing an answer."", ""drill"": ""Choose the form that matches the rule."", ""answer"": ""Use the rule shown above.""}",f448232db5351a29da2737603575963a1c8481c9
grammar-lesson-042,GRAMMAR_LESSON,Although vs Despite,although + clause; despite + noun/V-ing,although + clause; despite + noun/V-ing,Example: This sentence demonstrates although vs despite in context.,,Grammar,B1,"{""rule"": ""although + clause; despite + noun/V-ing"", ""common_mistake"": ""Check the structure before choosing an answer."", ""drill"": ""Choose the form that matches the rule."", ""answer"": ""Use the rule shown above.""}",750dea6498e88e39139054f2f194d5a6ae09d4ea
grammar-lesson-043,GRAMMAR_LESSON,So vs Such,so + adjective; such + noun phrase,so + adjective; such + noun phrase,Example: This sentence demonstrates so vs such in context.,,Grammar,B1,"{""rule"": ""so + adjective; such + noun phrase"", ""common_mistake"": ""Check the structure before choosing an answer."", ""drill"": ""Choose the form that matches the rule."", ""answer"": ""Use the rule shown above.""}",846c887b3b1786b934b07f0e0026776e744d2671
grammar-lesson-044,GRAMMAR_LESSON,Both / Either / Neither,Use for two items,Use for two items,Example: This sentence demonstrates both / either / neither in context.,,Grammar,B1,"{""rule"": ""Use for two items"", ""common_mistake"": ""Check the structure before choosing an answer."", ""drill"": ""Choose the form that matches the rule."", ""answer"": ""Use the rule shown above.""}",a9ff9c8e245215523967395a420d4a668f9e72b3
grammar-lesson-045,GRAMMAR_LESSON,Much / Many,much with uncountable; many with countable plural,much with uncountable; many with countable plural,Example: This sentence demonstrates much / many in context.,,Grammar,B1,"{""rule"": ""much with uncountable; many with countable plural"", ""common_mistake"": ""Check the structure before choosing an answer."", ""drill"": ""Choose the form that matches the rule."", ""answer"": ""Use the rule shown above.""}",17fc25efb4e024a740425c3de387ae7cc96a85f1
grammar-lesson-046,GRAMMAR_LESSON,Few / Little,few countable; little uncountable,few countable; little uncountable,Example: This sentence demonstrates few / little in context.,,Grammar,B1,"{""rule"": ""few countable; little uncountable"", ""common_mistake"": ""Check the structure before choosing an answer."", ""drill"": ""Choose the form that matches the rule."", ""answer"": ""Use the rule shown above.""}",ea259d48232b969679ce1e2aa9e1ce4471734daa
grammar-lesson-047,GRAMMAR_LESSON,Some / Any,some common in affirmative; any common in negatives/questions,some common in affirmative; any common in negatives/questions,Example: This sentence demonstrates some / any in context.,,Grammar,B1,"{""rule"": ""some common in affirmative; any common in negatives/questions"", ""common_mistake"": ""Check the structure before choosing an answer."", ""drill"": ""Choose the form that matches the rule."", ""answer"": ""Use the rule shown above.""}",740345a5302df097d783eba492ec056b4ecf8c7a
grammar-lesson-048,GRAMMAR_LESSON,Word form,Choose noun/verb/adjective/adverb from sentence position,Choose noun/verb/adjective/adverb from sentence position,Example: This sentence demonstrates word form in context.,,Grammar,B1,"{""rule"": ""Choose noun/verb/adjective/adverb from sentence position"", ""common_mistake"": ""Check the structure before choosing an answer."", ""drill"": ""Choose the form that matches the rule."", ""answer"": ""Use the rule shown above.""}",cd7db9072fac9a2f2cc4e8adfd321723f10c8855
grammar-lesson-049,GRAMMAR_LESSON,Adjective vs Adverb,Adjectives modify nouns; adverbs often modify verbs/adjectives,Adjectives modify nouns; adverbs often modify verbs/adjectives,Example: This sentence demonstrates adjective vs adverb in context.,,Grammar,B1,"{""rule"": ""Adjectives modify nouns; adverbs often modify verbs/adjectives"", ""common_mistake"": ""Check the structure before choosing an answer."", ""drill"": ""Choose the form that matches the rule."", ""answer"": ""Use the rule shown above.""}",f06f42ae441ea11927db6c3167d8ffea2b0557de
grammar-lesson-050,GRAMMAR_LESSON,Conjunctions,Connect clauses and logical relationships,Connect clauses and logical relationships,Example: This sentence demonstrates conjunctions in context.,,Grammar,B1,"{""rule"": ""Connect clauses and logical relationships"", ""common_mistake"": ""Check the structure before choosing an answer."", ""drill"": ""Choose the form that matches the rule."", ""answer"": ""Use the rule shown above.""}",fc61ab3f6e55d7f466c1734f5db60accbc0bc122
grammar-lesson-051,GRAMMAR_LESSON,Conditionals review,Match tense pattern to real/unreal time,Match tense pattern to real/unreal time,Example: This sentence demonstrates conditionals review in context.,,Grammar,B1,"{""rule"": ""Match tense pattern to real/unreal time"", ""common_mistake"": ""Check the structure before choosing an answer."", ""drill"": ""Choose the form that matches the rule."", ""answer"": ""Use the rule shown above.""}",f27b07c4aafd6f66f4c828a236fe89650b94f1b6
grammar-lesson-052,GRAMMAR_LESSON,Present perfect passive,has/have been + past participle,has/have been + past participle,Example: This sentence demonstrates present perfect passive in context.,,Grammar,B1,"{""rule"": ""has/have been + past participle"", ""common_mistake"": ""Check the structure before choosing an answer."", ""drill"": ""Choose the form that matches the rule."", ""answer"": ""Use the rule shown above.""}",e04d22d8cdc64a0a28d3231baef3436df26bebdf
grammar-lesson-053,GRAMMAR_LESSON,Modal passive,modal + be + past participle,modal + be + past participle,Example: This sentence demonstrates modal passive in context.,,Grammar,B1,"{""rule"": ""modal + be + past participle"", ""common_mistake"": ""Check the structure before choosing an answer."", ""drill"": ""Choose the form that matches the rule."", ""answer"": ""Use the rule shown above.""}",d981fef887ee07dcba190aaf8e1c652d9d28992c
paraphrase-186,PARAPHRASE,very tired,worn out,Paraphrase pair for reading/listening recognition.,"""very tired"" can often be paraphrased as ""worn out"" in a suitable context.",,Paraphrase,B1,"{""note"": ""Not always interchangeable in every context.""}",2cfd8888f4f3dcf5bd4abcbb77338e2a4204417c
paraphrase-187,PARAPHRASE,very happy,delighted,Paraphrase pair for reading/listening recognition.,"""very happy"" can often be paraphrased as ""delighted"" in a suitable context.",,Paraphrase,B1,"{""note"": ""Not always interchangeable in every context.""}",43c007c16c805708527f46b12f75566a47f8decb
paraphrase-188,PARAPHRASE,very surprised,amazed,Paraphrase pair for reading/listening recognition.,"""very surprised"" can often be paraphrased as ""amazed"" in a suitable context.",,Paraphrase,B1,"{""note"": ""Not always interchangeable in every context.""}",d22bc83475bd8bc23a52e94932d307791a1c7471
paraphrase-189,PARAPHRASE,a short delay,a brief postponement,Paraphrase pair for reading/listening recognition.,"""a short delay"" can often be paraphrased as ""a brief postponement"" in a suitable context.",,Paraphrase,B1,"{""note"": ""Not always interchangeable in every context.""}",a6027471b4bf7cbefafc5d7d72dd1debdc8edb08
paraphrase-190,PARAPHRASE,make something better,enhance,Paraphrase pair for reading/listening recognition.,"""make something better"" can often be paraphrased as ""enhance"" in a suitable context.",,Paraphrase,B1,"{""note"": ""Not always interchangeable in every context.""}",cf8fd6c0a7b27519485fa6abe5d7ac975e8331ac
paraphrase-191,PARAPHRASE,make something clear,clarify,Paraphrase pair for reading/listening recognition.,"""make something clear"" can often be paraphrased as ""clarify"" in a suitable context.",,Paraphrase,B1,"{""note"": ""Not always interchangeable in every context.""}",be70d771dab68402f685057f9037705b5c6b127b
paraphrase-192,PARAPHRASE,be allowed to,have permission to,Paraphrase pair for reading/listening recognition.,"""be allowed to"" can often be paraphrased as ""have permission to"" in a suitable context.",,Paraphrase,B1,"{""note"": ""Not always interchangeable in every context.""}",376bb6c73ee725e2744b6dc8cb9a1b35e2ebed55
paraphrase-193,PARAPHRASE,be likely to,probably will,Paraphrase pair for reading/listening recognition.,"""be likely to"" can often be paraphrased as ""probably will"" in a suitable context.",,Paraphrase,B1,"{""note"": ""Not always interchangeable in every context.""}",de82e22ef546561701cfdcc9cc1dceb50230709e
