module,type,topic,difficulty,prompt,passage,options_json,correct_answer,explanation,audio_text,time_limit_seconds,source_note,is_active,created_by
grammar,mcq,Tenses,A2,She ___ at this company since 2022.,,"[""has worked"", ""worked"", ""is working""]",has worked,Present perfect + since for an action continuing to now.,,,YangLingo Adaptive original practice content,1,
grammar,mcq,Conditionals,B1,"If I had more time, I ___ another course.",,"[""would take"", ""will take"", ""take""]",would take,"Second conditional: if + past, would + base verb.",,,YangLingo Adaptive original practice content,1,
grammar,mcq,Modals,B1,You ___ bring a laptop; computers are provided.,,"[""do not have to"", ""must not"", ""cannot""]",do not have to,No obligation = do not have to.,,,YangLingo Adaptive original practice content,1,
grammar,mcq,Articles,B1,We booked ___ room near the station.,,"[""a"", ""an"", ""the""]",a,Use a with a singular non-specific countable noun.,,,YangLingo Adaptive original practice content,1,
grammar,mcq,Prepositions,A2,The workshop starts ___ 9 a.m.,,"[""at"", ""on"", ""in""]",at,Use at with clock times.,,,YangLingo Adaptive original practice content,1,
grammar,mcq,Passive voice,B1,The results ___ tomorrow.,,"[""will be announced"", ""will announce"", ""announced""]",will be announced,Future passive: will be + past participle.,,,YangLingo Adaptive original practice content,1,
grammar,mcq,Reported speech,B1,He said that he ___ busy that day.,,"[""was"", ""is"", ""will be""]",was,Reported speech commonly backshifts present to past.,,,YangLingo Adaptive original practice content,1,
grammar,mcq,Relative clauses,B1,The woman ___ called you is our manager.,,"[""who"", ""which"", ""where""]",who,Who refers to people.,,,YangLingo Adaptive original practice content,1,
grammar,mcq,Gerunds/infinitives,A2,They decided ___ the event online.,,"[""to hold"", ""holding"", ""hold""]",to hold,Decide is followed by to + infinitive.,,,YangLingo Adaptive original practice content,1,
grammar,mcq,Comparatives,B1,This route is ___ than the old one.,,"[""shorter"", ""shortest"", ""more short""]",shorter,Comparative of short is shorter.,,,YangLingo Adaptive original practice content,1,
grammar,mcq,Conjunctions,B1,The event continued ___ it was raining.,,"[""although"", ""because of"", ""despite of""]",although,Although introduces a clause.,,,YangLingo Adaptive original practice content,1,
grammar,mcq,Pronouns,B1,Please send the form to Maria or ___.,,"[""me"", ""I"", ""mine""]",me,Object pronoun is required after to.,,,YangLingo Adaptive original practice content,1,
grammar,mcq,Question forms,A2,Where ___ the meeting take place?,,"[""does"", ""is"", ""has""]",does,Present-simple question uses does + subject + base verb.,,,YangLingo Adaptive original practice content,1,
grammar,mcq,Tenses,B1,She ___ at this company since 2022. [Practice 14],,"[""worked"", ""is working"", ""has worked""]",has worked,Present perfect + since for an action continuing to now.,,,YangLingo Adaptive original practice content,1,
grammar,mcq,Conditionals,B1,"If I had more time, I ___ another course. [Practice 15]",,"[""will take"", ""take"", ""would take""]",would take,"Second conditional: if + past, would + base verb.",,,YangLingo Adaptive original practice content,1,
grammar,mcq,Modals,B1,You ___ bring a laptop; computers are provided. [Practice 16],,"[""must not"", ""cannot"", ""do not have to""]",do not have to,No obligation = do not have to.,,,YangLingo Adaptive original practice content,1,
grammar,mcq,Articles,A2,We booked ___ room near the station. [Practice 17],,"[""an"", ""the"", ""a""]",a,Use a with a singular non-specific countable noun.,,,YangLingo Adaptive original practice content,1,
grammar,mcq,Prepositions,B1,The workshop starts ___ 9 a.m. [Practice 18],,"[""on"", ""in"", ""at""]",at,Use at with clock times.,,,YangLingo Adaptive original practice content,1,
grammar,mcq,Passive voice,B1,The results ___ tomorrow. [Practice 19],,"[""will announce"", ""announced"", ""will be announced""]",will be announced,Future passive: will be + past participle.,,,YangLingo Adaptive original practice content,1,
grammar,mcq,Reported speech,B1,He said that he ___ busy that day. [Practice 20],,"[""is"", ""will be"", ""was""]",was,Reported speech commonly backshifts present to past.,,,YangLingo Adaptive original practice content,1,
grammar,mcq,Relative clauses,A2,The woman ___ called you is our manager. [Practice 21],,"[""which"", ""where"", ""who""]",who,Who refers to people.,,,YangLingo Adaptive original practice content,1,
grammar,mcq,Gerunds/infinitives,B1,They decided ___ the event online. [Practice 22],,"[""holding"", ""hold"", ""to hold""]",to hold,Decide is followed by to + infinitive.,,,YangLingo Adaptive original practice content,1,
grammar,mcq,Comparatives,B1,This route is ___ than the old one. [Practice 23],,"[""shortest"", ""more short"", ""shorter""]",shorter,Comparative of short is shorter.,,,YangLingo Adaptive original practice content,1,
grammar,mcq,Conjunctions,B1,The event continued ___ it was raining. [Practice 24],,"[""because of"", ""despite of"", ""although""]",although,Although introduces a clause.,,,YangLingo Adaptive original practice content,1,
grammar,mcq,Pronouns,A2,Please send the form to Maria or ___. [Practice 25],,"[""I"", ""mine"", ""me""]",me,Object pronoun is required after to.,,,YangLingo Adaptive original practice content,1,
grammar,mcq,Question forms,B1,Where ___ the meeting take place? [Practice 26],,"[""is"", ""has"", ""does""]",does,Present-simple question uses does + subject + base verb.,,,YangLingo Adaptive original practice content,1,
grammar,mcq,Tenses,B1,She ___ at this company since 2022. [Practice 27],,"[""is working"", ""has worked"", ""worked""]",has worked,Present perfect + since for an action continuing to now.,,,YangLingo Adaptive original practice content,1,
grammar,mcq,Conditionals,B1,"If I had more time, I ___ another course. [Practice 28]",,"[""take"", ""would take"", ""will take""]",would take,"Second conditional: if + past, would + base verb.",,,YangLingo Adaptive original practice content,1,
grammar,mcq,Modals,A2,You ___ bring a laptop; computers are provided. [Practice 29],,"[""cannot"", ""do not have to"", ""must not""]",do not have to,No obligation = do not have to.,,,YangLingo Adaptive original practice content,1,
grammar,mcq,Articles,B1,We booked ___ room near the station. [Practice 30],,"[""the"", ""a"", ""an""]",a,Use a with a singular non-specific countable noun.,,,YangLingo Adaptive original practice content,1,
grammar,mcq,Prepositions,B1,The workshop starts ___ 9 a.m. [Practice 31],,"[""in"", ""at"", ""on""]",at,Use at with clock times.,,,YangLingo Adaptive original practice content,1,
grammar,mcq,Passive voice,B1,The results ___ tomorrow. [Practice 32],,"[""announced"", ""will be announced"", ""will announce""]",will be announced,Future passive: will be + past participle.,,,YangLingo Adaptive original practice content,1,
grammar,mcq,Reported speech,A2,He said that he ___ busy that day. [Practice 33],,"[""will be"", ""was"", ""is""]",was,Reported speech commonly backshifts present to past.,,,YangLingo Adaptive original practice content,1,
grammar,mcq,Relative clauses,B1,The woman ___ called you is our manager. [Practice 34],,"[""where"", ""who"", ""which""]",who,Who refers to people.,,,YangLingo Adaptive original practice content,1,
grammar,mcq,Gerunds/infinitives,B1,They decided ___ the event online. [Practice 35],,"[""hold"", ""to hold"", ""holding""]",to hold,Decide is followed by to + infinitive.,,,YangLingo Adaptive original practice content,1,
grammar,mcq,Comparatives,B1,This route is ___ than the old one. [Practice 36],,"[""more short"", ""shorter"", ""shortest""]",shorter,Comparative of short is shorter.,,,YangLingo Adaptive original practice content,1,
grammar,mcq,Conjunctions,A2,The event continued ___ it was raining. [Practice 37],,"[""despite of"", ""although"", ""because of""]",although,Although introduces a clause.,,,YangLingo Adaptive original practice content,1,
grammar,mcq,Pronouns,B1,Please send the form to Maria or ___. [Practice 38],,"[""mine"", ""me"", ""I""]",me,Object pronoun is required after to.,,,YangLingo Adaptive original practice content,1,
grammar,mcq,Question forms,B1,Where ___ the meeting take place? [Practice 39],,"[""has"", ""does"", ""is""]",does,Present-simple question uses does + subject + base verb.,,,YangLingo Adaptive original practice content,1,
grammar,mcq,Tenses,B1,She ___ at this company since 2022. [Practice 40],,"[""has worked"", ""worked"", ""is working""]",has worked,Present perfect + since for an action continuing to now.,,,YangLingo Adaptive original practice content,1,
grammar,mcq,Conditionals,A2,"If I had more time, I ___ another course. [Practice 41]",,"[""would take"", ""will take"", ""take""]",would take,"Second conditional: if + past, would + base verb.",,,YangLingo Adaptive original practice content,1,
grammar,mcq,Modals,B1,You ___ bring a laptop; computers are provided. [Practice 42],,"[""do not have to"", ""must not"", ""cannot""]",do not have to,No obligation = do not have to.,,,YangLingo Adaptive original practice content,1,
grammar,mcq,Articles,B1,We booked ___ room near the station. [Practice 43],,"[""a"", ""an"", ""the""]",a,Use a with a singular non-specific countable noun.,,,YangLingo Adaptive original practice content,1,
grammar,mcq,Prepositions,B1,The workshop starts ___ 9 a.m. [Practice 44],,"[""at"", ""on"", ""in""]",at,Use at with clock times.,,,YangLingo Adaptive original practice content,1,
grammar,mcq,Passive voice,A2,The results ___ tomorrow. [Practice 45],,"[""will be announced"", ""will announce"", ""announced""]",will be announced,Future passive: will be + past participle.,,,YangLingo Adaptive original practice content,1,
grammar,mcq,Reported speech,B1,He said that he ___ busy that day. [Practice 46],,"[""was"", ""is"", ""will be""]",was,Reported speech commonly backshifts present to past.,,,YangLingo Adaptive original practice content,1,
grammar,mcq,Relative clauses,B1,The woman ___ called you is our manager. [Practice 47],,"[""who"", ""which"", ""where""]",who,Who refers to people.,,,YangLingo Adaptive original practice content,1,
grammar,mcq,Gerunds/infinitives,B1,They decided ___ the event online. [Practice 48],,"[""to hold"", ""holding"", ""hold""]",to hold,Decide is followed by to + infinitive.,,,YangLingo Adaptive original practice content,1,
grammar,mcq,Comparatives,A2,This route is ___ than the old one. [Practice 49],,"[""shorter"", ""shortest"", ""more short""]",shorter,Comparative of short is shorter.,,,YangLingo Adaptive original practice content,1,
grammar,mcq,Conjunctions,B1,The event continued ___ it was raining. [Practice 50],,"[""although"", ""because of"", ""despite of""]",although,Although introduces a clause.,,,YangLingo Adaptive original practice content,1,
grammar,mcq,Pronouns,B1,Please send the form to Maria or ___. [Practice 51],,"[""me"", ""I"", ""mine""]",me,Object pronoun is required after to.,,,YangLingo Adaptive original practice content,1,
grammar,mcq,Question forms,B1,Where ___ the meeting take place? [Practice 52],,"[""does"", ""is"", ""has""]",does,Present-simple question uses does + subject + base verb.,,,YangLingo Adaptive original practice content,1,
grammar,mcq,Tenses,A2,She ___ at this company since 2022. [Practice 53],,"[""worked"", ""is working"", ""has worked""]",has worked,Present perfect + since for an action continuing to now.,,,YangLingo Adaptive original practice content,1,
grammar,mcq,Conditionals,B1,"If I had more time, I ___ another course. [Practice 54]",,"[""will take"", ""take"", ""would take""]",would take,"Second conditional: if + past, would + base verb.",,,YangLingo Adaptive original practice content,1,
grammar,mcq,Modals,B1,You ___ bring a laptop; computers are provided. [Practice 55],,"[""must not"", ""cannot"", ""do not have to""]",do not have to,No obligation = do not have to.,,,YangLingo Adaptive original practice content,1,
grammar,mcq,Articles,B1,We booked ___ room near the station. [Practice 56],,"[""an"", ""the"", ""a""]",a,Use a with a singular non-specific countable noun.,,,YangLingo Adaptive original practice content,1,
grammar,mcq,Prepositions,A2,The workshop starts ___ 9 a.m. [Practice 57],,"[""on"", ""in"", ""at""]",at,Use at with clock times.,,,YangLingo Adaptive original practice content,1,
grammar,mcq,Passive voice,B1,The results ___ tomorrow. [Practice 58],,"[""will announce"", ""announced"", ""will be announced""]",will be announced,Future passive: will be + past participle.,,,YangLingo Adaptive original practice content,1,
grammar,mcq,Reported speech,B1,He said that he ___ busy that day. [Practice 59],,"[""is"", ""will be"", ""was""]",was,Reported speech commonly backshifts present to past.,,,YangLingo Adaptive original practice content,1,
grammar,mcq,Relative clauses,B1,The woman ___ called you is our manager. [Practice 60],,"[""which"", ""where"", ""who""]",who,Who refers to people.,,,YangLingo Adaptive original practice content,1,
grammar,mcq,Gerunds/infinitives,A2,They decided ___ the event online. [Practice 61],,"[""holding"", ""hold"", ""to hold""]",to hold,Decide is followed by to + infinitive.,,,YangLingo Adaptive original practice content,1,
grammar,mcq,Comparatives,B1,This route is ___ than the old one. [Practice 62],,"[""shortest"", ""more short"", ""shorter""]",shorter,Comparative of short is shorter.,,,YangLingo Adaptive original practice content,1,
grammar,mcq,Conjunctions,B1,The event continued ___ it was raining. [Practice 63],,"[""because of"", ""despite of"", ""although""]",although,Although introduces a clause.,,,YangLingo Adaptive original practice content,1,
grammar,mcq,Pronouns,B1,Please send the form to Maria or ___. [Practice 64],,"[""I"", ""mine"", ""me""]",me,Object pronoun is required after to.,,,YangLingo Adaptive original practice content,1,
grammar,mcq,Question forms,A2,Where ___ the meeting take place? [Practice 65],,"[""is"", ""has"", ""does""]",does,Present-simple question uses does + subject + base verb.,,,YangLingo Adaptive original practice content,1,
grammar,mcq,Tenses,B1,She ___ at this company since 2022. [Practice 66],,"[""is working"", ""has worked"", ""worked""]",has worked,Present perfect + since for an action continuing to now.,,,YangLingo Adaptive original practice content,1,
grammar,mcq,Conditionals,B1,"If I had more time, I ___ another course. [Practice 67]",,"[""take"", ""would take"", ""will take""]",would take,"Second conditional: if + past, would + base verb.",,,YangLingo Adaptive original practice content,1,
grammar,mcq,Modals,B1,You ___ bring a laptop; computers are provided. [Practice 68],,"[""cannot"", ""do not have to"", ""must not""]",do not have to,No obligation = do not have to.,,,YangLingo Adaptive original practice content,1,
grammar,mcq,Articles,A2,We booked ___ room near the station. [Practice 69],,"[""the"", ""a"", ""an""]",a,Use a with a singular non-specific countable noun.,,,YangLingo Adaptive original practice content,1,
grammar,mcq,Prepositions,B1,The workshop starts ___ 9 a.m. [Practice 70],,"[""in"", ""at"", ""on""]",at,Use at with clock times.,,,YangLingo Adaptive original practice content,1,
grammar,mcq,Passive voice,B1,The results ___ tomorrow. [Practice 71],,"[""announced"", ""will be announced"", ""will announce""]",will be announced,Future passive: will be + past participle.,,,YangLingo Adaptive original practice content,1,
grammar,mcq,Reported speech,B1,He said that he ___ busy that day. [Practice 72],,"[""will be"", ""was"", ""is""]",was,Reported speech commonly backshifts present to past.,,,YangLingo Adaptive original practice content,1,
grammar,mcq,Relative clauses,A2,The woman ___ called you is our manager. [Practice 73],,"[""where"", ""who"", ""which""]",who,Who refers to people.,,,YangLingo Adaptive original practice content,1,
grammar,mcq,Gerunds/infinitives,B1,They decided ___ the event online. [Practice 74],,"[""hold"", ""to hold"", ""holding""]",to hold,Decide is followed by to + infinitive.,,,YangLingo Adaptive original practice content,1,
grammar,mcq,Comparatives,B1,This route is ___ than the old one. [Practice 75],,"[""more short"", ""shorter"", ""shortest""]",shorter,Comparative of short is shorter.,,,YangLingo Adaptive original practice content,1,
grammar,mcq,Conjunctions,B1,The event continued ___ it was raining. [Practice 76],,"[""despite of"", ""although"", ""because of""]",although,Although introduces a clause.,,,YangLingo Adaptive original practice content,1,
grammar,mcq,Pronouns,A2,Please send the form to Maria or ___. [Practice 77],,"[""mine"", ""me"", ""I""]",me,Object pronoun is required after to.,,,YangLingo Adaptive original practice content,1,
grammar,mcq,Question forms,B1,Where ___ the meeting take place? [Practice 78],,"[""has"", ""does"", ""is""]",does,Present-simple question uses does + subject + base verb.,,,YangLingo Adaptive original practice content,1,
grammar,mcq,Tenses,B1,She ___ at this company since 2022. [Practice 79],,"[""has worked"", ""worked"", ""is working""]",has worked,Present perfect + since for an action continuing to now.,,,YangLingo Adaptive original practice content,1,
grammar,mcq,Conditionals,B1,"If I had more time, I ___ another course. [Practice 80]",,"[""would take"", ""will take"", ""take""]",would take,"Second conditional: if + past, would + base verb.",,,YangLingo Adaptive original practice content,1,
grammar,mcq,Modals,A2,You ___ bring a laptop; computers are provided. [Practice 81],,"[""do not have to"", ""must not"", ""cannot""]",do not have to,No obligation = do not have to.,,,YangLingo Adaptive original practice content,1,
grammar,mcq,Articles,B1,We booked ___ room near the station. [Practice 82],,"[""a"", ""an"", ""the""]",a,Use a with a singular non-specific countable noun.,,,YangLingo Adaptive original practice content,1,
grammar,mcq,Prepositions,B1,The workshop starts ___ 9 a.m. [Practice 83],,"[""at"", ""on"", ""in""]",at,Use at with clock times.,,,YangLingo Adaptive original practice content,1,
grammar,mcq,Passive voice,B1,The results ___ tomorrow. [Practice 84],,"[""will be announced"", ""will announce"", ""announced""]",will be announced,Future passive: will be + past participle.,,,YangLingo Adaptive original practice content,1,
grammar,mcq,Reported speech,A2,He said that he ___ busy that day. [Practice 85],,"[""was"", ""is"", ""will be""]",was,Reported speech commonly backshifts present to past.,,,YangLingo Adaptive original practice content,1,
grammar,mcq,Relative clauses,B1,The woman ___ called you is our manager. [Practice 86],,"[""who"", ""which"", ""where""]",who,Who refers to people.,,,YangLingo Adaptive original practice content,1,
grammar,mcq,Gerunds/infinitives,B1,They decided ___ the event online. [Practice 87],,"[""to hold"", ""holding"", ""hold""]",to hold,Decide is followed by to + infinitive.,,,YangLingo Adaptive original practice content,1,
grammar,mcq,Comparatives,B1,This route is ___ than the old one. [Practice 88],,"[""shorter"", ""shortest"", ""more short""]",shorter,Comparative of short is shorter.,,,YangLingo Adaptive original practice content,1,
grammar,mcq,Conjunctions,A2,The event continued ___ it was raining. [Practice 89],,"[""although"", ""because of"", ""despite of""]",although,Although introduces a clause.,,,YangLingo Adaptive original practice content,1,
grammar,mcq,Pronouns,B1,Please send the form to Maria or ___. [Practice 90],,"[""me"", ""I"", ""mine""]",me,Object pronoun is required after to.,,,YangLingo Adaptive original practice content,1,
grammar,mcq,Question forms,B1,Where ___ the meeting take place? [Practice 91],,"[""does"", ""is"", ""has""]",does,Present-simple question uses does + subject + base verb.,,,YangLingo Adaptive original practice content,1,
grammar,mcq,Tenses,B1,She ___ at this company since 2022. [Practice 92],,"[""worked"", ""is working"", ""has worked""]",has worked,Present perfect + since for an action continuing to now.,,,YangLingo Adaptive original practice content,1,
grammar,mcq,Conditionals,A2,"If I had more time, I ___ another course. [Practice 93]",,"[""will take"", ""take"", ""would take""]",would take,"Second conditional: if + past, would + base verb.",,,YangLingo Adaptive original practice content,1,
grammar,mcq,Modals,B1,You ___ bring a laptop; computers are provided. [Practice 94],,"[""must not"", ""cannot"", ""do not have to""]",do not have to,No obligation = do not have to.,,,YangLingo Adaptive original practice content,1,
grammar,mcq,Articles,B1,We booked ___ room near the station. [Practice 95],,"[""an"", ""the"", ""a""]",a,Use a with a singular non-specific countable noun.,,,YangLingo Adaptive original practice content,1,
grammar,mcq,Prepositions,B1,The workshop starts ___ 9 a.m. [Practice 96],,"[""on"", ""in"", ""at""]",at,Use at with clock times.,,,YangLingo Adaptive original practice content,1,
grammar,mcq,Passive voice,A2,The results ___ tomorrow. [Practice 97],,"[""will announce"", ""announced"", ""will be announced""]",will be announced,Future passive: will be + past participle.,,,YangLingo Adaptive original practice content,1,
grammar,mcq,Reported speech,B1,He said that he ___ busy that day. [Practice 98],,"[""is"", ""will be"", ""was""]",was,Reported speech commonly backshifts present to past.,,,YangLingo Adaptive original practice content,1,
grammar,mcq,Relative clauses,B1,The woman ___ called you is our manager. [Practice 99],,"[""which"", ""where"", ""who""]",who,Who refers to people.,,,YangLingo Adaptive original practice content,1,
grammar,mcq,Gerunds/infinitives,B1,They decided ___ the event online. [Practice 100],,"[""holding"", ""hold"", ""to hold""]",to hold,Decide is followed by to + infinitive.,,,YangLingo Adaptive original practice content,1,
grammar,mcq,Comparatives,A2,This route is ___ than the old one. [Practice 101],,"[""shortest"", ""more short"", ""shorter""]",shorter,Comparative of short is shorter.,,,YangLingo Adaptive original practice content,1,
grammar,mcq,Conjunctions,B1,The event continued ___ it was raining. [Practice 102],,"[""because of"", ""despite of"", ""although""]",although,Although introduces a clause.,,,YangLingo Adaptive original practice content,1,
grammar,mcq,Pronouns,B1,Please send the form to Maria or ___. [Practice 103],,"[""I"", ""mine"", ""me""]",me,Object pronoun is required after to.,,,YangLingo Adaptive original practice content,1,
grammar,mcq,Question forms,B1,Where ___ the meeting take place? [Practice 104],,"[""is"", ""has"", ""does""]",does,Present-simple question uses does + subject + base verb.,,,YangLingo Adaptive original practice content,1,
grammar,mcq,Tenses,A2,She ___ at this company since 2022. [Practice 105],,"[""is working"", ""has worked"", ""worked""]",has worked,Present perfect + since for an action continuing to now.,,,YangLingo Adaptive original practice content,1,
grammar,mcq,Conditionals,B1,"If I had more time, I ___ another course. [Practice 106]",,"[""take"", ""would take"", ""will take""]",would take,"Second conditional: if + past, would + base verb.",,,YangLingo Adaptive original practice content,1,
grammar,mcq,Modals,B1,You ___ bring a laptop; computers are provided. [Practice 107],,"[""cannot"", ""do not have to"", ""must not""]",do not have to,No obligation = do not have to.,,,YangLingo Adaptive original practice content,1,
grammar,mcq,Articles,B1,We booked ___ room near the station. [Practice 108],,"[""the"", ""a"", ""an""]",a,Use a with a singular non-specific countable noun.,,,YangLingo Adaptive original practice content,1,
grammar,mcq,Prepositions,A2,The workshop starts ___ 9 a.m. [Practice 109],,"[""in"", ""at"", ""on""]",at,Use at with clock times.,,,YangLingo Adaptive original practice content,1,
grammar,mcq,Passive voice,B1,The results ___ tomorrow. [Practice 110],,"[""announced"", ""will be announced"", ""will announce""]",will be announced,Future passive: will be + past participle.,,,YangLingo Adaptive original practice content,1,
grammar,mcq,Reported speech,B1,He said that he ___ busy that day. [Practice 111],,"[""will be"", ""was"", ""is""]",was,Reported speech commonly backshifts present to past.,,,YangLingo Adaptive original practice content,1,
grammar,mcq,Relative clauses,B1,The woman ___ called you is our manager. [Practice 112],,"[""where"", ""who"", ""which""]",who,Who refers to people.,,,YangLingo Adaptive original practice content,1,
grammar,mcq,Gerunds/infinitives,A2,They decided ___ the event online. [Practice 113],,"[""hold"", ""to hold"", ""holding""]",to hold,Decide is followed by to + infinitive.,,,YangLingo Adaptive original practice content,1,
grammar,mcq,Comparatives,B1,This route is ___ than the old one. [Practice 114],,"[""more short"", ""shorter"", ""shortest""]",shorter,Comparative of short is shorter.,,,YangLingo Adaptive original practice content,1,
grammar,mcq,Conjunctions,B1,The event continued ___ it was raining. [Practice 115],,"[""despite of"", ""although"", ""because of""]",although,Although introduces a clause.,,,YangLingo Adaptive original practice content,1,
grammar,mcq,Pronouns,B1,Please send the form to Maria or ___. [Practice 116],,"[""mine"", ""me"", ""I""]",me,Object pronoun is required after to.,,,YangLingo Adaptive original practice content,1,
grammar,mcq,Question forms,A2,Where ___ the meeting take place? [Practice 117],,"[""has"", ""does"", ""is""]",does,Present-simple question uses does + subject + base verb.,,,YangLingo Adaptive original practice content,1,
grammar,mcq,Tenses,B1,She ___ at this company since 2022. [Practice 118],,"[""has worked"", ""worked"", ""is working""]",has worked,Present perfect + since for an action continuing to now.,,,YangLingo Adaptive original practice content,1,
grammar,mcq,Conditionals,B1,"If I had more time, I ___ another course. [Practice 119]",,"[""would take"", ""will take"", ""take""]",would take,"Second conditional: if + past, would + base verb.",,,YangLingo Adaptive original practice content,1,
grammar,mcq,Modals,B1,You ___ bring a laptop; computers are provided. [Practice 120],,"[""do not have to"", ""must not"", ""cannot""]",do not have to,No obligation = do not have to.,,,YangLingo Adaptive original practice content,1,
grammar,mcq,Articles,A2,We booked ___ room near the station. [Practice 121],,"[""a"", ""an"", ""the""]",a,Use a with a singular non-specific countable noun.,,,YangLingo Adaptive original practice content,1,
grammar,mcq,Prepositions,B1,The workshop starts ___ 9 a.m. [Practice 122],,"[""at"", ""on"", ""in""]",at,Use at with clock times.,,,YangLingo Adaptive original practice content,1,
grammar,mcq,Passive voice,B1,The results ___ tomorrow. [Practice 123],,"[""will be announced"", ""will announce"", ""announced""]",will be announced,Future passive: will be + past participle.,,,YangLingo Adaptive original practice content,1,
grammar,mcq,Reported speech,B1,He said that he ___ busy that day. [Practice 124],,"[""was"", ""is"", ""will be""]",was,Reported speech commonly backshifts present to past.,,,YangLingo Adaptive original practice content,1,
grammar,mcq,Relative clauses,A2,The woman ___ called you is our manager. [Practice 125],,"[""who"", ""which"", ""where""]",who,Who refers to people.,,,YangLingo Adaptive original practice content,1,
grammar,mcq,Gerunds/infinitives,B1,They decided ___ the event online. [Practice 126],,"[""to hold"", ""holding"", ""hold""]",to hold,Decide is followed by to + infinitive.,,,YangLingo Adaptive original practice content,1,
grammar,mcq,Comparatives,B1,This route is ___ than the old one. [Practice 127],,"[""shorter"", ""shortest"", ""more short""]",shorter,Comparative of short is shorter.,,,YangLingo Adaptive original practice content,1,
grammar,mcq,Conjunctions,B1,The event continued ___ it was raining. [Practice 128],,"[""although"", ""because of"", ""despite of""]",although,Although introduces a clause.,,,YangLingo Adaptive original practice content,1,
grammar,mcq,Pronouns,A2,Please send the form to Maria or ___. [Practice 129],,"[""me"", ""I"", ""mine""]",me,Object pronoun is required after to.,,,YangLingo Adaptive original practice content,1,
grammar,mcq,Question forms,B1,Where ___ the meeting take place? [Practice 130],,"[""does"", ""is"", ""has""]",does,Present-simple question uses does + subject + base verb.,,,YangLingo Adaptive original practice content,1,
grammar,mcq,Tenses,B1,She ___ at this company since 2022. [Practice 131],,"[""worked"", ""is working"", ""has worked""]",has worked,Present perfect + since for an action continuing to now.,,,YangLingo Adaptive original practice content,1,
grammar,mcq,Conditionals,B1,"If I had more time, I ___ another course. [Practice 132]",,"[""will take"", ""take"", ""would take""]",would take,"Second conditional: if + past, would + base verb.",,,YangLingo Adaptive original practice content,1,
grammar,mcq,Modals,A2,You ___ bring a laptop; computers are provided. [Practice 133],,"[""must not"", ""cannot"", ""do not have to""]",do not have to,No obligation = do not have to.,,,YangLingo Adaptive original practice content,1,
grammar,mcq,Articles,B1,We booked ___ room near the station. [Practice 134],,"[""an"", ""the"", ""a""]",a,Use a with a singular non-specific countable noun.,,,YangLingo Adaptive original practice content,1,
grammar,mcq,Prepositions,B1,The workshop starts ___ 9 a.m. [Practice 135],,"[""on"", ""in"", ""at""]",at,Use at with clock times.,,,YangLingo Adaptive original practice content,1,
grammar,mcq,Passive voice,B1,The results ___ tomorrow. [Practice 136],,"[""will announce"", ""announced"", ""will be announced""]",will be announced,Future passive: will be + past participle.,,,YangLingo Adaptive original practice content,1,
grammar,mcq,Reported speech,A2,He said that he ___ busy that day. [Practice 137],,"[""is"", ""will be"", ""was""]",was,Reported speech commonly backshifts present to past.,,,YangLingo Adaptive original practice content,1,
grammar,mcq,Relative clauses,B1,The woman ___ called you is our manager. [Practice 138],,"[""which"", ""where"", ""who""]",who,Who refers to people.,,,YangLingo Adaptive original practice content,1,
grammar,mcq,Gerunds/infinitives,B1,They decided ___ the event online. [Practice 139],,"[""holding"", ""hold"", ""to hold""]",to hold,Decide is followed by to + infinitive.,,,YangLingo Adaptive original practice content,1,
grammar,mcq,Comparatives,B1,This route is ___ than the old one. [Practice 140],,"[""shortest"", ""more short"", ""shorter""]",shorter,Comparative of short is shorter.,,,YangLingo Adaptive original practice content,1,
grammar,mcq,Conjunctions,A2,The event continued ___ it was raining. [Practice 141],,"[""because of"", ""despite of"", ""although""]",although,Although introduces a clause.,,,YangLingo Adaptive original practice content,1,
grammar,mcq,Pronouns,B1,Please send the form to Maria or ___. [Practice 142],,"[""I"", ""mine"", ""me""]",me,Object pronoun is required after to.,,,YangLingo Adaptive original practice content,1,
grammar,mcq,Question forms,B1,Where ___ the meeting take place? [Practice 143],,"[""is"", ""has"", ""does""]",does,Present-simple question uses does + subject + base verb.,,,YangLingo Adaptive original practice content,1,
grammar,mcq,Tenses,B1,She ___ at this company since 2022. [Practice 144],,"[""is working"", ""has worked"", ""worked""]",has worked,Present perfect + since for an action continuing to now.,,,YangLingo Adaptive original practice content,1,
grammar,mcq,Conditionals,A2,"If I had more time, I ___ another course. [Practice 145]",,"[""take"", ""would take"", ""will take""]",would take,"Second conditional: if + past, would + base verb.",,,YangLingo Adaptive original practice content,1,
grammar,mcq,Modals,B1,You ___ bring a laptop; computers are provided. [Practice 146],,"[""cannot"", ""do not have to"", ""must not""]",do not have to,No obligation = do not have to.,,,YangLingo Adaptive original practice content,1,
grammar,mcq,Articles,B1,We booked ___ room near the station. [Practice 147],,"[""the"", ""a"", ""an""]",a,Use a with a singular non-specific countable noun.,,,YangLingo Adaptive original practice content,1,
grammar,mcq,Prepositions,B1,The workshop starts ___ 9 a.m. [Practice 148],,"[""in"", ""at"", ""on""]",at,Use at with clock times.,,,YangLingo Adaptive original practice content,1,
grammar,mcq,Passive voice,A2,The results ___ tomorrow. [Practice 149],,"[""announced"", ""will be announced"", ""will announce""]",will be announced,Future passive: will be + past participle.,,,YangLingo Adaptive original practice content,1,
grammar,mcq,Reported speech,B1,He said that he ___ busy that day. [Practice 150],,"[""will be"", ""was"", ""is""]",was,Reported speech commonly backshifts present to past.,,,YangLingo Adaptive original practice content,1,
vocabulary,word_definition,Office Administration,B1,"Which meaning best matches ""agenda""? [V1]",,"[""một hành động trái nghĩa"", ""chương trình nghị sự"", ""một nghĩa không liên quan"", ""một địa điểm cụ thể""]",chương trình nghị sự,"""agenda"" means ""chương trình nghị sự"".",,,YangLingo Adaptive original practice content,1,
vocabulary,word_usage,Office Administration,B1,Choose the best word: The manager reviewed the ___ before the meeting. [V2],,"[""briefing"", ""appointment"", ""authorization"", ""attachment""]",appointment,Choose the word that fits the sentence meaning and grammar.,,,YangLingo Adaptive original practice content,1,
vocabulary,synonym,Office Administration,B1,"Choose the closest meaning to ""attachment"". [V3]",,"[""không phù hợp"", ""rất chậm"", ""hoàn toàn ngược lại"", ""tệp đính kèm""]",tệp đính kèm,Match the word with its core meaning.,,,YangLingo Adaptive original practice content,1,
vocabulary,collocation,Office Administration,B1,"Which expression is the most natural combination with ""authorization""? [V4]",,"[""very authorizationing"", ""obtain authorization"", ""make authorizationly"", ""do authorization""]",obtain authorization,Choose the natural collocation.,,,YangLingo Adaptive original practice content,1,
vocabulary,word_definition,Office Administration,B1,"Which meaning best matches ""briefing""? [V5]",,"[""một hành động trái nghĩa"", ""buổi phổ biến thông tin ngắn"", ""một địa điểm cụ thể"", ""một nghĩa không liên quan""]",buổi phổ biến thông tin ngắn,"""briefing"" means ""buổi phổ biến thông tin ngắn"".",,,YangLingo Adaptive original practice content,1,
vocabulary,word_usage,Office Administration,B1,Choose the best word: She has several years of ___ experience. [V6],,"[""clerical"", ""correspondence"", ""filing cabinet"", ""deadline""]",clerical,Choose the word that fits the sentence meaning and grammar.,,,YangLingo Adaptive original practice content,1,
vocabulary,synonym,Office Administration,B1,"Choose the closest meaning to ""correspondence"". [V7]",,"[""hoàn toàn ngược lại"", ""rất chậm"", ""không phù hợp"", ""thư từ, trao đổi bằng văn bản""]","thư từ, trao đổi bằng văn bản",Match the word with its core meaning.,,,YangLingo Adaptive original practice content,1,
vocabulary,collocation,Office Administration,B1,"Which expression is the most natural combination with ""deadline""? [V8]",,"[""very deadlineing"", ""do deadline"", ""meet a deadline"", ""make deadlinely""]",meet a deadline,Choose the natural collocation.,,,YangLingo Adaptive original practice content,1,
vocabulary,word_definition,Office Administration,B1,"Which meaning best matches ""filing cabinet""? [V9]",,"[""tủ hồ sơ"", ""một hành động trái nghĩa"", ""một địa điểm cụ thể"", ""một nghĩa không liên quan""]",tủ hồ sơ,"""filing cabinet"" means ""tủ hồ sơ"".",,,YangLingo Adaptive original practice content,1,
vocabulary,word_usage,Office Administration,B1,Choose the best word: The manager reviewed the ___ before the meeting. [V10],,"[""memorandum"", ""minutes"", ""notification"", ""photocopier""]",memorandum,Choose the word that fits the sentence meaning and grammar.,,,YangLingo Adaptive original practice content,1,
vocabulary,synonym,Office Administration,B1,"Choose the closest meaning to ""minutes"". [V11]",,"[""hoàn toàn ngược lại"", ""rất chậm"", ""không phù hợp"", ""biên bản cuộc họp""]",biên bản cuộc họp,Match the word with its core meaning.,,,YangLingo Adaptive original practice content,1,
vocabulary,collocation,Office Administration,B1,"Which expression is the most natural combination with ""notification""? [V12]",,"[""use notification"", ""do notification"", ""make notificationly"", ""very notificationing""]",use notification,Choose the natural collocation.,,,YangLingo Adaptive original practice content,1,
vocabulary,word_definition,Office Administration,B1,"Which meaning best matches ""photocopier""? [V13]",,"[""máy photocopy"", ""một hành động trái nghĩa"", ""một nghĩa không liên quan"", ""một địa điểm cụ thể""]",máy photocopy,"""photocopier"" means ""máy photocopy"".",,,YangLingo Adaptive original practice content,1,
vocabulary,word_usage,Office Administration,B1,Choose the best word: The manager reviewed the ___ before the meeting. [V14],,"[""venue"", ""printout"", ""receptionist"", ""stationery""]",printout,Choose the word that fits the sentence meaning and grammar.,,,YangLingo Adaptive original practice content,1,
vocabulary,synonym,Office Administration,B1,"Choose the closest meaning to ""receptionist"". [V15]",,"[""không phù hợp"", ""hoàn toàn ngược lại"", ""rất chậm"", ""nhân viên lễ tân""]",nhân viên lễ tân,Match the word with its core meaning.,,,YangLingo Adaptive original practice content,1,
vocabulary,collocation,Office Administration,B1,"Which expression is the most natural combination with ""stationery""? [V16]",,"[""very stationerying"", ""make stationeryly"", ""use stationery"", ""do stationery""]",use stationery,Choose the natural collocation.,,,YangLingo Adaptive original practice content,1,
vocabulary,word_definition,Office Administration,B1,"Which meaning best matches ""venue""? [V17]",,"[""địa điểm tổ chức"", ""một địa điểm cụ thể"", ""một nghĩa không liên quan"", ""một hành động trái nghĩa""]",địa điểm tổ chức,"""venue"" means ""địa điểm tổ chức"".",,,YangLingo Adaptive original practice content,1,
vocabulary,word_usage,Office Administration,B1,Choose the best word: The manager reviewed the ___ before the meeting. [V18],,"[""workstation"", ""archive"", ""reschedule"", ""inquiry""]",workstation,Choose the word that fits the sentence meaning and grammar.,,,YangLingo Adaptive original practice content,1,
vocabulary,synonym,Office Administration,B1,"Choose the closest meaning to ""reschedule"". [V19]",,"[""rất chậm"", ""hoàn toàn ngược lại"", ""sắp xếp lại lịch"", ""không phù hợp""]",sắp xếp lại lịch,Match the word with its core meaning.,,,YangLingo Adaptive original practice content,1,
vocabulary,collocation,Office Administration,B1,"Which expression is the most natural combination with ""archive""? [V20]",,"[""do archive"", ""very archiveing"", ""make archively"", ""use archive""]",use archive,Choose the natural collocation.,,,YangLingo Adaptive original practice content,1,
vocabulary,word_definition,Office Administration,B1,"Which meaning best matches ""inquiry""? [V21]",,"[""một hành động trái nghĩa"", ""yêu cầu hỏi thông tin"", ""một địa điểm cụ thể"", ""một nghĩa không liên quan""]",yêu cầu hỏi thông tin,"""inquiry"" means ""yêu cầu hỏi thông tin"".",,,YangLingo Adaptive original practice content,1,
vocabulary,word_usage,Office Administration,B1,Choose the best word: The manager reviewed the ___ before the meeting. [V22],,"[""availability"", ""attendee"", ""coordinator"", ""attendance""]",availability,Choose the word that fits the sentence meaning and grammar.,,,YangLingo Adaptive original practice content,1,
vocabulary,synonym,Office Administration,B1,"Choose the closest meaning to ""attendance"". [V23]",,"[""hoàn toàn ngược lại"", ""rất chậm"", ""sự tham dự"", ""không phù hợp""]",sự tham dự,Match the word with its core meaning.,,,YangLingo Adaptive original practice content,1,
vocabulary,collocation,Office Administration,B1,"Which expression is the most natural combination with ""attendee""? [V24]",,"[""do attendee"", ""very attendeeing"", ""use attendee"", ""make attendeely""]",use attendee,Choose the natural collocation.,,,YangLingo Adaptive original practice content,1,
vocabulary,word_definition,Office Administration,B1,"Which meaning best matches ""coordinator""? [V25]",,"[""một nghĩa không liên quan"", ""điều phối viên"", ""một hành động trái nghĩa"", ""một địa điểm cụ thể""]",điều phối viên,"""coordinator"" means ""điều phối viên"".",,,YangLingo Adaptive original practice content,1,
vocabulary,word_usage,Office Administration,B1,Choose the best word: The manager reviewed the ___ before the meeting. [V26],,"[""procedure"", ""roster"", ""subsidiary"", ""application""]",subsidiary,Choose the word that fits the sentence meaning and grammar.,,,YangLingo Adaptive original practice content,1,
vocabulary,synonym,Office Administration,B1,"Choose the closest meaning to ""procedure"". [V27]",,"[""hoàn toàn ngược lại"", ""quy trình"", ""rất chậm"", ""không phù hợp""]",quy trình,Match the word with its core meaning.,,,YangLingo Adaptive original practice content,1,
vocabulary,collocation,Office Administration,B1,"Which expression is the most natural combination with ""roster""? [V28]",,"[""use roster"", ""do roster"", ""make rosterly"", ""very rostering""]",use roster,Choose the natural collocation.,,,YangLingo Adaptive original practice content,1,
vocabulary,word_definition,Human Resources,B1,"Which meaning best matches ""application""? [V29]",,"[""một nghĩa không liên quan"", ""một địa điểm cụ thể"", ""một hành động trái nghĩa"", ""đơn ứng tuyển, hồ sơ xin việc""]","đơn ứng tuyển, hồ sơ xin việc","""application"" means ""đơn ứng tuyển, hồ sơ xin việc"".",,,YangLingo Adaptive original practice content,1,
vocabulary,word_usage,Human Resources,B1,Choose the best word: The HR team updated the ___ this morning. [V30],,"[""qualification"", ""recruiter"", ""recruitment"", ""vacancy""]",vacancy,Choose the word that fits the sentence meaning and grammar.,,,YangLingo Adaptive original practice content,1,
vocabulary,synonym,Human Resources,B1,"Choose the closest meaning to ""recruitment"". [V31]",,"[""không phù hợp"", ""việc tuyển dụng"", ""hoàn toàn ngược lại"", ""rất chậm""]",việc tuyển dụng,Match the word with its core meaning.,,,YangLingo Adaptive original practice content,1,
vocabulary,collocation,Human Resources,B1,"Which expression is the most natural combination with ""recruiter""? [V32]",,"[""make recruiterly"", ""very recruitering"", ""do recruiter"", ""use recruiter""]",use recruiter,Choose the natural collocation.,,,YangLingo Adaptive original practice content,1,
vocabulary,word_definition,Human Resources,B1,"Which meaning best matches ""qualification""? [V33]",,"[""một nghĩa không liên quan"", ""một hành động trái nghĩa"", ""một địa điểm cụ thể"", ""trình độ, điều kiện chuyên môn""]","trình độ, điều kiện chuyên môn","""qualification"" means ""trình độ, điều kiện chuyên môn"".",,,YangLingo Adaptive original practice content,1,
vocabulary,word_usage,Human Resources,B1,Choose the best word: The HR team updated the ___ this morning. [V34],,"[""shortlist"", ""credential"", ""interviewee"", ""reference""]",credential,Choose the word that fits the sentence meaning and grammar.,,,YangLingo Adaptive original practice content,1,
vocabulary,synonym,Human Resources,B1,"Choose the closest meaning to ""reference"". [V35]",,"[""không phù hợp"", ""người hoặc thư giới thiệu"", ""hoàn toàn ngược lại"", ""rất chậm""]",người hoặc thư giới thiệu,Match the word with its core meaning.,,,YangLingo Adaptive original practice content,1,
vocabulary,collocation,Human Resources,B1,"Which expression is the most natural combination with ""interviewee""? [V36]",,"[""very intervieweeing"", ""do interviewee"", ""use interviewee"", ""make intervieweely""]",use interviewee,Choose the natural collocation.,,,YangLingo Adaptive original practice content,1,
vocabulary,word_definition,Human Resources,B1,"Which meaning best matches ""shortlist""? [V37]",,"[""một nghĩa không liên quan"", ""một địa điểm cụ thể"", ""danh sách ứng viên rút gọn"", ""một hành động trái nghĩa""]",danh sách ứng viên rút gọn,"""shortlist"" means ""danh sách ứng viên rút gọn"".",,,YangLingo Adaptive original practice content,1,
vocabulary,word_usage,Human Resources,B1,Choose the best word: The HR team updated the ___ this morning. [V38],,"[""orientation"", ""promotion"", ""probation"", ""onboarding""]",onboarding,Choose the word that fits the sentence meaning and grammar.,,,YangLingo Adaptive original practice content,1,
vocabulary,synonym,Human Resources,B1,"Choose the closest meaning to ""orientation"". [V39]",,"[""rất chậm"", ""buổi định hướng"", ""không phù hợp"", ""hoàn toàn ngược lại""]",buổi định hướng,Match the word with its core meaning.,,,YangLingo Adaptive original practice content,1,
vocabulary,collocation,Human Resources,B1,"Which expression is the most natural combination with ""probation""? [V40]",,"[""complete probation"", ""make probationly"", ""very probationing"", ""do probation""]",complete probation,Choose the natural collocation.,,,YangLingo Adaptive original practice content,1,
vocabulary,word_definition,Human Resources,B1,"Which meaning best matches ""promotion""? [V41]",,"[""một nghĩa không liên quan"", ""sự thăng chức, chương trình khuyến mãi"", ""một hành động trái nghĩa"", ""một địa điểm cụ thể""]","sự thăng chức, chương trình khuyến mãi","""promotion"" means ""sự thăng chức, chương trình khuyến mãi"".",,,YangLingo Adaptive original practice content,1,
vocabulary,word_usage,Human Resources,B1,Choose the best word: The HR team updated the ___ this morning. [V42],,"[""relocation"", ""resignation"", ""retirement"", ""appraisal""]",resignation,Choose the word that fits the sentence meaning and grammar.,,,YangLingo Adaptive original practice content,1,
vocabulary,synonym,Human Resources,B1,"Choose the closest meaning to ""retirement"". [V43]",,"[""rất chậm"", ""không phù hợp"", ""hoàn toàn ngược lại"", ""sự nghỉ hưu""]",sự nghỉ hưu,Match the word with its core meaning.,,,YangLingo Adaptive original practice content,1,
vocabulary,collocation,Human Resources,B1,"Which expression is the most natural combination with ""relocation""? [V44]",,"[""make relocationly"", ""very relocationing"", ""do relocation"", ""use relocation""]",use relocation,Choose the natural collocation.,,,YangLingo Adaptive original practice content,1,
vocabulary,word_definition,Human Resources,B1,"Which meaning best matches ""appraisal""? [V45]",,"[""một nghĩa không liên quan"", ""sự đánh giá hiệu suất"", ""một hành động trái nghĩa"", ""một địa điểm cụ thể""]",sự đánh giá hiệu suất,"""appraisal"" means ""sự đánh giá hiệu suất"".",,,YangLingo Adaptive original practice content,1,
vocabulary,word_usage,Human Resources,B1,Choose the best word: The HR team updated the ___ this morning. [V46],,"[""evaluation"", ""overtime"", ""compensation"", ""payroll""]",evaluation,Choose the word that fits the sentence meaning and grammar.,,,YangLingo Adaptive original practice content,1,
vocabulary,synonym,Human Resources,B1,"Choose the closest meaning to ""compensation"". [V47]",,"[""rất chậm"", ""hoàn toàn ngược lại"", ""không phù hợp"", ""thù lao, chế độ đãi ngộ""]","thù lao, chế độ đãi ngộ",Match the word with its core meaning.,,,YangLingo Adaptive original practice content,1,
vocabulary,collocation,Human Resources,B1,"Which expression is the most natural combination with ""payroll""? [V48]",,"[""very payrolling"", ""do payroll"", ""process payroll"", ""make payrollly""]",process payroll,Choose the natural collocation.,,,YangLingo Adaptive original practice content,1,
vocabulary,word_definition,Human Resources,B1,"Which meaning best matches ""overtime""? [V49]",,"[""một địa điểm cụ thể"", ""một nghĩa không liên quan"", ""thời gian làm thêm giờ"", ""một hành động trái nghĩa""]",thời gian làm thêm giờ,"""overtime"" means ""thời gian làm thêm giờ"".",,,YangLingo Adaptive original practice content,1,
vocabulary,word_usage,Human Resources,B1,Choose the best word: The HR team updated the ___ this morning. [V50],,"[""workforce"", ""paid leave"", ""maternity leave"", ""pension""]",pension,Choose the word that fits the sentence meaning and grammar.,,,YangLingo Adaptive original practice content,1,
vocabulary,synonym,Human Resources,B1,"Choose the closest meaning to ""maternity leave"". [V51]",,"[""nghỉ thai sản"", ""rất chậm"", ""không phù hợp"", ""hoàn toàn ngược lại""]",nghỉ thai sản,Match the word with its core meaning.,,,YangLingo Adaptive original practice content,1,
vocabulary,collocation,Human Resources,B1,"Which expression is the most natural combination with ""paid leave""? [V52]",,"[""very paid leaveing"", ""request paid leave"", ""make paid leavely"", ""do paid leave""]",request paid leave,Choose the natural collocation.,,,YangLingo Adaptive original practice content,1,
vocabulary,word_definition,Human Resources,B1,"Which meaning best matches ""workforce""? [V53]",,"[""một địa điểm cụ thể"", ""một nghĩa không liên quan"", ""lực lượng lao động"", ""một hành động trái nghĩa""]",lực lượng lao động,"""workforce"" means ""lực lượng lao động"".",,,YangLingo Adaptive original practice content,1,
vocabulary,word_usage,Human Resources,B1,Choose the best word: The HR team updated the ___ this morning. [V54],,"[""subordinate"", ""invoice"", ""billing"", ""supervisor""]",subordinate,Choose the word that fits the sentence meaning and grammar.,,,YangLingo Adaptive original practice content,1,
vocabulary,synonym,Human Resources,B1,"Choose the closest meaning to ""supervisor"". [V55]",,"[""người giám sát, quản lý trực tiếp"", ""rất chậm"", ""hoàn toàn ngược lại"", ""không phù hợp""]","người giám sát, quản lý trực tiếp",Match the word with its core meaning.,,,YangLingo Adaptive original practice content,1,
vocabulary,collocation,Finance Accounting,B1,"Which expression is the most natural combination with ""invoice""? [V56]",,"[""do invoice"", ""make invoicely"", ""very invoiceing"", ""issue an invoice""]",issue an invoice,Choose the natural collocation.,,,YangLingo Adaptive original practice content,1,
vocabulary,word_definition,Finance Accounting,B1,"Which meaning best matches ""billing""? [V57]",,"[""một địa điểm cụ thể"", ""một hành động trái nghĩa"", ""một nghĩa không liên quan"", ""việc lập và gửi hóa đơn""]",việc lập và gửi hóa đơn,"""billing"" means ""việc lập và gửi hóa đơn"".",,,YangLingo Adaptive original practice content,1,
vocabulary,word_usage,Finance Accounting,B1,Choose the best word: Please check the ___ before the payment is processed. [V58],,"[""profit margin"", ""fiscal"", ""expenditure"", ""reimbursement""]",reimbursement,Choose the word that fits the sentence meaning and grammar.,,,YangLingo Adaptive original practice content,1,
vocabulary,synonym,Finance Accounting,B1,"Choose the closest meaning to ""expenditure"". [V59]",,"[""hoàn toàn ngược lại"", ""rất chậm"", ""khoản chi tiêu"", ""không phù hợp""]",khoản chi tiêu,Match the word with its core meaning.,,,YangLingo Adaptive original practice content,1,
vocabulary,collocation,Finance Accounting,B1,"Which expression is the most natural combination with ""profit margin""? [V60]",,"[""make profit marginly"", ""very profit margining"", ""use profit margin"", ""do profit margin""]",use profit margin,Choose the natural collocation.,,,YangLingo Adaptive original practice content,1,
vocabulary,word_definition,Finance Accounting,B1,"Which meaning best matches ""fiscal""? [V61]",,"[""một địa điểm cụ thể"", ""thuộc tài chính, tài khóa"", ""một nghĩa không liên quan"", ""một hành động trái nghĩa""]","thuộc tài chính, tài khóa","""fiscal"" means ""thuộc tài chính, tài khóa"".",,,YangLingo Adaptive original practice content,1,
vocabulary,word_usage,Finance Accounting,B1,Choose the best word: Please check the ___ before the payment is processed. [V62],,"[""balance sheet"", ""cash flow"", ""auditor"", ""withdrawal""]",auditor,Choose the word that fits the sentence meaning and grammar.,,,YangLingo Adaptive original practice content,1,
vocabulary,synonym,Finance Accounting,B1,"Choose the closest meaning to ""balance sheet"". [V63]",,"[""hoàn toàn ngược lại"", ""rất chậm"", ""bảng cân đối kế toán"", ""không phù hợp""]",bảng cân đối kế toán,Match the word with its core meaning.,,,YangLingo Adaptive original practice content,1,
vocabulary,collocation,Finance Accounting,B1,"Which expression is the most natural combination with ""cash flow""? [V64]",,"[""improve cash flow"", ""make cash flowly"", ""do cash flow"", ""very cash flowing""]",improve cash flow,Choose the natural collocation.,,,YangLingo Adaptive original practice content,1,
vocabulary,word_definition,Finance Accounting,B1,"Which meaning best matches ""withdrawal""? [V65]",,"[""một hành động trái nghĩa"", ""một nghĩa không liên quan"", ""việc rút tiền"", ""một địa điểm cụ thể""]",việc rút tiền,"""withdrawal"" means ""việc rút tiền"".",,,YangLingo Adaptive original practice content,1,
vocabulary,word_usage,Finance Accounting,B1,Choose the best word: Please check the ___ before the payment is processed. [V66],,"[""installment"", ""outstanding"", ""overdue"", ""payable""]",installment,Choose the word that fits the sentence meaning and grammar.,,,YangLingo Adaptive original practice content,1,
vocabulary,synonym,Finance Accounting,B1,"Choose the closest meaning to ""overdue"". [V67]",,"[""hoàn toàn ngược lại"", ""rất chậm"", ""không phù hợp"", ""quá hạn""]",quá hạn,Match the word with its core meaning.,,,YangLingo Adaptive original practice content,1,
vocabulary,collocation,Finance Accounting,B1,"Which expression is the most natural combination with ""outstanding""? [V68]",,"[""make outstandingly"", ""do outstanding"", ""very outstandinging"", ""outstanding balance""]",outstanding balance,Choose the natural collocation.,,,YangLingo Adaptive original practice content,1,
vocabulary,word_definition,Finance Accounting,B1,"Which meaning best matches ""payable""? [V69]",,"[""một nghĩa không liên quan"", ""phải trả"", ""một hành động trái nghĩa"", ""một địa điểm cụ thể""]",phải trả,"""payable"" means ""phải trả"".",,,YangLingo Adaptive original practice content,1,
vocabulary,word_usage,Finance Accounting,B1,Choose the best word: The accounting team reviewed all ___ amounts. [V70],,"[""surcharge"", ""deductible"", ""dividend"", ""receivable""]",receivable,Choose the word that fits the sentence meaning and grammar.,,,YangLingo Adaptive original practice content,1,
vocabulary,synonym,Finance Accounting,B1,"Choose the closest meaning to ""surcharge"". [V71]",,"[""hoàn toàn ngược lại"", ""rất chậm"", ""không phù hợp"", ""phụ phí""]",phụ phí,Match the word with its core meaning.,,,YangLingo Adaptive original practice content,1,
vocabulary,collocation,Finance Accounting,B1,"Which expression is the most natural combination with ""deductible""? [V72]",,"[""do deductible"", ""use deductible"", ""very deductibleing"", ""make deductiblely""]",use deductible,Choose the natural collocation.,,,YangLingo Adaptive original practice content,1,
vocabulary,word_definition,Finance Accounting,B1,"Which meaning best matches ""dividend""? [V73]",,"[""một nghĩa không liên quan"", ""một địa điểm cụ thể"", ""một hành động trái nghĩa"", ""cổ tức""]",cổ tức,"""dividend"" means ""cổ tức"".",,,YangLingo Adaptive original practice content,1,
vocabulary,word_usage,Finance Accounting,B1,Choose the best word: Please check the ___ before the payment is processed. [V74],,"[""interest rate"", ""liability"", ""shareholder"", ""equity""]",shareholder,Choose the word that fits the sentence meaning and grammar.,,,YangLingo Adaptive original practice content,1,
vocabulary,synonym,Finance Accounting,B1,"Choose the closest meaning to ""liability"". [V75]",,"[""rất chậm"", ""hoàn toàn ngược lại"", ""không phù hợp"", ""khoản nợ, trách nhiệm pháp lý""]","khoản nợ, trách nhiệm pháp lý",Match the word with its core meaning.,,,YangLingo Adaptive original practice content,1,
vocabulary,collocation,Finance Accounting,B1,"Which expression is the most natural combination with ""equity""? [V76]",,"[""use equity"", ""do equity"", ""make equityly"", ""very equitying""]",use equity,Choose the natural collocation.,,,YangLingo Adaptive original practice content,1,
vocabulary,word_definition,Finance Accounting,B1,"Which meaning best matches ""interest rate""? [V77]",,"[""lãi suất"", ""một địa điểm cụ thể"", ""một nghĩa không liên quan"", ""một hành động trái nghĩa""]",lãi suất,"""interest rate"" means ""lãi suất"".",,,YangLingo Adaptive original practice content,1,
vocabulary,word_usage,Finance Accounting,B1,Choose the best word: Please check the ___ before the payment is processed. [V78],,"[""supplier"", ""debit"", ""account balance"", ""exchange rate""]",debit,Choose the word that fits the sentence meaning and grammar.,,,YangLingo Adaptive original practice content,1,
vocabulary,synonym,Finance Accounting,B1,"Choose the closest meaning to ""account balance"". [V79]",,"[""rất chậm"", ""hoàn toàn ngược lại"", ""số dư tài khoản"", ""không phù hợp""]",số dư tài khoản,Match the word with its core meaning.,,,YangLingo Adaptive original practice content,1,
vocabulary,collocation,Finance Accounting,B1,"Which expression is the most natural combination with ""exchange rate""? [V80]",,"[""exchange an item"", ""make exchange rately"", ""very exchange rateing"", ""do exchange rate""]",exchange an item,Choose the natural collocation.,,,YangLingo Adaptive original practice content,1,
vocabulary,word_definition,Purchasing Logistics,B1,"Which meaning best matches ""supplier""? [V81]",,"[""nhà cung cấp"", ""một địa điểm cụ thể"", ""một nghĩa không liên quan"", ""một hành động trái nghĩa""]",nhà cung cấp,"""supplier"" means ""nhà cung cấp"".",,,YangLingo Adaptive original practice content,1,
vocabulary,word_usage,Purchasing Logistics,B1,Choose the best word: The logistics team checked the ___ before dispatch. [V82],,"[""vendor"", ""purchaser"", ""procurement"", ""purchase order""]",vendor,Choose the word that fits the sentence meaning and grammar.,,,YangLingo Adaptive original practice content,1,
vocabulary,synonym,Purchasing Logistics,B1,"Choose the closest meaning to ""procurement"". [V83]",,"[""hoạt động mua sắm, thu mua"", ""rất chậm"", ""hoàn toàn ngược lại"", ""không phù hợp""]","hoạt động mua sắm, thu mua",Match the word with its core meaning.,,,YangLingo Adaptive original practice content,1,
vocabulary,collocation,Purchasing Logistics,B1,"Which expression is the most natural combination with ""purchaser""? [V84]",,"[""make purchaserly"", ""use purchaser"", ""do purchaser"", ""very purchasering""]",use purchaser,Choose the natural collocation.,,,YangLingo Adaptive original practice content,1,
vocabulary,word_definition,Purchasing Logistics,B1,"Which meaning best matches ""purchase order""? [V85]",,"[""một địa điểm cụ thể"", ""một nghĩa không liên quan"", ""đơn đặt hàng mua"", ""một hành động trái nghĩa""]",đơn đặt hàng mua,"""purchase order"" means ""đơn đặt hàng mua"".",,,YangLingo Adaptive original practice content,1,
vocabulary,word_usage,Purchasing Logistics,B1,Choose the best word: The logistics team checked the ___ before dispatch. [V86],,"[""dispatch"", ""quotation"", ""shipment"", ""warehouse""]",quotation,Choose the word that fits the sentence meaning and grammar.,,,YangLingo Adaptive original practice content,1,
vocabulary,synonym,Purchasing Logistics,B1,"Choose the closest meaning to ""warehouse"". [V87]",,"[""hoàn toàn ngược lại"", ""không phù hợp"", ""rất chậm"", ""kho hàng""]",kho hàng,Match the word with its core meaning.,,,YangLingo Adaptive original practice content,1,
vocabulary,collocation,Purchasing Logistics,B1,"Which expression is the most natural combination with ""shipment""? [V88]",,"[""very shipmenting"", ""track a shipment"", ""make shipmently"", ""do shipment""]",track a shipment,Choose the natural collocation.,,,YangLingo Adaptive original practice content,1,
vocabulary,word_definition,Purchasing Logistics,B1,"Which meaning best matches ""dispatch""? [V89]",,"[""một hành động trái nghĩa"", ""một nghĩa không liên quan"", ""việc gửi hàng, điều phối gửi đi"", ""một địa điểm cụ thể""]","việc gửi hàng, điều phối gửi đi","""dispatch"" means ""việc gửi hàng, điều phối gửi đi"".",,,YangLingo Adaptive original practice content,1,
vocabulary,word_usage,Purchasing Logistics,B1,Choose the best word: The logistics team checked the ___ before dispatch. [V90],,"[""backorder"", ""tracking number"", ""consignment"", ""carrier""]",carrier,Choose the word that fits the sentence meaning and grammar.,,,YangLingo Adaptive original practice content,1,
vocabulary,synonym,Purchasing Logistics,B1,"Choose the closest meaning to ""tracking number"". [V91]",,"[""hoàn toàn ngược lại"", ""mã theo dõi vận chuyển"", ""rất chậm"", ""không phù hợp""]",mã theo dõi vận chuyển,Match the word with its core meaning.,,,YangLingo Adaptive original practice content,1,
vocabulary,collocation,Purchasing Logistics,B1,"Which expression is the most natural combination with ""consignment""? [V92]",,"[""do consignment"", ""very consignmenting"", ""make consignmently"", ""use consignment""]",use consignment,Choose the natural collocation.,,,YangLingo Adaptive original practice content,1,
vocabulary,word_definition,Purchasing Logistics,B1,"Which meaning best matches ""backorder""? [V93]",,"[""đơn hàng chờ vì hết hàng"", ""một nghĩa không liên quan"", ""một hành động trái nghĩa"", ""một địa điểm cụ thể""]",đơn hàng chờ vì hết hàng,"""backorder"" means ""đơn hàng chờ vì hết hàng"".",,,YangLingo Adaptive original practice content,1,
vocabulary,word_usage,Purchasing Logistics,B1,Choose the best word: The store will ___ the item when stock runs low. [V94],,"[""reorder"", ""restock"", ""in stock"", ""out of stock""]",reorder,Choose the word that fits the sentence meaning and grammar.,,,YangLingo Adaptive original practice content,1,
vocabulary,synonym,Purchasing Logistics,B1,"Choose the closest meaning to ""restock"". [V95]",,"[""rất chậm"", ""hoàn toàn ngược lại"", ""bổ sung hàng vào kho"", ""không phù hợp""]",bổ sung hàng vào kho,Match the word with its core meaning.,,,YangLingo Adaptive original practice content,1,
vocabulary,collocation,Purchasing Logistics,B1,"Which expression is the most natural combination with ""in stock""? [V96]",,"[""make in stockly"", ""pay in installments"", ""very in stocking"", ""do in stock""]",pay in installments,Choose the natural collocation.,,,YangLingo Adaptive original practice content,1,
vocabulary,word_definition,Purchasing Logistics,B1,"Which meaning best matches ""out of stock""? [V97]",,"[""hết hàng"", ""một địa điểm cụ thể"", ""một nghĩa không liên quan"", ""một hành động trái nghĩa""]",hết hàng,"""out of stock"" means ""hết hàng"".",,,YangLingo Adaptive original practice content,1,
vocabulary,word_usage,Purchasing Logistics,B1,Choose the best word: The customer returned a ___ product. [V98],,"[""defective"", ""warranty"", ""return policy"", ""replacement""]",defective,Choose the word that fits the sentence meaning and grammar.,,,YangLingo Adaptive original practice content,1,
vocabulary,synonym,Purchasing Logistics,B1,"Choose the closest meaning to ""replacement"". [V99]",,"[""không phù hợp"", ""hàng, bộ phận thay thế"", ""hoàn toàn ngược lại"", ""rất chậm""]","hàng, bộ phận thay thế",Match the word with its core meaning.,,,YangLingo Adaptive original practice content,1,
vocabulary,collocation,Purchasing Logistics,B1,"Which expression is the most natural combination with ""warranty""? [V100]",,"[""make warrantyly"", ""warranty coverage"", ""do warranty"", ""very warrantying""]",warranty coverage,Choose the natural collocation.,,,YangLingo Adaptive original practice content,1,
vocabulary,word_definition,Purchasing Logistics,B1,"Which meaning best matches ""return policy""? [V101]",,"[""chính sách đổi trả"", ""một hành động trái nghĩa"", ""một địa điểm cụ thể"", ""một nghĩa không liên quan""]",chính sách đổi trả,"""return policy"" means ""chính sách đổi trả"".",,,YangLingo Adaptive original practice content,1,
vocabulary,word_usage,Purchasing Logistics,B1,Choose the best word: The logistics team checked the ___ before dispatch. [V102],,"[""packaging"", ""retailer"", ""wholesaler"", ""barcode""]",packaging,Choose the word that fits the sentence meaning and grammar.,,,YangLingo Adaptive original practice content,1,
vocabulary,synonym,Purchasing Logistics,B1,"Choose the closest meaning to ""barcode"". [V103]",,"[""mã vạch"", ""hoàn toàn ngược lại"", ""rất chậm"", ""không phù hợp""]",mã vạch,Match the word with its core meaning.,,,YangLingo Adaptive original practice content,1,
vocabulary,collocation,Purchasing Logistics,B1,"Which expression is the most natural combination with ""wholesaler""? [V104]",,"[""do wholesaler"", ""use wholesaler"", ""make wholesalerly"", ""very wholesalering""]",use wholesaler,Choose the natural collocation.,,,YangLingo Adaptive original practice content,1,
vocabulary,word_definition,Purchasing Logistics,B1,"Which meaning best matches ""retailer""? [V105]",,"[""một nghĩa không liên quan"", ""một hành động trái nghĩa"", ""một địa điểm cụ thể"", ""nhà bán lẻ""]",nhà bán lẻ,"""retailer"" means ""nhà bán lẻ"".",,,YangLingo Adaptive original practice content,1,
vocabulary,word_usage,Purchasing Logistics,B1,Choose the best word: The ___ team checked the logistics before dispatch. [V106],,"[""customs clearance"", ""logistics"", ""brochure"", ""campaign""]",logistics,Choose the word that fits the sentence meaning and grammar.,,,YangLingo Adaptive original practice content,1,
vocabulary,synonym,Purchasing Logistics,B1,"Choose the closest meaning to ""customs clearance"". [V107]",,"[""rất chậm"", ""không phù hợp"", ""thủ tục thông quan"", ""hoàn toàn ngược lại""]",thủ tục thông quan,Match the word with its core meaning.,,,YangLingo Adaptive original practice content,1,
vocabulary,collocation,Sales Marketing,B1,"Which expression is the most natural combination with ""campaign""? [V108]",,"[""launch a campaign"", ""very campaigning"", ""make campaignly"", ""do campaign""]",launch a campaign,Choose the natural collocation.,,,YangLingo Adaptive original practice content,1,
vocabulary,word_definition,Sales Marketing,B1,"Which meaning best matches ""brochure""? [V109]",,"[""một địa điểm cụ thể"", ""tờ giới thiệu, brochure"", ""một hành động trái nghĩa"", ""một nghĩa không liên quan""]","tờ giới thiệu, brochure","""brochure"" means ""tờ giới thiệu, brochure"".",,,YangLingo Adaptive original practice content,1,
vocabulary,word_usage,Sales Marketing,B1,Choose the best word: The sales team discussed the ___ during the meeting. [V110],,"[""coupon"", ""leaflet"", ""catalog"", ""flyer""]",catalog,Choose the word that fits the sentence meaning and grammar.,,,YangLingo Adaptive original practice content,1,
vocabulary,synonym,Sales Marketing,B1,"Choose the closest meaning to ""leaflet"". [V111]",,"[""không phù hợp"", ""tờ rơi thông tin"", ""rất chậm"", ""hoàn toàn ngược lại""]",tờ rơi thông tin,Match the word with its core meaning.,,,YangLingo Adaptive original practice content,1,
vocabulary,collocation,Sales Marketing,B1,"Which expression is the most natural combination with ""flyer""? [V112]",,"[""use flyer"", ""make flyerly"", ""very flyering"", ""do flyer""]",use flyer,Choose the natural collocation.,,,YangLingo Adaptive original practice content,1,
vocabulary,word_definition,Sales Marketing,B1,"Which meaning best matches ""coupon""? [V113]",,"[""phiếu giảm giá"", ""một nghĩa không liên quan"", ""một hành động trái nghĩa"", ""một địa điểm cụ thể""]",phiếu giảm giá,"""coupon"" means ""phiếu giảm giá"".",,,YangLingo Adaptive original practice content,1,
vocabulary,word_usage,Sales Marketing,B1,Choose the best word: The sales team discussed the ___ during the meeting. [V114],,"[""subscriber"", ""loyalty"", ""subscription"", ""voucher""]",voucher,Choose the word that fits the sentence meaning and grammar.,,,YangLingo Adaptive original practice content,1,
vocabulary,synonym,Sales Marketing,B1,"Choose the closest meaning to ""loyalty"". [V115]",,"[""hoàn toàn ngược lại"", ""sự trung thành"", ""rất chậm"", ""không phù hợp""]",sự trung thành,Match the word with its core meaning.,,,YangLingo Adaptive original practice content,1,
vocabulary,collocation,Sales Marketing,B1,"Which expression is the most natural combination with ""subscription""? [V116]",,"[""do subscription"", ""very subscriptioning"", ""renew a subscription"", ""make subscriptionly""]",renew a subscription,Choose the natural collocation.,,,YangLingo Adaptive original practice content,1,
vocabulary,word_definition,Sales Marketing,B1,"Which meaning best matches ""subscriber""? [V117]",,"[""một nghĩa không liên quan"", ""một địa điểm cụ thể"", ""người đăng ký"", ""một hành động trái nghĩa""]",người đăng ký,"""subscriber"" means ""người đăng ký"".",,,YangLingo Adaptive original practice content,1,
vocabulary,word_usage,Sales Marketing,B1,Choose the best word: The sales team discussed the ___ during the meeting. [V118],,"[""sales representative"", ""pricing"", ""market share"", ""competitor""]",market share,Choose the word that fits the sentence meaning and grammar.,,,YangLingo Adaptive original practice content,1,
vocabulary,synonym,Sales Marketing,B1,"Choose the closest meaning to ""competitor"". [V119]",,"[""rất chậm"", ""đối thủ cạnh tranh"", ""hoàn toàn ngược lại"", ""không phù hợp""]",đối thủ cạnh tranh,Match the word with its core meaning.,,,YangLingo Adaptive original practice content,1,
vocabulary,collocation,Sales Marketing,B1,"Which expression is the most natural combination with ""pricing""? [V120]",,"[""very pricinging"", ""do pricing"", ""use pricing"", ""make pricingly""]",use pricing,Choose the natural collocation.,,,YangLingo Adaptive original practice content,1,
vocabulary,word_definition,Sales Marketing,B1,"Which meaning best matches ""sales representative""? [V121]",,"[""một hành động trái nghĩa"", ""một địa điểm cụ thể"", ""đại diện bán hàng"", ""một nghĩa không liên quan""]",đại diện bán hàng,"""sales representative"" means ""đại diện bán hàng"".",,,YangLingo Adaptive original practice content,1,
vocabulary,word_usage,Sales Marketing,B1,Choose the best word: The sales team discussed the ___ during the meeting. [V122],,"[""branding"", ""product line"", ""showcase"", ""questionnaire""]",questionnaire,Choose the word that fits the sentence meaning and grammar.,,,YangLingo Adaptive original practice content,1,
vocabulary,synonym,Sales Marketing,B1,"Choose the closest meaning to ""product line"". [V123]",,"[""dòng sản phẩm"", ""hoàn toàn ngược lại"", ""rất chậm"", ""không phù hợp""]",dòng sản phẩm,Match the word with its core meaning.,,,YangLingo Adaptive original practice content,1,
vocabulary,collocation,Sales Marketing,B1,"Which expression is the most natural combination with ""branding""? [V124]",,"[""make brandingly"", ""very brandinging"", ""do branding"", ""use branding""]",use branding,Choose the natural collocation.,,,YangLingo Adaptive original practice content,1,
vocabulary,word_definition,Sales Marketing,B1,"Which meaning best matches ""showcase""? [V125]",,"[""một nghĩa không liên quan"", ""trưng bày, giới thiệu nổi bật"", ""một địa điểm cụ thể"", ""một hành động trái nghĩa""]","trưng bày, giới thiệu nổi bật","""showcase"" means ""trưng bày, giới thiệu nổi bật"".",,,YangLingo Adaptive original practice content,1,
vocabulary,word_usage,Sales Marketing,B1,Choose the best word: The sales team discussed the ___ during the meeting. [V126],,"[""proposal"", ""wholesale"", ""demonstration"", ""negotiation""]",demonstration,Choose the word that fits the sentence meaning and grammar.,,,YangLingo Adaptive original practice content,1,
vocabulary,synonym,Sales Marketing,B1,"Choose the closest meaning to ""negotiation"". [V127]",,"[""hoàn toàn ngược lại"", ""không phù hợp"", ""rất chậm"", ""cuộc đàm phán""]",cuộc đàm phán,Match the word with its core meaning.,,,YangLingo Adaptive original practice content,1,
vocabulary,collocation,Sales Marketing,B1,"Which expression is the most natural combination with ""proposal""? [V128]",,"[""do proposal"", ""very proposaling"", ""make proposally"", ""submit a proposal""]",submit a proposal,Choose the natural collocation.,,,YangLingo Adaptive original practice content,1,
vocabulary,word_definition,Sales Marketing,B1,"Which meaning best matches ""wholesale""? [V129]",,"[""bán buôn"", ""một hành động trái nghĩa"", ""một địa điểm cụ thể"", ""một nghĩa không liên quan""]",bán buôn,"""wholesale"" means ""bán buôn"".",,,YangLingo Adaptive original practice content,1,
vocabulary,word_usage,Sales Marketing,B1,Choose the best word: The sales team discussed the ___ during the meeting. [V130],,"[""reservation"", ""customer satisfaction"", ""consumer demand"", ""price quote""]",consumer demand,Choose the word that fits the sentence meaning and grammar.,,,YangLingo Adaptive original practice content,1,
vocabulary,synonym,Sales Marketing,B1,"Choose the closest meaning to ""customer satisfaction"". [V131]",,"[""mức độ hài lòng của khách hàng"", ""rất chậm"", ""không phù hợp"", ""hoàn toàn ngược lại""]",mức độ hài lòng của khách hàng,Match the word with its core meaning.,,,YangLingo Adaptive original practice content,1,
vocabulary,collocation,Sales Marketing,B1,"Which expression is the most natural combination with ""price quote""? [V132]",,"[""very price quoteing"", ""negotiate a price"", ""do price quote"", ""make price quotely""]",negotiate a price,Choose the natural collocation.,,,YangLingo Adaptive original practice content,1,
vocabulary,word_definition,Travel Hospitality,B1,"Which meaning best matches ""reservation""? [V133]",,"[""một hành động trái nghĩa"", ""một nghĩa không liên quan"", ""sự đặt chỗ"", ""một địa điểm cụ thể""]",sự đặt chỗ,"""reservation"" means ""sự đặt chỗ"".",,,YangLingo Adaptive original practice content,1,
vocabulary,word_usage,Travel Hospitality,B1,Choose the best word: Please confirm the ___ before your trip. [V134],,"[""booking"", ""accommodation"", ""itinerary"", ""check-in""]",booking,Choose the word that fits the sentence meaning and grammar.,,,YangLingo Adaptive original practice content,1,
vocabulary,synonym,Travel Hospitality,B1,"Choose the closest meaning to ""itinerary"". [V135]",,"[""không phù hợp"", ""lịch trình chuyến đi"", ""rất chậm"", ""hoàn toàn ngược lại""]",lịch trình chuyến đi,Match the word with its core meaning.,,,YangLingo Adaptive original practice content,1,
vocabulary,collocation,Travel Hospitality,B1,"Which expression is the most natural combination with ""accommodation""? [V136]",,"[""hotel accommodation"", ""do accommodation"", ""very accommodationing"", ""make accommodationly""]",hotel accommodation,Choose the natural collocation.,,,YangLingo Adaptive original practice content,1,
vocabulary,word_definition,Travel Hospitality,B1,"Which meaning best matches ""check-in""? [V137]",,"[""một nghĩa không liên quan"", ""thủ tục nhận phòng, làm thủ tục chuyến đi"", ""một hành động trái nghĩa"", ""một địa điểm cụ thể""]","thủ tục nhận phòng, làm thủ tục chuyến đi","""check-in"" means ""thủ tục nhận phòng, làm thủ tục chuyến đi"".",,,YangLingo Adaptive original practice content,1,
vocabulary,word_usage,Travel Hospitality,B1,Choose the best word: Please confirm the ___ before your trip. [V138],,"[""baggage claim"", ""boarding pass"", ""carry-on"", ""check-out""]",check-out,Choose the word that fits the sentence meaning and grammar.,,,YangLingo Adaptive original practice content,1,
vocabulary,synonym,Travel Hospitality,B1,"Choose the closest meaning to ""boarding pass"". [V139]",,"[""thẻ lên máy bay"", ""rất chậm"", ""hoàn toàn ngược lại"", ""không phù hợp""]",thẻ lên máy bay,Match the word with its core meaning.,,,YangLingo Adaptive original practice content,1,
vocabulary,collocation,Travel Hospitality,B1,"Which expression is the most natural combination with ""baggage claim""? [V140]",,"[""very baggage claiming"", ""do baggage claim"", ""make baggage claimly"", ""claim a refund""]",claim a refund,Choose the natural collocation.,,,YangLingo Adaptive original practice content,1,
vocabulary,word_definition,Travel Hospitality,B1,"Which meaning best matches ""carry-on""? [V141]",,"[""một hành động trái nghĩa"", ""một nghĩa không liên quan"", ""một địa điểm cụ thể"", ""hành lý xách tay""]",hành lý xách tay,"""carry-on"" means ""hành lý xách tay"".",,,YangLingo Adaptive original practice content,1,
vocabulary,word_usage,Travel Hospitality,B1,Choose the best word: Please confirm the ___ before your trip. [V142],,"[""shuttle"", ""visa"", ""immigration"", ""passport""]",passport,Choose the word that fits the sentence meaning and grammar.,,,YangLingo Adaptive original practice content,1,
vocabulary,synonym,Travel Hospitality,B1,"Choose the closest meaning to ""visa"". [V143]",,"[""rất chậm"", ""không phù hợp"", ""thị thực"", ""hoàn toàn ngược lại""]",thị thực,Match the word with its core meaning.,,,YangLingo Adaptive original practice content,1,
vocabulary,collocation,Travel Hospitality,B1,"Which expression is the most natural combination with ""immigration""? [V144]",,"[""very immigrationing"", ""make immigrationly"", ""use immigration"", ""do immigration""]",use immigration,Choose the natural collocation.,,,YangLingo Adaptive original practice content,1,
vocabulary,word_definition,Travel Hospitality,B1,"Which meaning best matches ""shuttle""? [V145]",,"[""một hành động trái nghĩa"", ""một nghĩa không liên quan"", ""xe đưa đón"", ""một địa điểm cụ thể""]",xe đưa đón,"""shuttle"" means ""xe đưa đón"".",,,YangLingo Adaptive original practice content,1,
vocabulary,word_usage,Travel Hospitality,B1,Choose the best word: Please confirm the ___ before your trip. [V146],,"[""cancellation"", ""rental car"", ""ticket counter"", ""confirmation number""]",rental car,Choose the word that fits the sentence meaning and grammar.,,,YangLingo Adaptive original practice content,1,
vocabulary,synonym,Travel Hospitality,B1,"Choose the closest meaning to ""cancellation"". [V147]",,"[""rất chậm"", ""hoàn toàn ngược lại"", ""việc hủy"", ""không phù hợp""]",việc hủy,Match the word with its core meaning.,,,YangLingo Adaptive original practice content,1,
vocabulary,collocation,Travel Hospitality,B1,"Which expression is the most natural combination with ""ticket counter""? [V148]",,"[""use ticket counter"", ""make ticket counterly"", ""very ticket countering"", ""do ticket counter""]",use ticket counter,Choose the natural collocation.,,,YangLingo Adaptive original practice content,1,
vocabulary,word_definition,Travel Hospitality,B1,"Which meaning best matches ""confirmation number""? [V149]",,"[""một nghĩa không liên quan"", ""mã xác nhận"", ""một hành động trái nghĩa"", ""một địa điểm cụ thể""]",mã xác nhận,"""confirmation number"" means ""mã xác nhận"".",,,YangLingo Adaptive original practice content,1,
vocabulary,word_usage,Travel Hospitality,B1,Choose the best word: Please confirm the ___ before your trip. [V150],,"[""complimentary"", ""room service"", ""single room"", ""concierge""]",concierge,Choose the word that fits the sentence meaning and grammar.,,,YangLingo Adaptive original practice content,1,
reading,reading_mcq,Education,B1,Why did the person or organization make the change? [R1],"Mina joined an evening English course because she wanted to communicate more confidently at work. At first, she found listening difficult, so she began reviewing short recordings every day. After two months, she noticed that she could understand meetings more easily.","[""To solve a practical problem"", ""To avoid all future work"", ""To increase confusion"", ""To reduce the number of users""]",To solve a practical problem,Identify the main reason.,,,YangLingo Adaptive original practice content,1,
reading,reading_mcq,Travel,B1,What happened as a result? [R2],The city introduced an express bus between the airport and the central station. Buses leave every thirty minutes and tickets can be bought online or from the driver. Passengers with online tickets may board directly without using the ticket machine.,"[""The situation became easier or more effective"", ""Everyone stopped participating"", ""Nothing changed"", ""The service closed permanently""]",The situation became easier or more effective,Use the final sentence or outcome.,,,YangLingo Adaptive original practice content,1,
reading,reading_mcq,Community,B1,Which statement is supported by the text? [R3],"A local club planned a weekend clean-up in the park. The organizers asked volunteers to bring gloves and reusable water bottles. Because heavy rain was forecast for Saturday, the event was moved to Sunday morning.","[""A practical action was taken"", ""No one benefited"", ""All details were uncertain"", ""The plan had no purpose""]",A practical action was taken,Choose the statement supported by the passage.,,,YangLingo Adaptive original practice content,1,
reading,reading_mcq,Technology,B1,What is the main idea? [R4],"A small company replaced its old booking system with a mobile-friendly website. Customers can now change appointments without calling the office, and staff spend less time answering routine requests.","[""A serious accident occurred"", ""A small change led to a useful improvement"", ""A company hired hundreds of people"", ""A course was cancelled""]",A small change led to a useful improvement,Summarize the central idea.,,,YangLingo Adaptive original practice content,1,
reading,reading_mcq,Health,B1,Why did the person or organization make the change? [R5],"Daniel wanted to improve his sleep, so he stopped drinking coffee late in the day and began walking after dinner. The changes were simple, but after several weeks he felt more energetic in the morning.","[""To avoid all future work"", ""To increase confusion"", ""To reduce the number of users"", ""To solve a practical problem""]",To solve a practical problem,Identify the main reason.,,,YangLingo Adaptive original practice content,1,
reading,reading_mcq,Education,B1,What happened as a result? [R6],"Mina joined an evening English course because she wanted to communicate more confidently at work. At first, she found listening difficult, so she began reviewing short recordings every day. After two months, she noticed that she could understand meetings more easily.","[""Everyone stopped participating"", ""The situation became easier or more effective"", ""The service closed permanently"", ""Nothing changed""]",The situation became easier or more effective,Use the final sentence or outcome.,,,YangLingo Adaptive original practice content,1,
reading,reading_mcq,Travel,B1,Which statement is supported by the text? [R7],The city introduced an express bus between the airport and the central station. Buses leave every thirty minutes and tickets can be bought online or from the driver. Passengers with online tickets may board directly without using the ticket machine.,"[""All details were uncertain"", ""No one benefited"", ""A practical action was taken"", ""The plan had no purpose""]",A practical action was taken,Choose the statement supported by the passage.,,,YangLingo Adaptive original practice content,1,
reading,reading_mcq,Community,B1,What is the main idea? [R8],"A local club planned a weekend clean-up in the park. The organizers asked volunteers to bring gloves and reusable water bottles. Because heavy rain was forecast for Saturday, the event was moved to Sunday morning.","[""A serious accident occurred"", ""A course was cancelled"", ""A company hired hundreds of people"", ""A small change led to a useful improvement""]",A small change led to a useful improvement,Summarize the central idea.,,,YangLingo Adaptive original practice content,1,
reading,reading_mcq,Technology,B1,Why did the person or organization make the change? [R9],"A small company replaced its old booking system with a mobile-friendly website. Customers can now change appointments without calling the office, and staff spend less time answering routine requests.","[""To solve a practical problem"", ""To avoid all future work"", ""To reduce the number of users"", ""To increase confusion""]",To solve a practical problem,Identify the main reason.,,,YangLingo Adaptive original practice content,1,
reading,reading_mcq,Health,B1,What happened as a result? [R10],"Daniel wanted to improve his sleep, so he stopped drinking coffee late in the day and began walking after dinner. The changes were simple, but after several weeks he felt more energetic in the morning.","[""Nothing changed"", ""The situation became easier or more effective"", ""Everyone stopped participating"", ""The service closed permanently""]",The situation became easier or more effective,Use the final sentence or outcome.,,,YangLingo Adaptive original practice content,1,
reading,reading_mcq,Education,B1,Which statement is supported by the text? [R11],"Mina joined an evening English course because she wanted to communicate more confidently at work. At first, she found listening difficult, so she began reviewing short recordings every day. After two months, she noticed that she could understand meetings more easily.","[""No one benefited"", ""All details were uncertain"", ""A practical action was taken"", ""The plan had no purpose""]",A practical action was taken,Choose the statement supported by the passage.,,,YangLingo Adaptive original practice content,1,
reading,reading_mcq,Travel,B1,What is the main idea? [R12],The city introduced an express bus between the airport and the central station. Buses leave every thirty minutes and tickets can be bought online or from the driver. Passengers with online tickets may board directly without using the ticket machine.,"[""A serious accident occurred"", ""A company hired hundreds of people"", ""A small change led to a useful improvement"", ""A course was cancelled""]",A small change led to a useful improvement,Summarize the central idea.,,,YangLingo Adaptive original practice content,1,
reading,reading_mcq,Community,B1,Why did the person or organization make the change? [R13],"A local club planned a weekend clean-up in the park. The organizers asked volunteers to bring gloves and reusable water bottles. Because heavy rain was forecast for Saturday, the event was moved to Sunday morning.","[""To solve a practical problem"", ""To avoid all future work"", ""To reduce the number of users"", ""To increase confusion""]",To solve a practical problem,Identify the main reason.,,,YangLingo Adaptive original practice content,1,
reading,reading_mcq,Technology,B1,What happened as a result? [R14],"A small company replaced its old booking system with a mobile-friendly website. Customers can now change appointments without calling the office, and staff spend less time answering routine requests.","[""The service closed permanently"", ""The situation became easier or more effective"", ""Everyone stopped participating"", ""Nothing changed""]",The situation became easier or more effective,Use the final sentence or outcome.,,,YangLingo Adaptive original practice content,1,
reading,reading_mcq,Health,B1,Which statement is supported by the text? [R15],"Daniel wanted to improve his sleep, so he stopped drinking coffee late in the day and began walking after dinner. The changes were simple, but after several weeks he felt more energetic in the morning.","[""The plan had no purpose"", ""No one benefited"", ""A practical action was taken"", ""All details were uncertain""]",A practical action was taken,Choose the statement supported by the passage.,,,YangLingo Adaptive original practice content,1,
reading,reading_mcq,Education,B1,What is the main idea? [R16],"Mina joined an evening English course because she wanted to communicate more confidently at work. At first, she found listening difficult, so she began reviewing short recordings every day. After two months, she noticed that she could understand meetings more easily.","[""A company hired hundreds of people"", ""A course was cancelled"", ""A serious accident occurred"", ""A small change led to a useful improvement""]",A small change led to a useful improvement,Summarize the central idea.,,,YangLingo Adaptive original practice content,1,
reading,reading_mcq,Travel,B1,Why did the person or organization make the change? [R17],The city introduced an express bus between the airport and the central station. Buses leave every thirty minutes and tickets can be bought online or from the driver. Passengers with online tickets may board directly without using the ticket machine.,"[""To avoid all future work"", ""To increase confusion"", ""To solve a practical problem"", ""To reduce the number of users""]",To solve a practical problem,Identify the main reason.,,,YangLingo Adaptive original practice content,1,
reading,reading_mcq,Community,B1,What happened as a result? [R18],"A local club planned a weekend clean-up in the park. The organizers asked volunteers to bring gloves and reusable water bottles. Because heavy rain was forecast for Saturday, the event was moved to Sunday morning.","[""Nothing changed"", ""Everyone stopped participating"", ""The service closed permanently"", ""The situation became easier or more effective""]",The situation became easier or more effective,Use the final sentence or outcome.,,,YangLingo Adaptive original practice content,1,
reading,reading_mcq,Technology,B1,Which statement is supported by the text? [R19],"A small company replaced its old booking system with a mobile-friendly website. Customers can now change appointments without calling the office, and staff spend less time answering routine requests.","[""A practical action was taken"", ""The plan had no purpose"", ""All details were uncertain"", ""No one benefited""]",A practical action was taken,Choose the statement supported by the passage.,,,YangLingo Adaptive original practice content,1,
reading,reading_mcq,Health,B1,What is the main idea? [R20],"Daniel wanted to improve his sleep, so he stopped drinking coffee late in the day and began walking after dinner. The changes were simple, but after several weeks he felt more energetic in the morning.","[""A small change led to a useful improvement"", ""A course was cancelled"", ""A company hired hundreds of people"", ""A serious accident occurred""]",A small change led to a useful improvement,Summarize the central idea.,,,YangLingo Adaptive original practice content,1,
reading,reading_mcq,Education,B1,Why did the person or organization make the change? [R21],"Mina joined an evening English course because she wanted to communicate more confidently at work. At first, she found listening difficult, so she began reviewing short recordings every day. After two months, she noticed that she could understand meetings more easily.","[""To solve a practical problem"", ""To reduce the number of users"", ""To avoid all future work"", ""To increase confusion""]",To solve a practical problem,Identify the main reason.,,,YangLingo Adaptive original practice content,1,
reading,reading_mcq,Travel,B1,What happened as a result? [R22],The city introduced an express bus between the airport and the central station. Buses leave every thirty minutes and tickets can be bought online or from the driver. Passengers with online tickets may board directly without using the ticket machine.,"[""The service closed permanently"", ""Everyone stopped participating"", ""The situation became easier or more effective"", ""Nothing changed""]",The situation became easier or more effective,Use the final sentence or outcome.,,,YangLingo Adaptive original practice content,1,
reading,reading_mcq,Community,B1,Which statement is supported by the text? [R23],"A local club planned a weekend clean-up in the park. The organizers asked volunteers to bring gloves and reusable water bottles. Because heavy rain was forecast for Saturday, the event was moved to Sunday morning.","[""A practical action was taken"", ""No one benefited"", ""All details were uncertain"", ""The plan had no purpose""]",A practical action was taken,Choose the statement supported by the passage.,,,YangLingo Adaptive original practice content,1,
reading,reading_mcq,Technology,B1,What is the main idea? [R24],"A small company replaced its old booking system with a mobile-friendly website. Customers can now change appointments without calling the office, and staff spend less time answering routine requests.","[""A company hired hundreds of people"", ""A serious accident occurred"", ""A course was cancelled"", ""A small change led to a useful improvement""]",A small change led to a useful improvement,Summarize the central idea.,,,YangLingo Adaptive original practice content,1,
reading,reading_mcq,Health,B1,Why did the person or organization make the change? [R25],"Daniel wanted to improve his sleep, so he stopped drinking coffee late in the day and began walking after dinner. The changes were simple, but after several weeks he felt more energetic in the morning.","[""To reduce the number of users"", ""To solve a practical problem"", ""To increase confusion"", ""To avoid all future work""]",To solve a practical problem,Identify the main reason.,,,YangLingo Adaptive original practice content,1,
reading,reading_mcq,Education,B1,What happened as a result? [R26],"Mina joined an evening English course because she wanted to communicate more confidently at work. At first, she found listening difficult, so she began reviewing short recordings every day. After two months, she noticed that she could understand meetings more easily.","[""The situation became easier or more effective"", ""Nothing changed"", ""The service closed permanently"", ""Everyone stopped participating""]",The situation became easier or more effective,Use the final sentence or outcome.,,,YangLingo Adaptive original practice content,1,
reading,reading_mcq,Travel,B1,Which statement is supported by the text? [R27],The city introduced an express bus between the airport and the central station. Buses leave every thirty minutes and tickets can be bought online or from the driver. Passengers with online tickets may board directly without using the ticket machine.,"[""The plan had no purpose"", ""No one benefited"", ""All details were uncertain"", ""A practical action was taken""]",A practical action was taken,Choose the statement supported by the passage.,,,YangLingo Adaptive original practice content,1,
reading,reading_mcq,Community,B1,What is the main idea? [R28],"A local club planned a weekend clean-up in the park. The organizers asked volunteers to bring gloves and reusable water bottles. Because heavy rain was forecast for Saturday, the event was moved to Sunday morning.","[""A serious accident occurred"", ""A small change led to a useful improvement"", ""A course was cancelled"", ""A company hired hundreds of people""]",A small change led to a useful improvement,Summarize the central idea.,,,YangLingo Adaptive original practice content,1,
reading,reading_mcq,Technology,B1,Why did the person or organization make the change? [R29],"A small company replaced its old booking system with a mobile-friendly website. Customers can now change appointments without calling the office, and staff spend less time answering routine requests.","[""To reduce the number of users"", ""To increase confusion"", ""To avoid all future work"", ""To solve a practical problem""]",To solve a practical problem,Identify the main reason.,,,YangLingo Adaptive original practice content,1,
reading,reading_mcq,Health,B1,What happened as a result? [R30],"Daniel wanted to improve his sleep, so he stopped drinking coffee late in the day and began walking after dinner. The changes were simple, but after several weeks he felt more energetic in the morning.","[""Everyone stopped participating"", ""Nothing changed"", ""The situation became easier or more effective"", ""The service closed permanently""]",The situation became easier or more effective,Use the final sentence or outcome.,,,YangLingo Adaptive original practice content,1,
reading,reading_mcq,Education,B1,Which statement is supported by the text? [R31],"Mina joined an evening English course because she wanted to communicate more confidently at work. At first, she found listening difficult, so she began reviewing short recordings every day. After two months, she noticed that she could understand meetings more easily.","[""The plan had no purpose"", ""All details were uncertain"", ""No one benefited"", ""A practical action was taken""]",A practical action was taken,Choose the statement supported by the passage.,,,YangLingo Adaptive original practice content,1,
reading,reading_mcq,Travel,B1,What is the main idea? [R32],The city introduced an express bus between the airport and the central station. Buses leave every thirty minutes and tickets can be bought online or from the driver. Passengers with online tickets may board directly without using the ticket machine.,"[""A company hired hundreds of people"", ""A serious accident occurred"", ""A small change led to a useful improvement"", ""A course was cancelled""]",A small change led to a useful improvement,Summarize the central idea.,,,YangLingo Adaptive original practice content,1,
reading,reading_mcq,Community,B1,Why did the person or organization make the change? [R33],"A local club planned a weekend clean-up in the park. The organizers asked volunteers to bring gloves and reusable water bottles. Because heavy rain was forecast for Saturday, the event was moved to Sunday morning.","[""To avoid all future work"", ""To increase confusion"", ""To reduce the number of users"", ""To solve a practical problem""]",To solve a practical problem,Identify the main reason.,,,YangLingo Adaptive original practice content,1,
reading,reading_mcq,Technology,B1,What happened as a result? [R34],"A small company replaced its old booking system with a mobile-friendly website. Customers can now change appointments without calling the office, and staff spend less time answering routine requests.","[""Everyone stopped participating"", ""The situation became easier or more effective"", ""Nothing changed"", ""The service closed permanently""]",The situation became easier or more effective,Use the final sentence or outcome.,,,YangLingo Adaptive original practice content,1,
reading,reading_mcq,Health,B1,Which statement is supported by the text? [R35],"Daniel wanted to improve his sleep, so he stopped drinking coffee late in the day and began walking after dinner. The changes were simple, but after several weeks he felt more energetic in the morning.","[""All details were uncertain"", ""The plan had no purpose"", ""No one benefited"", ""A practical action was taken""]",A practical action was taken,Choose the statement supported by the passage.,,,YangLingo Adaptive original practice content,1,
reading,reading_mcq,Education,B1,What is the main idea? [R36],"Mina joined an evening English course because she wanted to communicate more confidently at work. At first, she found listening difficult, so she began reviewing short recordings every day. After two months, she noticed that she could understand meetings more easily.","[""A company hired hundreds of people"", ""A serious accident occurred"", ""A course was cancelled"", ""A small change led to a useful improvement""]",A small change led to a useful improvement,Summarize the central idea.,,,YangLingo Adaptive original practice content,1,
reading,reading_mcq,Travel,B1,Why did the person or organization make the change? [R37],The city introduced an express bus between the airport and the central station. Buses leave every thirty minutes and tickets can be bought online or from the driver. Passengers with online tickets may board directly without using the ticket machine.,"[""To increase confusion"", ""To avoid all future work"", ""To reduce the number of users"", ""To solve a practical problem""]",To solve a practical problem,Identify the main reason.,,,YangLingo Adaptive original practice content,1,
reading,reading_mcq,Community,B1,What happened as a result? [R38],"A local club planned a weekend clean-up in the park. The organizers asked volunteers to bring gloves and reusable water bottles. Because heavy rain was forecast for Saturday, the event was moved to Sunday morning.","[""Nothing changed"", ""The situation became easier or more effective"", ""The service closed permanently"", ""Everyone stopped participating""]",The situation became easier or more effective,Use the final sentence or outcome.,,,YangLingo Adaptive original practice content,1,
reading,reading_mcq,Technology,B1,Which statement is supported by the text? [R39],"A small company replaced its old booking system with a mobile-friendly website. Customers can now change appointments without calling the office, and staff spend less time answering routine requests.","[""All details were uncertain"", ""No one benefited"", ""A practical action was taken"", ""The plan had no purpose""]",A practical action was taken,Choose the statement supported by the passage.,,,YangLingo Adaptive original practice content,1,
reading,reading_mcq,Health,B1,What is the main idea? [R40],"Daniel wanted to improve his sleep, so he stopped drinking coffee late in the day and began walking after dinner. The changes were simple, but after several weeks he felt more energetic in the morning.","[""A small change led to a useful improvement"", ""A serious accident occurred"", ""A course was cancelled"", ""A company hired hundreds of people""]",A small change led to a useful improvement,Summarize the central idea.,,,YangLingo Adaptive original practice content,1,
reading,reading_mcq,Education,B1,Why did the person or organization make the change? [R41],"Mina joined an evening English course because she wanted to communicate more confidently at work. At first, she found listening difficult, so she began reviewing short recordings every day. After two months, she noticed that she could understand meetings more easily.","[""To reduce the number of users"", ""To avoid all future work"", ""To solve a practical problem"", ""To increase confusion""]",To solve a practical problem,Identify the main reason.,,,YangLingo Adaptive original practice content,1,
reading,reading_mcq,Travel,B1,What happened as a result? [R42],The city introduced an express bus between the airport and the central station. Buses leave every thirty minutes and tickets can be bought online or from the driver. Passengers with online tickets may board directly without using the ticket machine.,"[""Everyone stopped participating"", ""The situation became easier or more effective"", ""The service closed permanently"", ""Nothing changed""]",The situation became easier or more effective,Use the final sentence or outcome.,,,YangLingo Adaptive original practice content,1,
reading,reading_mcq,Community,B1,Which statement is supported by the text? [R43],"A local club planned a weekend clean-up in the park. The organizers asked volunteers to bring gloves and reusable water bottles. Because heavy rain was forecast for Saturday, the event was moved to Sunday morning.","[""A practical action was taken"", ""No one benefited"", ""All details were uncertain"", ""The plan had no purpose""]",A practical action was taken,Choose the statement supported by the passage.,,,YangLingo Adaptive original practice content,1,
reading,reading_mcq,Technology,B1,What is the main idea? [R44],"A small company replaced its old booking system with a mobile-friendly website. Customers can now change appointments without calling the office, and staff spend less time answering routine requests.","[""A company hired hundreds of people"", ""A course was cancelled"", ""A small change led to a useful improvement"", ""A serious accident occurred""]",A small change led to a useful improvement,Summarize the central idea.,,,YangLingo Adaptive original practice content,1,
reading,reading_mcq,Health,B1,Why did the person or organization make the change? [R45],"Daniel wanted to improve his sleep, so he stopped drinking coffee late in the day and began walking after dinner. The changes were simple, but after several weeks he felt more energetic in the morning.","[""To solve a practical problem"", ""To avoid all future work"", ""To reduce the number of users"", ""To increase confusion""]",To solve a practical problem,Identify the main reason.,,,YangLingo Adaptive original practice content,1,
reading,reading_mcq,Education,B1,What happened as a result? [R46],"Mina joined an evening English course because she wanted to communicate more confidently at work. At first, she found listening difficult, so she began reviewing short recordings every day. After two months, she noticed that she could understand meetings more easily.","[""The situation became easier or more effective"", ""Everyone stopped participating"", ""The service closed permanently"", ""Nothing changed""]",The situation became easier or more effective,Use the final sentence or outcome.,,,YangLingo Adaptive original practice content,1,
reading,reading_mcq,Travel,B1,Which statement is supported by the text? [R47],The city introduced an express bus between the airport and the central station. Buses leave every thirty minutes and tickets can be bought online or from the driver. Passengers with online tickets may board directly without using the ticket machine.,"[""All details were uncertain"", ""The plan had no purpose"", ""A practical action was taken"", ""No one benefited""]",A practical action was taken,Choose the statement supported by the passage.,,,YangLingo Adaptive original practice content,1,
reading,reading_mcq,Community,B1,What is the main idea? [R48],"A local club planned a weekend clean-up in the park. The organizers asked volunteers to bring gloves and reusable water bottles. Because heavy rain was forecast for Saturday, the event was moved to Sunday morning.","[""A company hired hundreds of people"", ""A small change led to a useful improvement"", ""A serious accident occurred"", ""A course was cancelled""]",A small change led to a useful improvement,Summarize the central idea.,,,YangLingo Adaptive original practice content,1,
reading,reading_mcq,Technology,B1,Why did the person or organization make the change? [R49],"A small company replaced its old booking system with a mobile-friendly website. Customers can now change appointments without calling the office, and staff spend less time answering routine requests.","[""To avoid all future work"", ""To solve a practical problem"", ""To reduce the number of users"", ""To increase confusion""]",To solve a practical problem,Identify the main reason.,,,YangLingo Adaptive original practice content,1,
reading,reading_mcq,Health,B1,What happened as a result? [R50],"Daniel wanted to improve his sleep, so he stopped drinking coffee late in the day and began walking after dinner. The changes were simple, but after several weeks he felt more energetic in the morning.","[""The service closed permanently"", ""Everyone stopped participating"", ""Nothing changed"", ""The situation became easier or more effective""]",The situation became easier or more effective,Use the final sentence or outcome.,,,YangLingo Adaptive original practice content,1,
reading,reading_mcq,Education,B1,Which statement is supported by the text? [R51],"Mina joined an evening English course because she wanted to communicate more confidently at work. At first, she found listening difficult, so she began reviewing short recordings every day. After two months, she noticed that she could understand meetings more easily.","[""No one benefited"", ""All details were uncertain"", ""The plan had no purpose"", ""A practical action was taken""]",A practical action was taken,Choose the statement supported by the passage.,,,YangLingo Adaptive original practice content,1,
reading,reading_mcq,Travel,B1,What is the main idea? [R52],The city introduced an express bus between the airport and the central station. Buses leave every thirty minutes and tickets can be bought online or from the driver. Passengers with online tickets may board directly without using the ticket machine.,"[""A small change led to a useful improvement"", ""A company hired hundreds of people"", ""A serious accident occurred"", ""A course was cancelled""]",A small change led to a useful improvement,Summarize the central idea.,,,YangLingo Adaptive original practice content,1,
reading,reading_mcq,Community,B1,Why did the person or organization make the change? [R53],"A local club planned a weekend clean-up in the park. The organizers asked volunteers to bring gloves and reusable water bottles. Because heavy rain was forecast for Saturday, the event was moved to Sunday morning.","[""To solve a practical problem"", ""To avoid all future work"", ""To reduce the number of users"", ""To increase confusion""]",To solve a practical problem,Identify the main reason.,,,YangLingo Adaptive original practice content,1,
reading,reading_mcq,Technology,B1,What happened as a result? [R54],"A small company replaced its old booking system with a mobile-friendly website. Customers can now change appointments without calling the office, and staff spend less time answering routine requests.","[""Everyone stopped participating"", ""Nothing changed"", ""The service closed permanently"", ""The situation became easier or more effective""]",The situation became easier or more effective,Use the final sentence or outcome.,,,YangLingo Adaptive original practice content,1,
reading,reading_mcq,Health,B1,Which statement is supported by the text? [R55],"Daniel wanted to improve his sleep, so he stopped drinking coffee late in the day and began walking after dinner. The changes were simple, but after several weeks he felt more energetic in the morning.","[""No one benefited"", ""The plan had no purpose"", ""A practical action was taken"", ""All details were uncertain""]",A practical action was taken,Choose the statement supported by the passage.,,,YangLingo Adaptive original practice content,1,
reading,reading_mcq,Education,B1,What is the main idea? [R56],"Mina joined an evening English course because she wanted to communicate more confidently at work. At first, she found listening difficult, so she began reviewing short recordings every day. After two months, she noticed that she could understand meetings more easily.","[""A small change led to a useful improvement"", ""A company hired hundreds of people"", ""A course was cancelled"", ""A serious accident occurred""]",A small change led to a useful improvement,Summarize the central idea.,,,YangLingo Adaptive original practice content,1,
reading,reading_mcq,Travel,B1,Why did the person or organization make the change? [R57],The city introduced an express bus between the airport and the central station. Buses leave every thirty minutes and tickets can be bought online or from the driver. Passengers with online tickets may board directly without using the ticket machine.,"[""To reduce the number of users"", ""To solve a practical problem"", ""To avoid all future work"", ""To increase confusion""]",To solve a practical problem,Identify the main reason.,,,YangLingo Adaptive original practice content,1,
reading,reading_mcq,Community,B1,What happened as a result? [R58],"A local club planned a weekend clean-up in the park. The organizers asked volunteers to bring gloves and reusable water bottles. Because heavy rain was forecast for Saturday, the event was moved to Sunday morning.","[""Nothing changed"", ""The service closed permanently"", ""Everyone stopped participating"", ""The situation became easier or more effective""]",The situation became easier or more effective,Use the final sentence or outcome.,,,YangLingo Adaptive original practice content,1,
reading,reading_mcq,Technology,B1,Which statement is supported by the text? [R59],"A small company replaced its old booking system with a mobile-friendly website. Customers can now change appointments without calling the office, and staff spend less time answering routine requests.","[""All details were uncertain"", ""A practical action was taken"", ""No one benefited"", ""The plan had no purpose""]",A practical action was taken,Choose the statement supported by the passage.,,,YangLingo Adaptive original practice content,1,
reading,reading_mcq,Health,B1,What is the main idea? [R60],"Daniel wanted to improve his sleep, so he stopped drinking coffee late in the day and began walking after dinner. The changes were simple, but after several weeks he felt more energetic in the morning.","[""A course was cancelled"", ""A company hired hundreds of people"", ""A small change led to a useful improvement"", ""A serious accident occurred""]",A small change led to a useful improvement,Summarize the central idea.,,,YangLingo Adaptive original practice content,1,
reading,reading_mcq,Education,B1,Why did the person or organization make the change? [R61],"Mina joined an evening English course because she wanted to communicate more confidently at work. At first, she found listening difficult, so she began reviewing short recordings every day. After two months, she noticed that she could understand meetings more easily.","[""To increase confusion"", ""To solve a practical problem"", ""To avoid all future work"", ""To reduce the number of users""]",To solve a practical problem,Identify the main reason.,,,YangLingo Adaptive original practice content,1,
reading,reading_mcq,Travel,B1,What happened as a result? [R62],The city introduced an express bus between the airport and the central station. Buses leave every thirty minutes and tickets can be bought online or from the driver. Passengers with online tickets may board directly without using the ticket machine.,"[""The situation became easier or more effective"", ""Nothing changed"", ""Everyone stopped participating"", ""The service closed permanently""]",The situation became easier or more effective,Use the final sentence or outcome.,,,YangLingo Adaptive original practice content,1,
reading,reading_mcq,Community,B1,Which statement is supported by the text? [R63],"A local club planned a weekend clean-up in the park. The organizers asked volunteers to bring gloves and reusable water bottles. Because heavy rain was forecast for Saturday, the event was moved to Sunday morning.","[""A practical action was taken"", ""The plan had no purpose"", ""No one benefited"", ""All details were uncertain""]",A practical action was taken,Choose the statement supported by the passage.,,,YangLingo Adaptive original practice content,1,
reading,reading_mcq,Technology,B1,What is the main idea? [R64],"A small company replaced its old booking system with a mobile-friendly website. Customers can now change appointments without calling the office, and staff spend less time answering routine requests.","[""A company hired hundreds of people"", ""A course was cancelled"", ""A small change led to a useful improvement"", ""A serious accident occurred""]",A small change led to a useful improvement,Summarize the central idea.,,,YangLingo Adaptive original practice content,1,
reading,reading_mcq,Health,B1,Why did the person or organization make the change? [R65],"Daniel wanted to improve his sleep, so he stopped drinking coffee late in the day and began walking after dinner. The changes were simple, but after several weeks he felt more energetic in the morning.","[""To reduce the number of users"", ""To solve a practical problem"", ""To avoid all future work"", ""To increase confusion""]",To solve a practical problem,Identify the main reason.,,,YangLingo Adaptive original practice content,1,
reading,reading_mcq,Education,B1,What happened as a result? [R66],"Mina joined an evening English course because she wanted to communicate more confidently at work. At first, she found listening difficult, so she began reviewing short recordings every day. After two months, she noticed that she could understand meetings more easily.","[""Everyone stopped participating"", ""Nothing changed"", ""The service closed permanently"", ""The situation became easier or more effective""]",The situation became easier or more effective,Use the final sentence or outcome.,,,YangLingo Adaptive original practice content,1,
reading,reading_mcq,Travel,B1,Which statement is supported by the text? [R67],The city introduced an express bus between the airport and the central station. Buses leave every thirty minutes and tickets can be bought online or from the driver. Passengers with online tickets may board directly without using the ticket machine.,"[""A practical action was taken"", ""All details were uncertain"", ""No one benefited"", ""The plan had no purpose""]",A practical action was taken,Choose the statement supported by the passage.,,,YangLingo Adaptive original practice content,1,
reading,reading_mcq,Community,B1,What is the main idea? [R68],"A local club planned a weekend clean-up in the park. The organizers asked volunteers to bring gloves and reusable water bottles. Because heavy rain was forecast for Saturday, the event was moved to Sunday morning.","[""A small change led to a useful improvement"", ""A serious accident occurred"", ""A company hired hundreds of people"", ""A course was cancelled""]",A small change led to a useful improvement,Summarize the central idea.,,,YangLingo Adaptive original practice content,1,
reading,reading_mcq,Technology,B1,Why did the person or organization make the change? [R69],"A small company replaced its old booking system with a mobile-friendly website. Customers can now change appointments without calling the office, and staff spend less time answering routine requests.","[""To increase confusion"", ""To solve a practical problem"", ""To avoid all future work"", ""To reduce the number of users""]",To solve a practical problem,Identify the main reason.,,,YangLingo Adaptive original practice content,1,
reading,reading_mcq,Health,B1,What happened as a result? [R70],"Daniel wanted to improve his sleep, so he stopped drinking coffee late in the day and began walking after dinner. The changes were simple, but after several weeks he felt more energetic in the morning.","[""Nothing changed"", ""Everyone stopped participating"", ""The situation became easier or more effective"", ""The service closed permanently""]",The situation became easier or more effective,Use the final sentence or outcome.,,,YangLingo Adaptive original practice content,1,
reading,sentence_ordering,Text cohesion,B1,Put the four sentences in the best order. [ORDER 1],,"[""Next, they compared three possible solutions."", ""Then, they prepared a short proposal."", ""Finally, the manager approved the proposal."", ""First, the team discussed the problem.""]","[""First, the team discussed the problem."", ""Next, they compared three possible solutions."", ""Then, they prepared a short proposal."", ""Finally, the manager approved the proposal.""]","Look for sequence markers such as First, Next, Then, and Finally.",,,YangLingo Adaptive original practice content,1,
reading,sentence_ordering,Text cohesion,B1,Put the four sentences in the best order. [ORDER 2],,"[""Finally, I boarded the train."", ""Then, I bought a ticket on my phone."", ""After that, I travelled to the station."", ""First, I checked the train schedule online.""]","[""First, I checked the train schedule online."", ""Then, I bought a ticket on my phone."", ""After that, I travelled to the station."", ""Finally, I boarded the train.""]","Look for sequence markers such as First, Next, Then, and Finally.",,,YangLingo Adaptive original practice content,1,
reading,sentence_ordering,Text cohesion,B1,Put the four sentences in the best order. [ORDER 3],,"[""First, the club asked members for ideas."", ""Next, it selected the most popular activity."", ""Then, volunteers prepared the venue."", ""Finally, the event opened to members.""]","[""First, the club asked members for ideas."", ""Next, it selected the most popular activity."", ""Then, volunteers prepared the venue."", ""Finally, the event opened to members.""]","Look for sequence markers such as First, Next, Then, and Finally.",,,YangLingo Adaptive original practice content,1,
reading,sentence_ordering,Text cohesion,B1,Put the four sentences in the best order. [ORDER 4],,"[""Then, they corrected the error."", ""Next, the support team checked the account."", ""Finally, the customer received confirmation."", ""First, the customer reported the problem.""]","[""First, the customer reported the problem."", ""Next, the support team checked the account."", ""Then, they corrected the error."", ""Finally, the customer received confirmation.""]","Look for sequence markers such as First, Next, Then, and Finally.",,,YangLingo Adaptive original practice content,1,
reading,sentence_ordering,Text cohesion,B1,Put the four sentences in the best order. [ORDER 5],,"[""Next, they compared three possible solutions."", ""Then, they prepared a short proposal."", ""First, the team discussed the problem."", ""Finally, the manager approved the proposal.""]","[""First, the team discussed the problem."", ""Next, they compared three possible solutions."", ""Then, they prepared a short proposal."", ""Finally, the manager approved the proposal.""]","Look for sequence markers such as First, Next, Then, and Finally.",,,YangLingo Adaptive original practice content,1,
reading,sentence_ordering,Text cohesion,B1,Put the four sentences in the best order. [ORDER 6],,"[""After that, I travelled to the station."", ""First, I checked the train schedule online."", ""Then, I bought a ticket on my phone."", ""Finally, I boarded the train.""]","[""First, I checked the train schedule online."", ""Then, I bought a ticket on my phone."", ""After that, I travelled to the station."", ""Finally, I boarded the train.""]","Look for sequence markers such as First, Next, Then, and Finally.",,,YangLingo Adaptive original practice content,1,
reading,sentence_ordering,Text cohesion,B1,Put the four sentences in the best order. [ORDER 7],,"[""Then, volunteers prepared the venue."", ""Next, it selected the most popular activity."", ""Finally, the event opened to members."", ""First, the club asked members for ideas.""]","[""First, the club asked members for ideas."", ""Next, it selected the most popular activity."", ""Then, volunteers prepared the venue."", ""Finally, the event opened to members.""]","Look for sequence markers such as First, Next, Then, and Finally.",,,YangLingo Adaptive original practice content,1,
reading,sentence_ordering,Text cohesion,B1,Put the four sentences in the best order. [ORDER 8],,"[""Finally, the customer received confirmation."", ""First, the customer reported the problem."", ""Then, they corrected the error."", ""Next, the support team checked the account.""]","[""First, the customer reported the problem."", ""Next, the support team checked the account."", ""Then, they corrected the error."", ""Finally, the customer received confirmation.""]","Look for sequence markers such as First, Next, Then, and Finally.",,,YangLingo Adaptive original practice content,1,
reading,sentence_ordering,Text cohesion,B1,Put the four sentences in the best order. [ORDER 9],,"[""Next, they compared three possible solutions."", ""First, the team discussed the problem."", ""Finally, the manager approved the proposal."", ""Then, they prepared a short proposal.""]","[""First, the team discussed the problem."", ""Next, they compared three possible solutions."", ""Then, they prepared a short proposal."", ""Finally, the manager approved the proposal.""]","Look for sequence markers such as First, Next, Then, and Finally.",,,YangLingo Adaptive original practice content,1,
reading,sentence_ordering,Text cohesion,B1,Put the four sentences in the best order. [ORDER 10],,"[""After that, I travelled to the station."", ""Then, I bought a ticket on my phone."", ""Finally, I boarded the train."", ""First, I checked the train schedule online.""]","[""First, I checked the train schedule online."", ""Then, I bought a ticket on my phone."", ""After that, I travelled to the station."", ""Finally, I boarded the train.""]","Look for sequence markers such as First, Next, Then, and Finally.",,,YangLingo Adaptive original practice content,1,
reading,sentence_ordering,Text cohesion,B1,Put the four sentences in the best order. [ORDER 11],,"[""Then, volunteers prepared the venue."", ""Next, it selected the most popular activity."", ""First, the club asked members for ideas."", ""Finally, the event opened to members.""]","[""First, the club asked members for ideas."", ""Next, it selected the most popular activity."", ""Then, volunteers prepared the venue."", ""Finally, the event opened to members.""]","Look for sequence markers such as First, Next, Then, and Finally.",,,YangLingo Adaptive original practice content,1,
reading,sentence_ordering,Text cohesion,B1,Put the four sentences in the best order. [ORDER 12],,"[""Next, the support team checked the account."", ""First, the customer reported the problem."", ""Finally, the customer received confirmation."", ""Then, they corrected the error.""]","[""First, the customer reported the problem."", ""Next, the support team checked the account."", ""Then, they corrected the error."", ""Finally, the customer received confirmation.""]","Look for sequence markers such as First, Next, Then, and Finally.",,,YangLingo Adaptive original practice content,1,
reading,sentence_ordering,Text cohesion,B1,Put the four sentences in the best order. [ORDER 13],,"[""Next, they compared three possible solutions."", ""First, the team discussed the problem."", ""Then, they prepared a short proposal."", ""Finally, the manager approved the proposal.""]","[""First, the team discussed the problem."", ""Next, they compared three possible solutions."", ""Then, they prepared a short proposal."", ""Finally, the manager approved the proposal.""]","Look for sequence markers such as First, Next, Then, and Finally.",,,YangLingo Adaptive original practice content,1,
reading,sentence_ordering,Text cohesion,B1,Put the four sentences in the best order. [ORDER 14],,"[""After that, I travelled to the station."", ""First, I checked the train schedule online."", ""Finally, I boarded the train."", ""Then, I bought a ticket on my phone.""]","[""First, I checked the train schedule online."", ""Then, I bought a ticket on my phone."", ""After that, I travelled to the station."", ""Finally, I boarded the train.""]","Look for sequence markers such as First, Next, Then, and Finally.",,,YangLingo Adaptive original practice content,1,
reading,sentence_ordering,Text cohesion,B1,Put the four sentences in the best order. [ORDER 15],,"[""First, the club asked members for ideas."", ""Finally, the event opened to members."", ""Next, it selected the most popular activity."", ""Then, volunteers prepared the venue.""]","[""First, the club asked members for ideas."", ""Next, it selected the most popular activity."", ""Then, volunteers prepared the venue."", ""Finally, the event opened to members.""]","Look for sequence markers such as First, Next, Then, and Finally.",,,YangLingo Adaptive original practice content,1,
reading,sentence_ordering,Text cohesion,B1,Put the four sentences in the best order. [ORDER 16],,"[""Finally, the customer received confirmation."", ""Next, the support team checked the account."", ""Then, they corrected the error."", ""First, the customer reported the problem.""]","[""First, the customer reported the problem."", ""Next, the support team checked the account."", ""Then, they corrected the error."", ""Finally, the customer received confirmation.""]","Look for sequence markers such as First, Next, Then, and Finally.",,,YangLingo Adaptive original practice content,1,
reading,sentence_ordering,Text cohesion,B1,Put the four sentences in the best order. [ORDER 17],,"[""Finally, the manager approved the proposal."", ""First, the team discussed the problem."", ""Then, they prepared a short proposal."", ""Next, they compared three possible solutions.""]","[""First, the team discussed the problem."", ""Next, they compared three possible solutions."", ""Then, they prepared a short proposal."", ""Finally, the manager approved the proposal.""]","Look for sequence markers such as First, Next, Then, and Finally.",,,YangLingo Adaptive original practice content,1,
reading,sentence_ordering,Text cohesion,B1,Put the four sentences in the best order. [ORDER 18],,"[""Then, I bought a ticket on my phone."", ""Finally, I boarded the train."", ""First, I checked the train schedule online."", ""After that, I travelled to the station.""]","[""First, I checked the train schedule online."", ""Then, I bought a ticket on my phone."", ""After that, I travelled to the station."", ""Finally, I boarded the train.""]","Look for sequence markers such as First, Next, Then, and Finally.",,,YangLingo Adaptive original practice content,1,
reading,sentence_ordering,Text cohesion,B1,Put the four sentences in the best order. [ORDER 19],,"[""Next, it selected the most popular activity."", ""Finally, the event opened to members."", ""First, the club asked members for ideas."", ""Then, volunteers prepared the venue.""]","[""First, the club asked members for ideas."", ""Next, it selected the most popular activity."", ""Then, volunteers prepared the venue."", ""Finally, the event opened to members.""]","Look for sequence markers such as First, Next, Then, and Finally.",,,YangLingo Adaptive original practice content,1,
reading,sentence_ordering,Text cohesion,B1,Put the four sentences in the best order. [ORDER 20],,"[""Next, the support team checked the account."", ""First, the customer reported the problem."", ""Finally, the customer received confirmation."", ""Then, they corrected the error.""]","[""First, the customer reported the problem."", ""Next, the support team checked the account."", ""Then, they corrected the error."", ""Finally, the customer received confirmation.""]","Look for sequence markers such as First, Next, Then, and Finally.",,,YangLingo Adaptive original practice content,1,
listening,information_recognition,Daily Life,B1,When is the meeting now? [L1],,"[""Saturday night"", ""Friday afternoon"", ""Thursday morning"", ""Monday evening""]",Friday afternoon,"Listen for meaning, keyword, and paraphrase.",The meeting has been moved to Friday afternoon.,30,YangLingo Adaptive original practice content,1,
listening,information_matching,Daily Life,B1,Where should the package be left? [L2],,"[""At reception"", ""In the car park"", ""At the station"", ""In Room 12""]",At reception,"Listen for meaning, keyword, and paraphrase.",Please leave the package at the reception desk.,30,YangLingo Adaptive original practice content,1,
listening,inference,Daily Life,B1,What stays open until seven? [L3],,"[""The ticket office"", ""The café"", ""The museum"", ""The shop""]",The café,"Listen for meaning, keyword, and paraphrase.","The museum closes at six, but the café stays open until seven.",30,YangLingo Adaptive original practice content,1,
listening,opinion,Daily Life,B1,What time can the speaker meet? [L4],,"[""Exactly noon"", ""About 3:30"", ""Before breakfast"", ""About 1:30""]",About 1:30,"Listen for meaning, keyword, and paraphrase.","I can meet you after lunch, around half past one.",30,YangLingo Adaptive original practice content,1,
listening,longer_monologue,Daily Life,B1,Why did they choose the smaller room? [L5],,"[""It was closer"", ""It was brighter"", ""It was quieter"", ""It was cheaper""]",It was quieter,"Listen for meaning, keyword, and paraphrase.",We chose the smaller room because it was quieter.,30,YangLingo Adaptive original practice content,1,
listening,information_recognition,Daily Life,B1,When is the meeting now? [L6],,"[""Saturday night"", ""Monday evening"", ""Thursday morning"", ""Friday afternoon""]",Friday afternoon,"Listen for meaning, keyword, and paraphrase.",The meeting has been moved to Friday afternoon.,30,YangLingo Adaptive original practice content,1,
listening,information_matching,Daily Life,B1,Where should the package be left? [L7],,"[""In the car park"", ""At reception"", ""At the station"", ""In Room 12""]",At reception,"Listen for meaning, keyword, and paraphrase.",Please leave the package at the reception desk.,30,YangLingo Adaptive original practice content,1,
listening,inference,Daily Life,B1,What stays open until seven? [L8],,"[""The ticket office"", ""The café"", ""The shop"", ""The museum""]",The café,"Listen for meaning, keyword, and paraphrase.","The museum closes at six, but the café stays open until seven.",30,YangLingo Adaptive original practice content,1,
listening,opinion,Daily Life,B1,What time can the speaker meet? [L9],,"[""Before breakfast"", ""About 1:30"", ""Exactly noon"", ""About 3:30""]",About 1:30,"Listen for meaning, keyword, and paraphrase.","I can meet you after lunch, around half past one.",30,YangLingo Adaptive original practice content,1,
listening,longer_monologue,Daily Life,B1,Why did they choose the smaller room? [L10],,"[""It was quieter"", ""It was cheaper"", ""It was brighter"", ""It was closer""]",It was quieter,"Listen for meaning, keyword, and paraphrase.",We chose the smaller room because it was quieter.,30,YangLingo Adaptive original practice content,1,
listening,information_recognition,Daily Life,B1,When is the meeting now? [L11],,"[""Thursday morning"", ""Monday evening"", ""Friday afternoon"", ""Saturday night""]",Friday afternoon,"Listen for meaning, keyword, and paraphrase.",The meeting has been moved to Friday afternoon.,30,YangLingo Adaptive original practice content,1,
listening,information_matching,Daily Life,B1,Where should the package be left? [L12],,"[""In Room 12"", ""In the car park"", ""At reception"", ""At the station""]",At reception,"Listen for meaning, keyword, and paraphrase.",Please leave the package at the reception desk.,30,YangLingo Adaptive original practice content,1,
listening,inference,Daily Life,B1,What stays open until seven? [L13],,"[""The ticket office"", ""The museum"", ""The shop"", ""The café""]",The café,"Listen for meaning, keyword, and paraphrase.","The museum closes at six, but the café stays open until seven.",30,YangLingo Adaptive original practice content,1,
listening,opinion,Daily Life,B1,What time can the speaker meet? [L14],,"[""Before breakfast"", ""About 3:30"", ""Exactly noon"", ""About 1:30""]",About 1:30,"Listen for meaning, keyword, and paraphrase.","I can meet you after lunch, around half past one.",30,YangLingo Adaptive original practice content,1,
listening,longer_monologue,Daily Life,B1,Why did they choose the smaller room? [L15],,"[""It was brighter"", ""It was quieter"", ""It was closer"", ""It was cheaper""]",It was quieter,"Listen for meaning, keyword, and paraphrase.",We chose the smaller room because it was quieter.,30,YangLingo Adaptive original practice content,1,
listening,information_recognition,Daily Life,B1,When is the meeting now? [L16],,"[""Thursday morning"", ""Monday evening"", ""Friday afternoon"", ""Saturday night""]",Friday afternoon,"Listen for meaning, keyword, and paraphrase.",The meeting has been moved to Friday afternoon.,30,YangLingo Adaptive original practice content,1,
listening,information_matching,Daily Life,B1,Where should the package be left? [L17],,"[""At reception"", ""In the car park"", ""At the station"", ""In Room 12""]",At reception,"Listen for meaning, keyword, and paraphrase.",Please leave the package at the reception desk.,30,YangLingo Adaptive original practice content,1,
listening,inference,Daily Life,B1,What stays open until seven? [L18],,"[""The shop"", ""The museum"", ""The ticket office"", ""The café""]",The café,"Listen for meaning, keyword, and paraphrase.","The museum closes at six, but the café stays open until seven.",30,YangLingo Adaptive original practice content,1,
listening,opinion,Daily Life,B1,What time can the speaker meet? [L19],,"[""About 1:30"", ""Exactly noon"", ""About 3:30"", ""Before breakfast""]",About 1:30,"Listen for meaning, keyword, and paraphrase.","I can meet you after lunch, around half past one.",30,YangLingo Adaptive original practice content,1,
listening,longer_monologue,Daily Life,B1,Why did they choose the smaller room? [L20],,"[""It was closer"", ""It was cheaper"", ""It was brighter"", ""It was quieter""]",It was quieter,"Listen for meaning, keyword, and paraphrase.",We chose the smaller room because it was quieter.,30,YangLingo Adaptive original practice content,1,
listening,information_recognition,Daily Life,B1,When is the meeting now? [L21],,"[""Monday evening"", ""Thursday morning"", ""Friday afternoon"", ""Saturday night""]",Friday afternoon,"Listen for meaning, keyword, and paraphrase.",The meeting has been moved to Friday afternoon.,30,YangLingo Adaptive original practice content,1,
listening,information_matching,Daily Life,B1,Where should the package be left? [L22],,"[""In Room 12"", ""At reception"", ""In the car park"", ""At the station""]",At reception,"Listen for meaning, keyword, and paraphrase.",Please leave the package at the reception desk.,30,YangLingo Adaptive original practice content,1,
listening,inference,Daily Life,B1,What stays open until seven? [L23],,"[""The museum"", ""The ticket office"", ""The shop"", ""The café""]",The café,"Listen for meaning, keyword, and paraphrase.","The museum closes at six, but the café stays open until seven.",30,YangLingo Adaptive original practice content,1,
listening,opinion,Daily Life,B1,What time can the speaker meet? [L24],,"[""About 3:30"", ""Exactly noon"", ""Before breakfast"", ""About 1:30""]",About 1:30,"Listen for meaning, keyword, and paraphrase.","I can meet you after lunch, around half past one.",30,YangLingo Adaptive original practice content,1,
listening,longer_monologue,Daily Life,B1,Why did they choose the smaller room? [L25],,"[""It was closer"", ""It was quieter"", ""It was brighter"", ""It was cheaper""]",It was quieter,"Listen for meaning, keyword, and paraphrase.",We chose the smaller room because it was quieter.,30,YangLingo Adaptive original practice content,1,
listening,information_recognition,Daily Life,B1,When is the meeting now? [L26],,"[""Saturday night"", ""Monday evening"", ""Friday afternoon"", ""Thursday morning""]",Friday afternoon,"Listen for meaning, keyword, and paraphrase.",The meeting has been moved to Friday afternoon.,30,YangLingo Adaptive original practice content,1,
listening,information_matching,Daily Life,B1,Where should the package be left? [L27],,"[""At the station"", ""In the car park"", ""At reception"", ""In Room 12""]",At reception,"Listen for meaning, keyword, and paraphrase.",Please leave the package at the reception desk.,30,YangLingo Adaptive original practice content,1,
listening,inference,Daily Life,B1,What stays open until seven? [L28],,"[""The café"", ""The ticket office"", ""The shop"", ""The museum""]",The café,"Listen for meaning, keyword, and paraphrase.","The museum closes at six, but the café stays open until seven.",30,YangLingo Adaptive original practice content,1,
listening,opinion,Daily Life,B1,What time can the speaker meet? [L29],,"[""About 3:30"", ""About 1:30"", ""Exactly noon"", ""Before breakfast""]",About 1:30,"Listen for meaning, keyword, and paraphrase.","I can meet you after lunch, around half past one.",30,YangLingo Adaptive original practice content,1,
listening,longer_monologue,Daily Life,B1,Why did they choose the smaller room? [L30],,"[""It was closer"", ""It was brighter"", ""It was quieter"", ""It was cheaper""]",It was quieter,"Listen for meaning, keyword, and paraphrase.",We chose the smaller room because it was quieter.,30,YangLingo Adaptive original practice content,1,
listening,information_recognition,Daily Life,B1,When is the meeting now? [L31],,"[""Friday afternoon"", ""Monday evening"", ""Thursday morning"", ""Saturday night""]",Friday afternoon,"Listen for meaning, keyword, and paraphrase.",The meeting has been moved to Friday afternoon.,30,YangLingo Adaptive original practice content,1,
listening,information_matching,Daily Life,B1,Where should the package be left? [L32],,"[""In the car park"", ""In Room 12"", ""At the station"", ""At reception""]",At reception,"Listen for meaning, keyword, and paraphrase.",Please leave the package at the reception desk.,30,YangLingo Adaptive original practice content,1,
listening,inference,Daily Life,B1,What stays open until seven? [L33],,"[""The café"", ""The museum"", ""The shop"", ""The ticket office""]",The café,"Listen for meaning, keyword, and paraphrase.","The museum closes at six, but the café stays open until seven.",30,YangLingo Adaptive original practice content,1,
listening,opinion,Daily Life,B1,What time can the speaker meet? [L34],,"[""Before breakfast"", ""About 3:30"", ""About 1:30"", ""Exactly noon""]",About 1:30,"Listen for meaning, keyword, and paraphrase.","I can meet you after lunch, around half past one.",30,YangLingo Adaptive original practice content,1,
listening,longer_monologue,Daily Life,B1,Why did they choose the smaller room? [L35],,"[""It was closer"", ""It was cheaper"", ""It was quieter"", ""It was brighter""]",It was quieter,"Listen for meaning, keyword, and paraphrase.",We chose the smaller room because it was quieter.,30,YangLingo Adaptive original practice content,1,
listening,information_recognition,Daily Life,B1,When is the meeting now? [L36],,"[""Thursday morning"", ""Saturday night"", ""Friday afternoon"", ""Monday evening""]",Friday afternoon,"Listen for meaning, keyword, and paraphrase.",The meeting has been moved to Friday afternoon.,30,YangLingo Adaptive original practice content,1,
listening,information_matching,Daily Life,B1,Where should the package be left? [L37],,"[""In Room 12"", ""At reception"", ""At the station"", ""In the car park""]",At reception,"Listen for meaning, keyword, and paraphrase.",Please leave the package at the reception desk.,30,YangLingo Adaptive original practice content,1,
listening,inference,Daily Life,B1,What stays open until seven? [L38],,"[""The café"", ""The shop"", ""The ticket office"", ""The museum""]",The café,"Listen for meaning, keyword, and paraphrase.","The museum closes at six, but the café stays open until seven.",30,YangLingo Adaptive original practice content,1,
listening,opinion,Daily Life,B1,What time can the speaker meet? [L39],,"[""Exactly noon"", ""About 1:30"", ""About 3:30"", ""Before breakfast""]",About 1:30,"Listen for meaning, keyword, and paraphrase.","I can meet you after lunch, around half past one.",30,YangLingo Adaptive original practice content,1,
listening,longer_monologue,Daily Life,B1,Why did they choose the smaller room? [L40],,"[""It was brighter"", ""It was closer"", ""It was quieter"", ""It was cheaper""]",It was quieter,"Listen for meaning, keyword, and paraphrase.",We chose the smaller room because it was quieter.,30,YangLingo Adaptive original practice content,1,
listening,information_recognition,Daily Life,B1,When is the meeting now? [L41],,"[""Saturday night"", ""Thursday morning"", ""Friday afternoon"", ""Monday evening""]",Friday afternoon,"Listen for meaning, keyword, and paraphrase.",The meeting has been moved to Friday afternoon.,30,YangLingo Adaptive original practice content,1,
listening,information_matching,Daily Life,B1,Where should the package be left? [L42],,"[""At reception"", ""In Room 12"", ""In the car park"", ""At the station""]",At reception,"Listen for meaning, keyword, and paraphrase.",Please leave the package at the reception desk.,30,YangLingo Adaptive original practice content,1,
listening,inference,Daily Life,B1,What stays open until seven? [L43],,"[""The shop"", ""The ticket office"", ""The museum"", ""The café""]",The café,"Listen for meaning, keyword, and paraphrase.","The museum closes at six, but the café stays open until seven.",30,YangLingo Adaptive original practice content,1,
listening,opinion,Daily Life,B1,What time can the speaker meet? [L44],,"[""About 3:30"", ""Exactly noon"", ""Before breakfast"", ""About 1:30""]",About 1:30,"Listen for meaning, keyword, and paraphrase.","I can meet you after lunch, around half past one.",30,YangLingo Adaptive original practice content,1,
listening,longer_monologue,Daily Life,B1,Why did they choose the smaller room? [L45],,"[""It was quieter"", ""It was brighter"", ""It was closer"", ""It was cheaper""]",It was quieter,"Listen for meaning, keyword, and paraphrase.",We chose the smaller room because it was quieter.,30,YangLingo Adaptive original practice content,1,
listening,information_recognition,Daily Life,B1,When is the meeting now? [L46],,"[""Thursday morning"", ""Monday evening"", ""Saturday night"", ""Friday afternoon""]",Friday afternoon,"Listen for meaning, keyword, and paraphrase.",The meeting has been moved to Friday afternoon.,30,YangLingo Adaptive original practice content,1,
listening,information_matching,Daily Life,B1,Where should the package be left? [L47],,"[""At the station"", ""At reception"", ""In the car park"", ""In Room 12""]",At reception,"Listen for meaning, keyword, and paraphrase.",Please leave the package at the reception desk.,30,YangLingo Adaptive original practice content,1,
listening,inference,Daily Life,B1,What stays open until seven? [L48],,"[""The shop"", ""The ticket office"", ""The café"", ""The museum""]",The café,"Listen for meaning, keyword, and paraphrase.","The museum closes at six, but the café stays open until seven.",30,YangLingo Adaptive original practice content,1,
listening,opinion,Daily Life,B1,What time can the speaker meet? [L49],,"[""Exactly noon"", ""About 1:30"", ""About 3:30"", ""Before breakfast""]",About 1:30,"Listen for meaning, keyword, and paraphrase.","I can meet you after lunch, around half past one.",30,YangLingo Adaptive original practice content,1,
listening,longer_monologue,Daily Life,B1,Why did they choose the smaller room? [L50],,"[""It was quieter"", ""It was brighter"", ""It was closer"", ""It was cheaper""]",It was quieter,"Listen for meaning, keyword, and paraphrase.",We chose the smaller room because it was quieter.,30,YangLingo Adaptive original practice content,1,
listening,information_recognition,Daily Life,B1,When is the meeting now? [L51],,"[""Friday afternoon"", ""Monday evening"", ""Thursday morning"", ""Saturday night""]",Friday afternoon,"Listen for meaning, keyword, and paraphrase.",The meeting has been moved to Friday afternoon.,30,YangLingo Adaptive original practice content,1,
listening,information_matching,Daily Life,B1,Where should the package be left? [L52],,"[""At the station"", ""In Room 12"", ""At reception"", ""In the car park""]",At reception,"Listen for meaning, keyword, and paraphrase.",Please leave the package at the reception desk.,30,YangLingo Adaptive original practice content,1,
listening,inference,Daily Life,B1,What stays open until seven? [L53],,"[""The ticket office"", ""The museum"", ""The shop"", ""The café""]",The café,"Listen for meaning, keyword, and paraphrase.","The museum closes at six, but the café stays open until seven.",30,YangLingo Adaptive original practice content,1,
listening,opinion,Daily Life,B1,What time can the speaker meet? [L54],,"[""About 3:30"", ""About 1:30"", ""Before breakfast"", ""Exactly noon""]",About 1:30,"Listen for meaning, keyword, and paraphrase.","I can meet you after lunch, around half past one.",30,YangLingo Adaptive original practice content,1,
listening,longer_monologue,Daily Life,B1,Why did they choose the smaller room? [L55],,"[""It was cheaper"", ""It was closer"", ""It was quieter"", ""It was brighter""]",It was quieter,"Listen for meaning, keyword, and paraphrase.",We chose the smaller room because it was quieter.,30,YangLingo Adaptive original practice content,1,
listening,information_recognition,Daily Life,B1,When is the meeting now? [L56],,"[""Thursday morning"", ""Saturday night"", ""Friday afternoon"", ""Monday evening""]",Friday afternoon,"Listen for meaning, keyword, and paraphrase.",The meeting has been moved to Friday afternoon.,30,YangLingo Adaptive original practice content,1,
listening,information_matching,Daily Life,B1,Where should the package be left? [L57],,"[""In the car park"", ""At reception"", ""In Room 12"", ""At the station""]",At reception,"Listen for meaning, keyword, and paraphrase.",Please leave the package at the reception desk.,30,YangLingo Adaptive original practice content,1,
listening,inference,Daily Life,B1,What stays open until seven? [L58],,"[""The shop"", ""The ticket office"", ""The café"", ""The museum""]",The café,"Listen for meaning, keyword, and paraphrase.","The museum closes at six, but the café stays open until seven.",30,YangLingo Adaptive original practice content,1,
listening,opinion,Daily Life,B1,What time can the speaker meet? [L59],,"[""Before breakfast"", ""Exactly noon"", ""About 3:30"", ""About 1:30""]",About 1:30,"Listen for meaning, keyword, and paraphrase.","I can meet you after lunch, around half past one.",30,YangLingo Adaptive original practice content,1,
listening,longer_monologue,Daily Life,B1,Why did they choose the smaller room? [L60],,"[""It was brighter"", ""It was closer"", ""It was quieter"", ""It was cheaper""]",It was quieter,"Listen for meaning, keyword, and paraphrase.",We chose the smaller room because it was quieter.,30,YangLingo Adaptive original practice content,1,
listening,information_recognition,Daily Life,B1,When is the meeting now? [L61],,"[""Friday afternoon"", ""Thursday morning"", ""Monday evening"", ""Saturday night""]",Friday afternoon,"Listen for meaning, keyword, and paraphrase.",The meeting has been moved to Friday afternoon.,30,YangLingo Adaptive original practice content,1,
listening,information_matching,Daily Life,B1,Where should the package be left? [L62],,"[""In the car park"", ""At the station"", ""In Room 12"", ""At reception""]",At reception,"Listen for meaning, keyword, and paraphrase.",Please leave the package at the reception desk.,30,YangLingo Adaptive original practice content,1,
listening,inference,Daily Life,B1,What stays open until seven? [L63],,"[""The museum"", ""The ticket office"", ""The shop"", ""The café""]",The café,"Listen for meaning, keyword, and paraphrase.","The museum closes at six, but the café stays open until seven.",30,YangLingo Adaptive original practice content,1,
listening,opinion,Daily Life,B1,What time can the speaker meet? [L64],,"[""About 1:30"", ""About 3:30"", ""Before breakfast"", ""Exactly noon""]",About 1:30,"Listen for meaning, keyword, and paraphrase.","I can meet you after lunch, around half past one.",30,YangLingo Adaptive original practice content,1,
listening,longer_monologue,Daily Life,B1,Why did they choose the smaller room? [L65],,"[""It was quieter"", ""It was closer"", ""It was cheaper"", ""It was brighter""]",It was quieter,"Listen for meaning, keyword, and paraphrase.",We chose the smaller room because it was quieter.,30,YangLingo Adaptive original practice content,1,
listening,information_recognition,Daily Life,B1,When is the meeting now? [L66],,"[""Thursday morning"", ""Friday afternoon"", ""Saturday night"", ""Monday evening""]",Friday afternoon,"Listen for meaning, keyword, and paraphrase.",The meeting has been moved to Friday afternoon.,30,YangLingo Adaptive original practice content,1,
listening,information_matching,Daily Life,B1,Where should the package be left? [L67],,"[""In Room 12"", ""At reception"", ""At the station"", ""In the car park""]",At reception,"Listen for meaning, keyword, and paraphrase.",Please leave the package at the reception desk.,30,YangLingo Adaptive original practice content,1,
listening,inference,Daily Life,B1,What stays open until seven? [L68],,"[""The café"", ""The ticket office"", ""The shop"", ""The museum""]",The café,"Listen for meaning, keyword, and paraphrase.","The museum closes at six, but the café stays open until seven.",30,YangLingo Adaptive original practice content,1,
listening,opinion,Daily Life,B1,What time can the speaker meet? [L69],,"[""About 3:30"", ""About 1:30"", ""Before breakfast"", ""Exactly noon""]",About 1:30,"Listen for meaning, keyword, and paraphrase.","I can meet you after lunch, around half past one.",30,YangLingo Adaptive original practice content,1,
listening,longer_monologue,Daily Life,B1,Why did they choose the smaller room? [L70],,"[""It was brighter"", ""It was quieter"", ""It was closer"", ""It was cheaper""]",It was quieter,"Listen for meaning, keyword, and paraphrase.",We chose the smaller room because it was quieter.,30,YangLingo Adaptive original practice content,1,
listening,information_recognition,Daily Life,B1,When is the meeting now? [L71],,"[""Monday evening"", ""Friday afternoon"", ""Saturday night"", ""Thursday morning""]",Friday afternoon,"Listen for meaning, keyword, and paraphrase.",The meeting has been moved to Friday afternoon.,30,YangLingo Adaptive original practice content,1,
listening,information_matching,Daily Life,B1,Where should the package be left? [L72],,"[""In Room 12"", ""At reception"", ""In the car park"", ""At the station""]",At reception,"Listen for meaning, keyword, and paraphrase.",Please leave the package at the reception desk.,30,YangLingo Adaptive original practice content,1,
listening,inference,Daily Life,B1,What stays open until seven? [L73],,"[""The museum"", ""The ticket office"", ""The shop"", ""The café""]",The café,"Listen for meaning, keyword, and paraphrase.","The museum closes at six, but the café stays open until seven.",30,YangLingo Adaptive original practice content,1,
listening,opinion,Daily Life,B1,What time can the speaker meet? [L74],,"[""About 1:30"", ""Before breakfast"", ""Exactly noon"", ""About 3:30""]",About 1:30,"Listen for meaning, keyword, and paraphrase.","I can meet you after lunch, around half past one.",30,YangLingo Adaptive original practice content,1,
listening,longer_monologue,Daily Life,B1,Why did they choose the smaller room? [L75],,"[""It was quieter"", ""It was cheaper"", ""It was brighter"", ""It was closer""]",It was quieter,"Listen for meaning, keyword, and paraphrase.",We chose the smaller room because it was quieter.,30,YangLingo Adaptive original practice content,1,
listening,information_recognition,Daily Life,B1,When is the meeting now? [L76],,"[""Saturday night"", ""Monday evening"", ""Thursday morning"", ""Friday afternoon""]",Friday afternoon,"Listen for meaning, keyword, and paraphrase.",The meeting has been moved to Friday afternoon.,30,YangLingo Adaptive original practice content,1,
listening,information_matching,Daily Life,B1,Where should the package be left? [L77],,"[""In Room 12"", ""In the car park"", ""At reception"", ""At the station""]",At reception,"Listen for meaning, keyword, and paraphrase.",Please leave the package at the reception desk.,30,YangLingo Adaptive original practice content,1,
listening,inference,Daily Life,B1,What stays open until seven? [L78],,"[""The café"", ""The museum"", ""The shop"", ""The ticket office""]",The café,"Listen for meaning, keyword, and paraphrase.","The museum closes at six, but the café stays open until seven.",30,YangLingo Adaptive original practice content,1,
listening,opinion,Daily Life,B1,What time can the speaker meet? [L79],,"[""About 3:30"", ""Exactly noon"", ""Before breakfast"", ""About 1:30""]",About 1:30,"Listen for meaning, keyword, and paraphrase.","I can meet you after lunch, around half past one.",30,YangLingo Adaptive original practice content,1,
listening,longer_monologue,Daily Life,B1,Why did they choose the smaller room? [L80],,"[""It was brighter"", ""It was cheaper"", ""It was closer"", ""It was quieter""]",It was quieter,"Listen for meaning, keyword, and paraphrase.",We chose the smaller room because it was quieter.,30,YangLingo Adaptive original practice content,1,
listening,information_recognition,Daily Life,B1,When is the meeting now? [L81],,"[""Saturday night"", ""Thursday morning"", ""Friday afternoon"", ""Monday evening""]",Friday afternoon,"Listen for meaning, keyword, and paraphrase.",The meeting has been moved to Friday afternoon.,30,YangLingo Adaptive original practice content,1,
listening,information_matching,Daily Life,B1,Where should the package be left? [L82],,"[""At reception"", ""In Room 12"", ""In the car park"", ""At the station""]",At reception,"Listen for meaning, keyword, and paraphrase.",Please leave the package at the reception desk.,30,YangLingo Adaptive original practice content,1,
listening,inference,Daily Life,B1,What stays open until seven? [L83],,"[""The shop"", ""The ticket office"", ""The museum"", ""The café""]",The café,"Listen for meaning, keyword, and paraphrase.","The museum closes at six, but the café stays open until seven.",30,YangLingo Adaptive original practice content,1,
listening,opinion,Daily Life,B1,What time can the speaker meet? [L84],,"[""Exactly noon"", ""Before breakfast"", ""About 3:30"", ""About 1:30""]",About 1:30,"Listen for meaning, keyword, and paraphrase.","I can meet you after lunch, around half past one.",30,YangLingo Adaptive original practice content,1,
listening,longer_monologue,Daily Life,B1,Why did they choose the smaller room? [L85],,"[""It was cheaper"", ""It was closer"", ""It was brighter"", ""It was quieter""]",It was quieter,"Listen for meaning, keyword, and paraphrase.",We chose the smaller room because it was quieter.,30,YangLingo Adaptive original practice content,1,
listening,information_recognition,Daily Life,B1,When is the meeting now? [L86],,"[""Monday evening"", ""Friday afternoon"", ""Thursday morning"", ""Saturday night""]",Friday afternoon,"Listen for meaning, keyword, and paraphrase.",The meeting has been moved to Friday afternoon.,30,YangLingo Adaptive original practice content,1,
listening,information_matching,Daily Life,B1,Where should the package be left? [L87],,"[""At reception"", ""In Room 12"", ""At the station"", ""In the car park""]",At reception,"Listen for meaning, keyword, and paraphrase.",Please leave the package at the reception desk.,30,YangLingo Adaptive original practice content,1,
listening,inference,Daily Life,B1,What stays open until seven? [L88],,"[""The ticket office"", ""The museum"", ""The shop"", ""The café""]",The café,"Listen for meaning, keyword, and paraphrase.","The museum closes at six, but the café stays open until seven.",30,YangLingo Adaptive original practice content,1,
listening,opinion,Daily Life,B1,What time can the speaker meet? [L89],,"[""Exactly noon"", ""About 1:30"", ""Before breakfast"", ""About 3:30""]",About 1:30,"Listen for meaning, keyword, and paraphrase.","I can meet you after lunch, around half past one.",30,YangLingo Adaptive original practice content,1,
listening,longer_monologue,Daily Life,B1,Why did they choose the smaller room? [L90],,"[""It was cheaper"", ""It was closer"", ""It was quieter"", ""It was brighter""]",It was quieter,"Listen for meaning, keyword, and paraphrase.",We chose the smaller room because it was quieter.,30,YangLingo Adaptive original practice content,1,
speaking,speaking_part_1,Hometown,B1,Tell me about hometown in your life. Give one or two details.,,,,"Self-assess task fulfilment, grammar, vocabulary, pronunciation, fluency, and organisation.",,30,YangLingo Adaptive original practice content,1,
speaking,speaking_part_2,Studies,B1,"Describe a picture connected with studies. Mention the place, people, actions, feelings, and atmosphere.",,,,"Self-assess task fulfilment, grammar, vocabulary, pronunciation, fluency, and organisation.",,45,YangLingo Adaptive original practice content,1,
speaking,speaking_part_3,Daily Routine,B1,"Compare two situations related to daily routine. What is similar, what is different, and which do you prefer?",,,,"Self-assess task fulfilment, grammar, vocabulary, pronunciation, fluency, and organisation.",,45,YangLingo Adaptive original practice content,1,
speaking,speaking_part_4,Hobbies,B2,"Give your opinion about hobbies. Explain an advantage, a disadvantage, and one possible future change.",,,,"Self-assess task fulfilment, grammar, vocabulary, pronunciation, fluency, and organisation.",,60,YangLingo Adaptive original practice content,1,
speaking,speaking_part_1,Technology,B1,Tell me about technology in your life. Give one or two details.,,,,"Self-assess task fulfilment, grammar, vocabulary, pronunciation, fluency, and organisation.",,30,YangLingo Adaptive original practice content,1,
speaking,speaking_part_2,Travel,B1,"Describe a picture connected with travel. Mention the place, people, actions, feelings, and atmosphere.",,,,"Self-assess task fulfilment, grammar, vocabulary, pronunciation, fluency, and organisation.",,45,YangLingo Adaptive original practice content,1,
speaking,speaking_part_3,Food,B1,"Compare two situations related to food. What is similar, what is different, and which do you prefer?",,,,"Self-assess task fulfilment, grammar, vocabulary, pronunciation, fluency, and organisation.",,45,YangLingo Adaptive original practice content,1,
speaking,speaking_part_4,Friends,B2,"Give your opinion about friends. Explain an advantage, a disadvantage, and one possible future change.",,,,"Self-assess task fulfilment, grammar, vocabulary, pronunciation, fluency, and organisation.",,60,YangLingo Adaptive original practice content,1,
speaking,speaking_part_1,Work,B1,Tell me about work in your life. Give one or two details.,,,,"Self-assess task fulfilment, grammar, vocabulary, pronunciation, fluency, and organisation.",,30,YangLingo Adaptive original practice content,1,
speaking,speaking_part_2,Education,B1,"Describe a picture connected with education. Mention the place, people, actions, feelings, and atmosphere.",,,,"Self-assess task fulfilment, grammar, vocabulary, pronunciation, fluency, and organisation.",,45,YangLingo Adaptive original practice content,1,
speaking,speaking_part_3,Environment,B1,"Compare two situations related to environment. What is similar, what is different, and which do you prefer?",,,,"Self-assess task fulfilment, grammar, vocabulary, pronunciation, fluency, and organisation.",,45,YangLingo Adaptive original practice content,1,
speaking,speaking_part_4,Health,B2,"Give your opinion about health. Explain an advantage, a disadvantage, and one possible future change.",,,,"Self-assess task fulfilment, grammar, vocabulary, pronunciation, fluency, and organisation.",,60,YangLingo Adaptive original practice content,1,
speaking,speaking_part_1,Hometown,B1,Tell me about hometown in your life. Give one or two details. Refer to a recent example.,,,,"Self-assess task fulfilment, grammar, vocabulary, pronunciation, fluency, and organisation.",,30,YangLingo Adaptive original practice content,1,
speaking,speaking_part_2,Studies,B1,"Describe a picture connected with studies. Mention the place, people, actions, feelings, and atmosphere. Refer to a recent example.",,,,"Self-assess task fulfilment, grammar, vocabulary, pronunciation, fluency, and organisation.",,45,YangLingo Adaptive original practice content,1,
speaking,speaking_part_3,Daily Routine,B1,"Compare two situations related to daily routine. What is similar, what is different, and which do you prefer? Refer to a recent example.",,,,"Self-assess task fulfilment, grammar, vocabulary, pronunciation, fluency, and organisation.",,45,YangLingo Adaptive original practice content,1,
speaking,speaking_part_4,Hobbies,B2,"Give your opinion about hobbies. Explain an advantage, a disadvantage, and one possible future change. Refer to a recent example.",,,,"Self-assess task fulfilment, grammar, vocabulary, pronunciation, fluency, and organisation.",,60,YangLingo Adaptive original practice content,1,
speaking,speaking_part_1,Technology,B1,Tell me about technology in your life. Give one or two details. Refer to a recent example.,,,,"Self-assess task fulfilment, grammar, vocabulary, pronunciation, fluency, and organisation.",,30,YangLingo Adaptive original practice content,1,
speaking,speaking_part_2,Travel,B1,"Describe a picture connected with travel. Mention the place, people, actions, feelings, and atmosphere. Refer to a recent example.",,,,"Self-assess task fulfilment, grammar, vocabulary, pronunciation, fluency, and organisation.",,45,YangLingo Adaptive original practice content,1,
speaking,speaking_part_3,Food,B1,"Compare two situations related to food. What is similar, what is different, and which do you prefer? Refer to a recent example.",,,,"Self-assess task fulfilment, grammar, vocabulary, pronunciation, fluency, and organisation.",,45,YangLingo Adaptive original practice content,1,
speaking,speaking_part_4,Friends,B2,"Give your opinion about friends. Explain an advantage, a disadvantage, and one possible future change. Refer to a recent example.",,,,"Self-assess task fulfilment, grammar, vocabulary, pronunciation, fluency, and organisation.",,60,YangLingo Adaptive original practice content,1,
speaking,speaking_part_1,Work,B1,Tell me about work in your life. Give one or two details. Refer to a recent example.,,,,"Self-assess task fulfilment, grammar, vocabulary, pronunciation, fluency, and organisation.",,30,YangLingo Adaptive original practice content,1,
speaking,speaking_part_2,Education,B1,"Describe a picture connected with education. Mention the place, people, actions, feelings, and atmosphere. Refer to a recent example.",,,,"Self-assess task fulfilment, grammar, vocabulary, pronunciation, fluency, and organisation.",,45,YangLingo Adaptive original practice content,1,
speaking,speaking_part_3,Environment,B1,"Compare two situations related to environment. What is similar, what is different, and which do you prefer? Refer to a recent example.",,,,"Self-assess task fulfilment, grammar, vocabulary, pronunciation, fluency, and organisation.",,45,YangLingo Adaptive original practice content,1,
speaking,speaking_part_4,Health,B2,"Give your opinion about health. Explain an advantage, a disadvantage, and one possible future change. Refer to a recent example.",,,,"Self-assess task fulfilment, grammar, vocabulary, pronunciation, fluency, and organisation.",,60,YangLingo Adaptive original practice content,1,
speaking,speaking_part_1,Hometown,B1,Tell me about hometown in your life. Give one or two details. Explain why it matters to you.,,,,"Self-assess task fulfilment, grammar, vocabulary, pronunciation, fluency, and organisation.",,30,YangLingo Adaptive original practice content,1,
speaking,speaking_part_2,Studies,B1,"Describe a picture connected with studies. Mention the place, people, actions, feelings, and atmosphere. Explain why it matters to you.",,,,"Self-assess task fulfilment, grammar, vocabulary, pronunciation, fluency, and organisation.",,45,YangLingo Adaptive original practice content,1,
speaking,speaking_part_3,Daily Routine,B1,"Compare two situations related to daily routine. What is similar, what is different, and which do you prefer? Explain why it matters to you.",,,,"Self-assess task fulfilment, grammar, vocabulary, pronunciation, fluency, and organisation.",,45,YangLingo Adaptive original practice content,1,
speaking,speaking_part_4,Hobbies,B2,"Give your opinion about hobbies. Explain an advantage, a disadvantage, and one possible future change. Explain why it matters to you.",,,,"Self-assess task fulfilment, grammar, vocabulary, pronunciation, fluency, and organisation.",,60,YangLingo Adaptive original practice content,1,
speaking,speaking_part_1,Technology,B1,Tell me about technology in your life. Give one or two details. Explain why it matters to you.,,,,"Self-assess task fulfilment, grammar, vocabulary, pronunciation, fluency, and organisation.",,30,YangLingo Adaptive original practice content,1,
speaking,speaking_part_2,Travel,B1,"Describe a picture connected with travel. Mention the place, people, actions, feelings, and atmosphere. Explain why it matters to you.",,,,"Self-assess task fulfilment, grammar, vocabulary, pronunciation, fluency, and organisation.",,45,YangLingo Adaptive original practice content,1,
speaking,speaking_part_3,Food,B1,"Compare two situations related to food. What is similar, what is different, and which do you prefer? Explain why it matters to you.",,,,"Self-assess task fulfilment, grammar, vocabulary, pronunciation, fluency, and organisation.",,45,YangLingo Adaptive original practice content,1,
speaking,speaking_part_4,Friends,B2,"Give your opinion about friends. Explain an advantage, a disadvantage, and one possible future change. Explain why it matters to you.",,,,"Self-assess task fulfilment, grammar, vocabulary, pronunciation, fluency, and organisation.",,60,YangLingo Adaptive original practice content,1,
speaking,speaking_part_1,Work,B1,Tell me about work in your life. Give one or two details. Explain why it matters to you.,,,,"Self-assess task fulfilment, grammar, vocabulary, pronunciation, fluency, and organisation.",,30,YangLingo Adaptive original practice content,1,
speaking,speaking_part_2,Education,B1,"Describe a picture connected with education. Mention the place, people, actions, feelings, and atmosphere. Explain why it matters to you.",,,,"Self-assess task fulfilment, grammar, vocabulary, pronunciation, fluency, and organisation.",,45,YangLingo Adaptive original practice content,1,
speaking,speaking_part_3,Environment,B1,"Compare two situations related to environment. What is similar, what is different, and which do you prefer? Explain why it matters to you.",,,,"Self-assess task fulfilment, grammar, vocabulary, pronunciation, fluency, and organisation.",,45,YangLingo Adaptive original practice content,1,
speaking,speaking_part_4,Health,B2,"Give your opinion about health. Explain an advantage, a disadvantage, and one possible future change. Explain why it matters to you.",,,,"Self-assess task fulfilment, grammar, vocabulary, pronunciation, fluency, and organisation.",,60,YangLingo Adaptive original practice content,1,
speaking,speaking_part_1,Hometown,B1,Tell me about hometown in your life. Give one or two details. Mention one change you have noticed.,,,,"Self-assess task fulfilment, grammar, vocabulary, pronunciation, fluency, and organisation.",,30,YangLingo Adaptive original practice content,1,
speaking,speaking_part_2,Studies,B1,"Describe a picture connected with studies. Mention the place, people, actions, feelings, and atmosphere. Mention one change you have noticed.",,,,"Self-assess task fulfilment, grammar, vocabulary, pronunciation, fluency, and organisation.",,45,YangLingo Adaptive original practice content,1,
speaking,speaking_part_3,Daily Routine,B1,"Compare two situations related to daily routine. What is similar, what is different, and which do you prefer? Mention one change you have noticed.",,,,"Self-assess task fulfilment, grammar, vocabulary, pronunciation, fluency, and organisation.",,45,YangLingo Adaptive original practice content,1,
speaking,speaking_part_4,Hobbies,B2,"Give your opinion about hobbies. Explain an advantage, a disadvantage, and one possible future change. Mention one change you have noticed.",,,,"Self-assess task fulfilment, grammar, vocabulary, pronunciation, fluency, and organisation.",,60,YangLingo Adaptive original practice content,1,
speaking,speaking_part_1,Technology,B1,Tell me about technology in your life. Give one or two details. Mention one change you have noticed.,,,,"Self-assess task fulfilment, grammar, vocabulary, pronunciation, fluency, and organisation.",,30,YangLingo Adaptive original practice content,1,
speaking,speaking_part_2,Travel,B1,"Describe a picture connected with travel. Mention the place, people, actions, feelings, and atmosphere. Mention one change you have noticed.",,,,"Self-assess task fulfilment, grammar, vocabulary, pronunciation, fluency, and organisation.",,45,YangLingo Adaptive original practice content,1,
speaking,speaking_part_3,Food,B1,"Compare two situations related to food. What is similar, what is different, and which do you prefer? Mention one change you have noticed.",,,,"Self-assess task fulfilment, grammar, vocabulary, pronunciation, fluency, and organisation.",,45,YangLingo Adaptive original practice content,1,
speaking,speaking_part_4,Friends,B2,"Give your opinion about friends. Explain an advantage, a disadvantage, and one possible future change. Mention one change you have noticed.",,,,"Self-assess task fulfilment, grammar, vocabulary, pronunciation, fluency, and organisation.",,60,YangLingo Adaptive original practice content,1,
speaking,speaking_part_1,Work,B1,Tell me about work in your life. Give one or two details. Mention one change you have noticed.,,,,"Self-assess task fulfilment, grammar, vocabulary, pronunciation, fluency, and organisation.",,30,YangLingo Adaptive original practice content,1,
speaking,speaking_part_2,Education,B1,"Describe a picture connected with education. Mention the place, people, actions, feelings, and atmosphere. Mention one change you have noticed.",,,,"Self-assess task fulfilment, grammar, vocabulary, pronunciation, fluency, and organisation.",,45,YangLingo Adaptive original practice content,1,
speaking,speaking_part_3,Environment,B1,"Compare two situations related to environment. What is similar, what is different, and which do you prefer? Mention one change you have noticed.",,,,"Self-assess task fulfilment, grammar, vocabulary, pronunciation, fluency, and organisation.",,45,YangLingo Adaptive original practice content,1,
speaking,speaking_part_4,Health,B2,"Give your opinion about health. Explain an advantage, a disadvantage, and one possible future change. Mention one change you have noticed.",,,,"Self-assess task fulfilment, grammar, vocabulary, pronunciation, fluency, and organisation.",,60,YangLingo Adaptive original practice content,1,
speaking,speaking_part_1,Hometown,B1,Tell me about hometown in your life. Give one or two details. Include a specific example.,,,,"Self-assess task fulfilment, grammar, vocabulary, pronunciation, fluency, and organisation.",,30,YangLingo Adaptive original practice content,1,
speaking,speaking_part_2,Studies,B1,"Describe a picture connected with studies. Mention the place, people, actions, feelings, and atmosphere. Include a specific example.",,,,"Self-assess task fulfilment, grammar, vocabulary, pronunciation, fluency, and organisation.",,45,YangLingo Adaptive original practice content,1,
speaking,speaking_part_3,Daily Routine,B1,"Compare two situations related to daily routine. What is similar, what is different, and which do you prefer? Include a specific example.",,,,"Self-assess task fulfilment, grammar, vocabulary, pronunciation, fluency, and organisation.",,45,YangLingo Adaptive original practice content,1,
speaking,speaking_part_4,Hobbies,B2,"Give your opinion about hobbies. Explain an advantage, a disadvantage, and one possible future change. Include a specific example.",,,,"Self-assess task fulfilment, grammar, vocabulary, pronunciation, fluency, and organisation.",,60,YangLingo Adaptive original practice content,1,
speaking,speaking_part_1,Technology,B1,Tell me about technology in your life. Give one or two details. Include a specific example.,,,,"Self-assess task fulfilment, grammar, vocabulary, pronunciation, fluency, and organisation.",,30,YangLingo Adaptive original practice content,1,
speaking,speaking_part_2,Travel,B1,"Describe a picture connected with travel. Mention the place, people, actions, feelings, and atmosphere. Include a specific example.",,,,"Self-assess task fulfilment, grammar, vocabulary, pronunciation, fluency, and organisation.",,45,YangLingo Adaptive original practice content,1,
speaking,speaking_part_3,Food,B1,"Compare two situations related to food. What is similar, what is different, and which do you prefer? Include a specific example.",,,,"Self-assess task fulfilment, grammar, vocabulary, pronunciation, fluency, and organisation.",,45,YangLingo Adaptive original practice content,1,
speaking,speaking_part_4,Friends,B2,"Give your opinion about friends. Explain an advantage, a disadvantage, and one possible future change. Include a specific example.",,,,"Self-assess task fulfilment, grammar, vocabulary, pronunciation, fluency, and organisation.",,60,YangLingo Adaptive original practice content,1,
speaking,speaking_part_1,Work,B1,Tell me about work in your life. Give one or two details. Include a specific example.,,,,"Self-assess task fulfilment, grammar, vocabulary, pronunciation, fluency, and organisation.",,30,YangLingo Adaptive original practice content,1,
speaking,speaking_part_2,Education,B1,"Describe a picture connected with education. Mention the place, people, actions, feelings, and atmosphere. Include a specific example.",,,,"Self-assess task fulfilment, grammar, vocabulary, pronunciation, fluency, and organisation.",,45,YangLingo Adaptive original practice content,1,
speaking,speaking_part_3,Environment,B1,"Compare two situations related to environment. What is similar, what is different, and which do you prefer? Include a specific example.",,,,"Self-assess task fulfilment, grammar, vocabulary, pronunciation, fluency, and organisation.",,45,YangLingo Adaptive original practice content,1,
speaking,speaking_part_4,Health,B2,"Give your opinion about health. Explain an advantage, a disadvantage, and one possible future change. Include a specific example.",,,,"Self-assess task fulfilment, grammar, vocabulary, pronunciation, fluency, and organisation.",,60,YangLingo Adaptive original practice content,1,
speaking,speaking_part_1,Hometown,B1,Tell me about hometown in your life. Give one or two details. Describe how it affects your routine.,,,,"Self-assess task fulfilment, grammar, vocabulary, pronunciation, fluency, and organisation.",,30,YangLingo Adaptive original practice content,1,
speaking,speaking_part_2,Studies,B1,"Describe a picture connected with studies. Mention the place, people, actions, feelings, and atmosphere. Describe how it affects your routine.",,,,"Self-assess task fulfilment, grammar, vocabulary, pronunciation, fluency, and organisation.",,45,YangLingo Adaptive original practice content,1,
speaking,speaking_part_3,Daily Routine,B1,"Compare two situations related to daily routine. What is similar, what is different, and which do you prefer? Describe how it affects your routine.",,,,"Self-assess task fulfilment, grammar, vocabulary, pronunciation, fluency, and organisation.",,45,YangLingo Adaptive original practice content,1,
speaking,speaking_part_4,Hobbies,B2,"Give your opinion about hobbies. Explain an advantage, a disadvantage, and one possible future change. Describe how it affects your routine.",,,,"Self-assess task fulfilment, grammar, vocabulary, pronunciation, fluency, and organisation.",,60,YangLingo Adaptive original practice content,1,
writing,writing_part_1,Book Club,B1,Answer briefly: Why are you interested in the book club?,,,,"Use the appropriate register and check task completion, grammar, vocabulary, organisation, coherence, and word count.",,180,YangLingo Adaptive original practice content,1,
writing,writing_part_2,Sports Centre,B1,You have just joined the sports centre. Write 20–30 words to introduce yourself and explain what you hope to do.,,,,"Use the appropriate register and check task completion, grammar, vocabulary, organisation, coherence, and word count.",,420,YangLingo Adaptive original practice content,1,
writing,writing_part_3,Technology Club,B1,A member of the technology club asks what activity should be organised next month. Write a short reply with a reason.,,,,"Use the appropriate register and check task completion, grammar, vocabulary, organisation, coherence, and word count.",,600,YangLingo Adaptive original practice content,1,
writing,writing_part_4,Library,B2,The library has announced a change that may inconvenience members. Write an informal message to a friend and a formal email to the manager explaining your reaction and suggesting a practical solution.,,,,"Use the appropriate register and check task completion, grammar, vocabulary, organisation, coherence, and word count.",,1200,YangLingo Adaptive original practice content,1,
writing,writing_part_1,Community Event,B1,Answer briefly: Why are you interested in the community event?,,,,"Use the appropriate register and check task completion, grammar, vocabulary, organisation, coherence, and word count.",,180,YangLingo Adaptive original practice content,1,
writing,writing_part_2,Photography Club,B1,You have just joined the photography club. Write 20–30 words to introduce yourself and explain what you hope to do.,,,,"Use the appropriate register and check task completion, grammar, vocabulary, organisation, coherence, and word count.",,420,YangLingo Adaptive original practice content,1,
writing,writing_part_3,Language Course,B1,A member of the language course asks what activity should be organised next month. Write a short reply with a reason.,,,,"Use the appropriate register and check task completion, grammar, vocabulary, organisation, coherence, and word count.",,600,YangLingo Adaptive original practice content,1,
writing,writing_part_4,Environment Group,B2,The environment group has announced a change that may inconvenience members. Write an informal message to a friend and a formal email to the manager explaining your reaction and suggesting a practical solution.,,,,"Use the appropriate register and check task completion, grammar, vocabulary, organisation, coherence, and word count.",,1200,YangLingo Adaptive original practice content,1,
writing,writing_part_1,Book Club,B1,Answer briefly: Why are you interested in the book club? Refer to a recent example.,,,,"Use the appropriate register and check task completion, grammar, vocabulary, organisation, coherence, and word count.",,180,YangLingo Adaptive original practice content,1,
writing,writing_part_2,Sports Centre,B1,You have just joined the sports centre. Write 20–30 words to introduce yourself and explain what you hope to do. Refer to a recent example.,,,,"Use the appropriate register and check task completion, grammar, vocabulary, organisation, coherence, and word count.",,420,YangLingo Adaptive original practice content,1,
writing,writing_part_3,Technology Club,B1,A member of the technology club asks what activity should be organised next month. Write a short reply with a reason. Refer to a recent example.,,,,"Use the appropriate register and check task completion, grammar, vocabulary, organisation, coherence, and word count.",,600,YangLingo Adaptive original practice content,1,
writing,writing_part_4,Library,B2,The library has announced a change that may inconvenience members. Write an informal message to a friend and a formal email to the manager explaining your reaction and suggesting a practical solution. Refer to a recent example.,,,,"Use the appropriate register and check task completion, grammar, vocabulary, organisation, coherence, and word count.",,1200,YangLingo Adaptive original practice content,1,
writing,writing_part_1,Community Event,B1,Answer briefly: Why are you interested in the community event? Refer to a recent example.,,,,"Use the appropriate register and check task completion, grammar, vocabulary, organisation, coherence, and word count.",,180,YangLingo Adaptive original practice content,1,
writing,writing_part_2,Photography Club,B1,You have just joined the photography club. Write 20–30 words to introduce yourself and explain what you hope to do. Refer to a recent example.,,,,"Use the appropriate register and check task completion, grammar, vocabulary, organisation, coherence, and word count.",,420,YangLingo Adaptive original practice content,1,
writing,writing_part_3,Language Course,B1,A member of the language course asks what activity should be organised next month. Write a short reply with a reason. Refer to a recent example.,,,,"Use the appropriate register and check task completion, grammar, vocabulary, organisation, coherence, and word count.",,600,YangLingo Adaptive original practice content,1,
writing,writing_part_4,Environment Group,B2,The environment group has announced a change that may inconvenience members. Write an informal message to a friend and a formal email to the manager explaining your reaction and suggesting a practical solution. Refer to a recent example.,,,,"Use the appropriate register and check task completion, grammar, vocabulary, organisation, coherence, and word count.",,1200,YangLingo Adaptive original practice content,1,
writing,writing_part_1,Book Club,B1,Answer briefly: Why are you interested in the book club? Explain why it matters to you.,,,,"Use the appropriate register and check task completion, grammar, vocabulary, organisation, coherence, and word count.",,180,YangLingo Adaptive original practice content,1,
writing,writing_part_2,Sports Centre,B1,You have just joined the sports centre. Write 20–30 words to introduce yourself and explain what you hope to do. Explain why it matters to you.,,,,"Use the appropriate register and check task completion, grammar, vocabulary, organisation, coherence, and word count.",,420,YangLingo Adaptive original practice content,1,
writing,writing_part_3,Technology Club,B1,A member of the technology club asks what activity should be organised next month. Write a short reply with a reason. Explain why it matters to you.,,,,"Use the appropriate register and check task completion, grammar, vocabulary, organisation, coherence, and word count.",,600,YangLingo Adaptive original practice content,1,
writing,writing_part_4,Library,B2,The library has announced a change that may inconvenience members. Write an informal message to a friend and a formal email to the manager explaining your reaction and suggesting a practical solution. Explain why it matters to you.,,,,"Use the appropriate register and check task completion, grammar, vocabulary, organisation, coherence, and word count.",,1200,YangLingo Adaptive original practice content,1,
writing,writing_part_1,Community Event,B1,Answer briefly: Why are you interested in the community event? Explain why it matters to you.,,,,"Use the appropriate register and check task completion, grammar, vocabulary, organisation, coherence, and word count.",,180,YangLingo Adaptive original practice content,1,
writing,writing_part_2,Photography Club,B1,You have just joined the photography club. Write 20–30 words to introduce yourself and explain what you hope to do. Explain why it matters to you.,,,,"Use the appropriate register and check task completion, grammar, vocabulary, organisation, coherence, and word count.",,420,YangLingo Adaptive original practice content,1,
writing,writing_part_3,Language Course,B1,A member of the language course asks what activity should be organised next month. Write a short reply with a reason. Explain why it matters to you.,,,,"Use the appropriate register and check task completion, grammar, vocabulary, organisation, coherence, and word count.",,600,YangLingo Adaptive original practice content,1,
writing,writing_part_4,Environment Group,B2,The environment group has announced a change that may inconvenience members. Write an informal message to a friend and a formal email to the manager explaining your reaction and suggesting a practical solution. Explain why it matters to you.,,,,"Use the appropriate register and check task completion, grammar, vocabulary, organisation, coherence, and word count.",,1200,YangLingo Adaptive original practice content,1,
writing,writing_part_1,Book Club,B1,Answer briefly: Why are you interested in the book club? Mention one change you have noticed.,,,,"Use the appropriate register and check task completion, grammar, vocabulary, organisation, coherence, and word count.",,180,YangLingo Adaptive original practice content,1,
writing,writing_part_2,Sports Centre,B1,You have just joined the sports centre. Write 20–30 words to introduce yourself and explain what you hope to do. Mention one change you have noticed.,,,,"Use the appropriate register and check task completion, grammar, vocabulary, organisation, coherence, and word count.",,420,YangLingo Adaptive original practice content,1,
writing,writing_part_3,Technology Club,B1,A member of the technology club asks what activity should be organised next month. Write a short reply with a reason. Mention one change you have noticed.,,,,"Use the appropriate register and check task completion, grammar, vocabulary, organisation, coherence, and word count.",,600,YangLingo Adaptive original practice content,1,
writing,writing_part_4,Library,B2,The library has announced a change that may inconvenience members. Write an informal message to a friend and a formal email to the manager explaining your reaction and suggesting a practical solution. Mention one change you have noticed.,,,,"Use the appropriate register and check task completion, grammar, vocabulary, organisation, coherence, and word count.",,1200,YangLingo Adaptive original practice content,1,
writing,writing_part_1,Community Event,B1,Answer briefly: Why are you interested in the community event? Mention one change you have noticed.,,,,"Use the appropriate register and check task completion, grammar, vocabulary, organisation, coherence, and word count.",,180,YangLingo Adaptive original practice content,1,
writing,writing_part_2,Photography Club,B1,You have just joined the photography club. Write 20–30 words to introduce yourself and explain what you hope to do. Mention one change you have noticed.,,,,"Use the appropriate register and check task completion, grammar, vocabulary, organisation, coherence, and word count.",,420,YangLingo Adaptive original practice content,1,
writing,writing_part_3,Language Course,B1,A member of the language course asks what activity should be organised next month. Write a short reply with a reason. Mention one change you have noticed.,,,,"Use the appropriate register and check task completion, grammar, vocabulary, organisation, coherence, and word count.",,600,YangLingo Adaptive original practice content,1,
writing,writing_part_4,Environment Group,B2,The environment group has announced a change that may inconvenience members. Write an informal message to a friend and a formal email to the manager explaining your reaction and suggesting a practical solution. Mention one change you have noticed.,,,,"Use the appropriate register and check task completion, grammar, vocabulary, organisation, coherence, and word count.",,1200,YangLingo Adaptive original practice content,1,
writing,writing_part_1,Book Club,B1,Answer briefly: Why are you interested in the book club? Include a specific example.,,,,"Use the appropriate register and check task completion, grammar, vocabulary, organisation, coherence, and word count.",,180,YangLingo Adaptive original practice content,1,
writing,writing_part_2,Sports Centre,B1,You have just joined the sports centre. Write 20–30 words to introduce yourself and explain what you hope to do. Include a specific example.,,,,"Use the appropriate register and check task completion, grammar, vocabulary, organisation, coherence, and word count.",,420,YangLingo Adaptive original practice content,1,
writing,writing_part_3,Technology Club,B1,A member of the technology club asks what activity should be organised next month. Write a short reply with a reason. Include a specific example.,,,,"Use the appropriate register and check task completion, grammar, vocabulary, organisation, coherence, and word count.",,600,YangLingo Adaptive original practice content,1,
writing,writing_part_4,Library,B2,The library has announced a change that may inconvenience members. Write an informal message to a friend and a formal email to the manager explaining your reaction and suggesting a practical solution. Include a specific example.,,,,"Use the appropriate register and check task completion, grammar, vocabulary, organisation, coherence, and word count.",,1200,YangLingo Adaptive original practice content,1,
writing,writing_part_1,Community Event,B1,Answer briefly: Why are you interested in the community event? Include a specific example.,,,,"Use the appropriate register and check task completion, grammar, vocabulary, organisation, coherence, and word count.",,180,YangLingo Adaptive original practice content,1,
writing,writing_part_2,Photography Club,B1,You have just joined the photography club. Write 20–30 words to introduce yourself and explain what you hope to do. Include a specific example.,,,,"Use the appropriate register and check task completion, grammar, vocabulary, organisation, coherence, and word count.",,420,YangLingo Adaptive original practice content,1,
writing,writing_part_3,Language Course,B1,A member of the language course asks what activity should be organised next month. Write a short reply with a reason. Include a specific example.,,,,"Use the appropriate register and check task completion, grammar, vocabulary, organisation, coherence, and word count.",,600,YangLingo Adaptive original practice content,1,
writing,writing_part_4,Environment Group,B2,The environment group has announced a change that may inconvenience members. Write an informal message to a friend and a formal email to the manager explaining your reaction and suggesting a practical solution. Include a specific example.,,,,"Use the appropriate register and check task completion, grammar, vocabulary, organisation, coherence, and word count.",,1200,YangLingo Adaptive original practice content,1,
writing,writing_part_1,Book Club,B1,Answer briefly: Why are you interested in the book club? Describe how it affects your routine.,,,,"Use the appropriate register and check task completion, grammar, vocabulary, organisation, coherence, and word count.",,180,YangLingo Adaptive original practice content,1,
writing,writing_part_2,Sports Centre,B1,You have just joined the sports centre. Write 20–30 words to introduce yourself and explain what you hope to do. Describe how it affects your routine.,,,,"Use the appropriate register and check task completion, grammar, vocabulary, organisation, coherence, and word count.",,420,YangLingo Adaptive original practice content,1,
writing,writing_part_3,Technology Club,B1,A member of the technology club asks what activity should be organised next month. Write a short reply with a reason. Describe how it affects your routine.,,,,"Use the appropriate register and check task completion, grammar, vocabulary, organisation, coherence, and word count.",,600,YangLingo Adaptive original practice content,1,
writing,writing_part_4,Library,B2,The library has announced a change that may inconvenience members. Write an informal message to a friend and a formal email to the manager explaining your reaction and suggesting a practical solution. Describe how it affects your routine.,,,,"Use the appropriate register and check task completion, grammar, vocabulary, organisation, coherence, and word count.",,1200,YangLingo Adaptive original practice content,1,
writing,writing_part_1,Community Event,B1,Answer briefly: Why are you interested in the community event? Describe how it affects your routine.,,,,"Use the appropriate register and check task completion, grammar, vocabulary, organisation, coherence, and word count.",,180,YangLingo Adaptive original practice content,1,
writing,writing_part_2,Photography Club,B1,You have just joined the photography club. Write 20–30 words to introduce yourself and explain what you hope to do. Describe how it affects your routine.,,,,"Use the appropriate register and check task completion, grammar, vocabulary, organisation, coherence, and word count.",,420,YangLingo Adaptive original practice content,1,
writing,writing_part_3,Language Course,B1,A member of the language course asks what activity should be organised next month. Write a short reply with a reason. Describe how it affects your routine.,,,,"Use the appropriate register and check task completion, grammar, vocabulary, organisation, coherence, and word count.",,600,YangLingo Adaptive original practice content,1,
writing,writing_part_4,Environment Group,B2,The environment group has announced a change that may inconvenience members. Write an informal message to a friend and a formal email to the manager explaining your reaction and suggesting a practical solution. Describe how it affects your routine.,,,,"Use the appropriate register and check task completion, grammar, vocabulary, organisation, coherence, and word count.",,1200,YangLingo Adaptive original practice content,1,
writing,writing_part_1,Book Club,B1,Answer briefly: Why are you interested in the book club? Mention what you would like to improve.,,,,"Use the appropriate register and check task completion, grammar, vocabulary, organisation, coherence, and word count.",,180,YangLingo Adaptive original practice content,1,
writing,writing_part_2,Sports Centre,B1,You have just joined the sports centre. Write 20–30 words to introduce yourself and explain what you hope to do. Mention what you would like to improve.,,,,"Use the appropriate register and check task completion, grammar, vocabulary, organisation, coherence, and word count.",,420,YangLingo Adaptive original practice content,1,
writing,writing_part_3,Technology Club,B1,A member of the technology club asks what activity should be organised next month. Write a short reply with a reason. Mention what you would like to improve.,,,,"Use the appropriate register and check task completion, grammar, vocabulary, organisation, coherence, and word count.",,600,YangLingo Adaptive original practice content,1,
writing,writing_part_4,Library,B2,The library has announced a change that may inconvenience members. Write an informal message to a friend and a formal email to the manager explaining your reaction and suggesting a practical solution. Mention what you would like to improve.,,,,"Use the appropriate register and check task completion, grammar, vocabulary, organisation, coherence, and word count.",,1200,YangLingo Adaptive original practice content,1,
writing,writing_part_1,Community Event,B1,Answer briefly: Why are you interested in the community event? Mention what you would like to improve.,,,,"Use the appropriate register and check task completion, grammar, vocabulary, organisation, coherence, and word count.",,180,YangLingo Adaptive original practice content,1,
writing,writing_part_2,Photography Club,B1,You have just joined the photography club. Write 20–30 words to introduce yourself and explain what you hope to do. Mention what you would like to improve.,,,,"Use the appropriate register and check task completion, grammar, vocabulary, organisation, coherence, and word count.",,420,YangLingo Adaptive original practice content,1,
writing,writing_part_3,Language Course,B1,A member of the language course asks what activity should be organised next month. Write a short reply with a reason. Mention what you would like to improve.,,,,"Use the appropriate register and check task completion, grammar, vocabulary, organisation, coherence, and word count.",,600,YangLingo Adaptive original practice content,1,
writing,writing_part_4,Environment Group,B2,The environment group has announced a change that may inconvenience members. Write an informal message to a friend and a formal email to the manager explaining your reaction and suggesting a practical solution. Mention what you would like to improve.,,,,"Use the appropriate register and check task completion, grammar, vocabulary, organisation, coherence, and word count.",,1200,YangLingo Adaptive original practice content,1,
writing,writing_part_1,Book Club,B1,Answer briefly: Why are you interested in the book club? Give one reason for your view.,,,,"Use the appropriate register and check task completion, grammar, vocabulary, organisation, coherence, and word count.",,180,YangLingo Adaptive original practice content,1,
writing,writing_part_2,Sports Centre,B1,You have just joined the sports centre. Write 20–30 words to introduce yourself and explain what you hope to do. Give one reason for your view.,,,,"Use the appropriate register and check task completion, grammar, vocabulary, organisation, coherence, and word count.",,420,YangLingo Adaptive original practice content,1,
writing,writing_part_3,Technology Club,B1,A member of the technology club asks what activity should be organised next month. Write a short reply with a reason. Give one reason for your view.,,,,"Use the appropriate register and check task completion, grammar, vocabulary, organisation, coherence, and word count.",,600,YangLingo Adaptive original practice content,1,
writing,writing_part_4,Library,B2,The library has announced a change that may inconvenience members. Write an informal message to a friend and a formal email to the manager explaining your reaction and suggesting a practical solution. Give one reason for your view.,,,,"Use the appropriate register and check task completion, grammar, vocabulary, organisation, coherence, and word count.",,1200,YangLingo Adaptive original practice content,1,
writing,writing_part_1,Community Event,B1,Answer briefly: Why are you interested in the community event? Give one reason for your view.,,,,"Use the appropriate register and check task completion, grammar, vocabulary, organisation, coherence, and word count.",,180,YangLingo Adaptive original practice content,1,
writing,writing_part_2,Photography Club,B1,You have just joined the photography club. Write 20–30 words to introduce yourself and explain what you hope to do. Give one reason for your view.,,,,"Use the appropriate register and check task completion, grammar, vocabulary, organisation, coherence, and word count.",,420,YangLingo Adaptive original practice content,1,
writing,writing_part_3,Language Course,B1,A member of the language course asks what activity should be organised next month. Write a short reply with a reason. Give one reason for your view.,,,,"Use the appropriate register and check task completion, grammar, vocabulary, organisation, coherence, and word count.",,600,YangLingo Adaptive original practice content,1,
writing,writing_part_4,Environment Group,B2,The environment group has announced a change that may inconvenience members. Write an informal message to a friend and a formal email to the manager explaining your reaction and suggesting a practical solution. Give one reason for your view.,,,,"Use the appropriate register and check task completion, grammar, vocabulary, organisation, coherence, and word count.",,1200,YangLingo Adaptive original practice content,1,
